PDB,IgM_chain,IgM_residue,FcµR_chain,FcµR_residue,distance,interaction_type
source_file/7YTE,A,LEU466,C,THR60,2.8023534,h_bond
source_file/7YTE,A,LEU466,C,THR110,2.6929128,h_bond
source_file/7YTE,A,ARG467,C,THR60,2.9150326,h_bond
source_file/7YTE,A,ARG467,C,THR57,2.9177923,h_bond
source_file/7YTE,B,LEU466,D,THR110,2.6542912,h_bond
source_file/7YTE,B,ARG467,D,THR60,2.8791323,h_bond
source_file/7YTE,B,ARG467,D,ASP111,2.9424093,other
source_file/7YTE,B,ARG467,D,ASP111,2.9588628,other
source_file/7YTE,B,ARG467,D,THR57,2.8621218,h_bond
source_file/7YTE,B,GLU526,D,LYS69,2.6314042,salt_bridge
source_file/7YTC,B,GLU468,R,SER63,2.5613985,h_bond
source_file/7YTC,B,GLU468,R,THR65,2.5937643,h_bond
source_file/7YTC,L,THR571,R,ARG112,2.8008368,h_bond
source_file/7YTD,A,ARG514,R,ASN66,2.9084122,salt_bridge
source_file/7YTD,B,ARG467,R,CYS58,2.7939572,h_bond
source_file/7YTD,B,GLU468,R,PHE67,2.9628646,other
source_file/7YTD,C,ARG514,S,ASN66,2.9362028,h_bond
source_file/7YTD,D,ASN465,S,ASN109,2.9531353,h_bond
source_file/7YTD,D,LEU466,S,THR110,2.6457336,h_bond
source_file/7YTD,D,GLU468,S,PHE67,2.979971,other
source_file/7YTD,F,ASN465,U,THR110,2.87956,h_bond
source_file/7YTD,F,ASN465,U,ASN109,2.8497846,h_bond
source_file/7YTD,F,LEU466,U,THR110,2.5950692,h_bond
source_file/7YTD,F,LEU466,U,THR60,2.4486356,h_bond
source_file/7YTD,F,GLU468,U,PHE67,2.867431,other
source_file/7YTD,G,ALA511,V,ASN66,1.9490514,other
source_file/7YTD,H,ASN465,V,THR110,2.9149368,h_bond
source_file/7YTD,H,LEU466,V,THR110,2.8283873,h_bond
source_file/7YTD,H,LEU466,V,ARG45,2.9960146,h_bond
source_file/7YTD,H,GLU468,V,THR65,2.1996021,h_bond
source_file/7YSG,E,LEU466,U,THR110,2.5856202,h_bond
source_file/7YSG,E,ARG467,U,ASP111,2.477174,salt_bridge
source_file/7YSG,E,ARG467,U,ASP111,2.9515676,salt_bridge
source_file/7YSG,E,ARG467,U,THR57,2.5445364,h_bond
source_file/7YSG,E,GLU468,U,THR65,2.9863193,other
source_file/7YSG,E,GLU468,U,THR65,2.7312515,h_bond
source_file/7YSG,E,GLU468,U,ARG45,2.428042,salt_bridge
source_file/7YSG,E,GLU468,U,THR65,2.540327,h_bond
source_file/7YSG,K,LEU466,R,THR110,2.8560147,h_bond
source_file/7YSG,K,ARG467,R,THR60,2.9138374,h_bond
source_file/7YSG,K,ARG467,R,THR57,2.5202975,h_bond
source_file/7YSG,K,ARG467,R,ASP111,2.4581556,salt_bridge
source_file/7YSG,K,GLU468,R,PHE67,2.807576,other
source_file/7YSG,K,GLU468,R,ARG45,2.8395183,salt_bridge
source_file/7YSG,K,GLU468,R,SER63,2.578875,h_bond
source_file/7YSG,J,SER65,R,ARG112,2.690274,h_bond
source_file/7YSG,J,SER65,R,ARG112,2.5370393,h_bond
source_file/7YSG,K,GLN493,S,HIS43,2.5817,h_bond
source_file/7YSG,H,ARG514,S,ASN66,2.86995,salt_bridge
source_file/7YSG,D,ARG514,V,ASN66,2.6738074,h_bond
source_file/7YSG,D,ARG514,V,ASN66,2.9351852,salt_bridge
source_file/7YSG,D,ARG514,V,ASN66,2.9184399,other
source_file/8BPE,A,ARG514,I,ASN66,2.7544992,salt_bridge
source_file/8BPE,B,LEU466,I,ARG45,2.9733362,h_bond
source_file/8BPE,B,GLU468,I,SER63,2.9545631,h_bond
source_file/8BPE,I,ILE19,I,ILE19,2.4422066,other
source_file/8BPE,I,ILE19,I,ILE19,1.456463,other
source_file/8BPE,I,ILE19,I,ILE19,2.6975684,h_bond
source_file/8BPE,I,ILE19,I,ILE19,0.0,h_bond
source_file/8BPE,I,ILE19,I,ILE19,2.4735765,other
source_file/8BPE,I,ILE19,I,ILE19,1.5267941,hydrophobic
source_file/8BPE,I,ILE19,I,ILE19,0.0,hydrophobic
source_file/8BPE,I,ILE19,I,ILE19,2.4015183,other
source_file/8BPE,I,ILE19,I,ILE19,1.456463,other
source_file/8BPE,I,ILE19,I,ILE19,1.5428475,hydrophobic
source_file/8BPE,I,ILE19,I,ILE19,2.5245273,hydrophobic
source_file/8BPE,I,ILE19,I,ILE19,2.5272598,hydrophobic
source_file/8BPE,I,ILE19,I,LEU20,2.4243586,other
source_file/8BPE,I,ILE19,I,ILE19,0.0,hydrophobic
source_file/8BPE,I,ILE19,I,ILE19,1.5267941,hydrophobic
source_file/8BPE,I,ILE19,I,ILE19,1.2304404,other
source_file/8BPE,I,ILE19,I,ILE19,2.4422066,other
source_file/8BPE,I,ILE19,I,ILE19,2.5355759,hydrophobic
source_file/8BPE,I,ILE19,I,ILE19,2.7953644,hydrophobic
source_file/8BPE,I,ILE19,I,LEU20,2.4479318,hydrophobic
source_file/8BPE,I,ILE19,I,LEU20,1.3261231,other
source_file/8BPE,I,ILE19,I,ILE19,1.2304404,other
source_file/8BPE,I,ILE19,I,ILE19,2.4015183,other
source_file/8BPE,I,ILE19,I,ILE19,0.0,h_bond
source_file/8BPE,I,ILE19,I,ILE19,2.6975684,h_bond
source_file/8BPE,I,ILE19,I,LEU20,2.8024886,other
source_file/8BPE,I,ILE19,I,LEU20,2.2475183,h_bond
source_file/8BPE,I,ILE19,I,ILE19,2.5355759,hydrophobic
source_file/8BPE,I,ILE19,I,ILE19,1.5428475,hydrophobic
source_file/8BPE,I,ILE19,I,ILE19,2.4735765,other
source_file/8BPE,I,ILE19,I,ILE19,0.0,hydrophobic
source_file/8BPE,I,ILE19,I,ILE19,1.5228696,hydrophobic
source_file/8BPE,I,ILE19,I,ILE19,1.531802,hydrophobic
source_file/8BPE,I,ILE19,I,ILE19,2.5502777,hydrophobic
source_file/8BPE,I,ILE19,I,ILE19,2.5272598,hydrophobic
source_file/8BPE,I,ILE19,I,ILE19,1.531802,hydrophobic
source_file/8BPE,I,ILE19,I,ILE19,2.5159762,hydrophobic
source_file/8BPE,I,ILE19,I,ILE19,0.0,hydrophobic
source_file/8BPE,I,ILE19,I,ILE19,1.5116005,hydrophobic
source_file/8BPE,I,ILE19,I,ILE19,2.7953644,hydrophobic
source_file/8BPE,I,ILE19,I,ILE19,2.5245273,hydrophobic
source_file/8BPE,I,ILE19,I,ILE19,1.5228696,hydrophobic
source_file/8BPE,I,ILE19,I,ILE19,0.0,hydrophobic
source_file/8BPE,I,ILE19,I,ILE19,2.5159762,hydrophobic
source_file/8BPE,I,ILE19,I,ILE19,2.5502777,hydrophobic
source_file/8BPE,I,ILE19,I,ILE19,1.5116005,hydrophobic
source_file/8BPE,I,ILE19,I,ILE19,0.0,hydrophobic
source_file/8BPE,I,LEU20,I,LEU20,2.4624336,other
source_file/8BPE,I,LEU20,I,ILE19,1.3261231,other
source_file/8BPE,I,LEU20,I,ILE19,2.4243586,other
source_file/8BPE,I,LEU20,I,ILE19,2.2475183,h_bond
source_file/8BPE,I,LEU20,I,LEU20,2.653174,h_bond
source_file/8BPE,I,LEU20,I,LEU20,2.4126813,other
source_file/8BPE,I,LEU20,I,LEU20,1.453636,other
source_file/8BPE,I,LEU20,I,LEU20,0.0,h_bond
source_file/8BPE,I,LEU20,I,LEU20,1.535965,hydrophobic
source_file/8BPE,I,LEU20,I,LEU20,2.5585387,hydrophobic
source_file/8BPE,I,LEU20,I,LEU20,2.9073691,hydrophobic
source_file/8BPE,I,LEU20,I,PRO21,2.9697628,hydrophobic
source_file/8BPE,I,LEU20,I,PRO21,2.4657764,other
source_file/8BPE,I,LEU20,I,ILE19,2.4479318,hydrophobic
source_file/8BPE,I,LEU20,I,ILE19,2.8024886,other
source_file/8BPE,I,LEU20,I,LEU20,2.3940837,other
source_file/8BPE,I,LEU20,I,LEU20,1.5215286,hydrophobic
source_file/8BPE,I,LEU20,I,LEU20,0.0,hydrophobic
source_file/8BPE,I,LEU20,I,LEU20,1.453636,other
source_file/8BPE,I,LEU20,I,LEU20,2.5269732,hydrophobic
source_file/8BPE,I,LEU20,I,PRO21,2.536669,hydrophobic
source_file/8BPE,I,LEU20,I,PRO21,1.3534914,other
source_file/8BPE,I,LEU20,I,LEU20,1.2355086,other
source_file/8BPE,I,LEU20,I,LEU20,0.0,hydrophobic
source_file/8BPE,I,LEU20,I,LEU20,1.5215286,hydrophobic
source_file/8BPE,I,LEU20,I,PRO21,2.4580152,hydrophobic
source_file/8BPE,I,LEU20,I,LEU20,2.4126813,other
source_file/8BPE,I,LEU20,I,PRO21,2.263168,h_bond
source_file/8BPE,I,LEU20,I,PRO21,2.7777019,h_bond
source_file/8BPE,I,LEU20,I,PRO21,2.8222437,other
source_file/8BPE,I,LEU20,I,LEU20,0.0,h_bond
source_file/8BPE,I,LEU20,I,LEU20,1.2355086,other
source_file/8BPE,I,LEU20,I,LEU20,2.3940837,other
source_file/8BPE,I,LEU20,I,PRO21,2.7731497,other
source_file/8BPE,I,LEU20,I,LEU20,2.653174,h_bond
source_file/8BPE,I,LEU20,I,GLU22,2.760782,h_bond
source_file/8BPE,I,LEU20,I,GLU22,2.8598993,h_bond
source_file/8BPE,I,LEU20,I,LEU20,2.5262532,hydrophobic
source_file/8BPE,I,LEU20,I,LEU20,0.0,hydrophobic
source_file/8BPE,I,LEU20,I,LEU20,1.5328321,hydrophobic
source_file/8BPE,I,LEU20,I,LEU20,2.513968,hydrophobic
source_file/8BPE,I,LEU20,I,LEU20,2.5269732,hydrophobic
source_file/8BPE,I,LEU20,I,LEU20,1.535965,hydrophobic
source_file/8BPE,I,LEU20,I,LEU20,2.4624336,other
source_file/8BPE,I,LEU20,I,LEU20,1.5177135,hydrophobic
source_file/8BPE,I,LEU20,I,LEU20,1.5328321,hydrophobic
source_file/8BPE,I,LEU20,I,LEU20,0.0,hydrophobic
source_file/8BPE,I,LEU20,I,LEU20,1.52188,hydrophobic
source_file/8BPE,I,LEU20,I,LEU20,2.5585387,hydrophobic
source_file/8BPE,I,LEU20,I,LEU20,0.0,hydrophobic
source_file/8BPE,I,LEU20,I,LEU20,2.5262532,hydrophobic
source_file/8BPE,I,LEU20,I,LEU20,1.5177135,hydrophobic
source_file/8BPE,I,LEU20,I,LEU20,2.4982088,hydrophobic
source_file/8BPE,I,LEU20,I,LEU20,2.4982088,hydrophobic
source_file/8BPE,I,LEU20,I,LEU20,2.513968,hydrophobic
source_file/8BPE,I,LEU20,I,LEU20,1.52188,hydrophobic
source_file/8BPE,I,LEU20,I,LEU20,0.0,hydrophobic
source_file/8BPE,I,LEU20,I,LEU20,2.9073691,hydrophobic
source_file/8BPE,I,PRO21,I,PRO21,1.4753975,other
source_file/8BPE,I,PRO21,I,PRO21,0.0,h_bond
source_file/8BPE,I,PRO21,I,PRO21,2.3511183,other
source_file/8BPE,I,PRO21,I,PRO21,2.3404913,other
source_file/8BPE,I,PRO21,I,PRO21,2.8650522,h_bond
source_file/8BPE,I,PRO21,I,PRO21,2.5435066,other
source_file/8BPE,I,PRO21,I,LEU20,2.263168,h_bond
source_file/8BPE,I,PRO21,I,LEU20,1.3534914,other
source_file/8BPE,I,PRO21,I,LEU20,2.4657764,other
source_file/8BPE,I,PRO21,I,PRO21,1.4744748,other
source_file/8BPE,I,PRO21,I,PRO21,2.4393735,hydrophobic
source_file/8BPE,I,PRO21,I,PRO21,1.4744748,other
source_file/8BPE,I,PRO21,I,PRO21,1.5331414,hydrophobic
source_file/8BPE,I,PRO21,I,PRO21,2.3779137,hydrophobic
source_file/8BPE,I,PRO21,I,PRO21,2.4099004,other
source_file/8BPE,I,PRO21,I,PRO21,1.5222102,hydrophobic
source_file/8BPE,I,PRO21,I,LEU20,2.7731497,other
source_file/8BPE,I,PRO21,I,LEU20,2.4580152,hydrophobic
source_file/8BPE,I,PRO21,I,PRO21,0.0,hydrophobic
source_file/8BPE,I,PRO21,I,GLU22,2.4172177,other
source_file/8BPE,I,PRO21,I,PRO21,2.5435066,other
source_file/8BPE,I,PRO21,I,PRO21,2.5109742,hydrophobic
source_file/8BPE,I,PRO21,I,PRO21,1.2345296,other
source_file/8BPE,I,PRO21,I,PRO21,0.0,hydrophobic
source_file/8BPE,I,PRO21,I,LEU20,2.8222437,other
source_file/8BPE,I,PRO21,I,PRO21,1.5222102,hydrophobic
source_file/8BPE,I,PRO21,I,GLU22,2.945647,other
source_file/8BPE,I,PRO21,I,GLU22,2.4614604,hydrophobic
source_file/8BPE,I,PRO21,I,GLU22,1.3358108,other
source_file/8BPE,I,PRO21,I,PRO21,2.8650522,h_bond
source_file/8BPE,I,PRO21,I,PRO21,0.0,h_bond
source_file/8BPE,I,PRO21,I,PRO21,1.2345296,other
source_file/8BPE,I,PRO21,I,LEU20,2.7777019,h_bond
source_file/8BPE,I,PRO21,I,PRO21,2.4099004,other
source_file/8BPE,I,PRO21,I,GLU22,2.8195598,other
source_file/8BPE,I,PRO21,I,GLU22,2.2603955,h_bond
source_file/8BPE,I,PRO21,I,PRO21,2.384989,hydrophobic
source_file/8BPE,I,PRO21,I,PRO21,2.3511183,other
source_file/8BPE,I,PRO21,I,PRO21,0.0,hydrophobic
source_file/8BPE,I,PRO21,I,PRO21,1.4788309,hydrophobic
source_file/8BPE,I,PRO21,I,PRO21,2.5109742,hydrophobic
source_file/8BPE,I,PRO21,I,PRO21,1.5331414,hydrophobic
source_file/8BPE,I,PRO21,I,PRO21,1.5037391,hydrophobic
source_file/8BPE,I,PRO21,I,PRO21,2.3404913,other
source_file/8BPE,I,PRO21,I,PRO21,1.4788309,hydrophobic
source_file/8BPE,I,PRO21,I,PRO21,0.0,hydrophobic
source_file/8BPE,I,PRO21,I,PRO21,2.3779137,hydrophobic
source_file/8BPE,I,PRO21,I,PRO21,0.0,hydrophobic
source_file/8BPE,I,PRO21,I,PRO21,1.4753975,other
source_file/8BPE,I,PRO21,I,PRO21,2.384989,hydrophobic
source_file/8BPE,I,PRO21,I,PRO21,1.5037391,hydrophobic
source_file/8BPE,I,PRO21,I,LEU20,2.536669,hydrophobic
source_file/8BPE,I,PRO21,I,LEU20,2.9697628,hydrophobic
source_file/8BPE,I,PRO21,I,PRO21,2.4393735,hydrophobic
source_file/8BPE,I,GLU22,I,PRO21,2.2603955,h_bond
source_file/8BPE,I,GLU22,I,PRO21,1.3358108,other
source_file/8BPE,I,GLU22,I,PRO21,2.4172177,other
source_file/8BPE,I,GLU22,I,GLU22,2.6889095,h_bond
source_file/8BPE,I,GLU22,I,VAL23,2.8353226,h_bond
source_file/8BPE,I,GLU22,I,GLU22,2.4497561,other
source_file/8BPE,I,GLU22,I,GLU22,1.4587492,other
source_file/8BPE,I,GLU22,I,GLU22,0.0,h_bond
source_file/8BPE,I,GLU22,I,GLU22,2.4735148,other
source_file/8BPE,I,GLU22,I,PRO21,2.8195598,other
source_file/8BPE,I,GLU22,I,PRO21,2.4614604,hydrophobic
source_file/8BPE,I,GLU22,I,VAL23,2.4367397,other
source_file/8BPE,I,GLU22,I,GLU22,1.5231848,hydrophobic
source_file/8BPE,I,GLU22,I,GLU22,2.396408,other
source_file/8BPE,I,GLU22,I,GLU22,0.0,hydrophobic
source_file/8BPE,I,GLU22,I,GLU22,1.4587492,other
source_file/8BPE,I,GLU22,I,GLU22,1.534909,hydrophobic
source_file/8BPE,I,GLU22,I,GLU22,2.5996294,hydrophobic
source_file/8BPE,I,GLU22,I,VAL23,1.3375238,other
source_file/8BPE,I,GLU22,I,GLU22,0.0,hydrophobic
source_file/8BPE,I,GLU22,I,GLU22,1.2356251,other
source_file/8BPE,I,GLU22,I,GLU22,1.5231848,hydrophobic
source_file/8BPE,I,GLU22,I,GLU22,2.4497561,other
source_file/8BPE,I,GLU22,I,GLU22,2.494639,hydrophobic
source_file/8BPE,I,GLU22,I,VAL23,2.9249797,hydrophobic
source_file/8BPE,I,GLU22,I,VAL23,2.4424553,hydrophobic
source_file/8BPE,I,GLU22,I,VAL23,2.262626,h_bond
source_file/8BPE,I,GLU22,I,GLU22,1.2356251,other
source_file/8BPE,I,GLU22,I,GLU22,0.0,h_bond
source_file/8BPE,I,GLU22,I,GLU22,2.396408,other
source_file/8BPE,I,GLU22,I,GLU22,2.6858368,other
source_file/8BPE,I,GLU22,I,VAL23,2.7860854,other
source_file/8BPE,I,GLU22,I,VAL23,2.7855086,other
source_file/8BPE,I,GLU22,I,GLU22,2.5477808,hydrophobic
source_file/8BPE,I,GLU22,I,GLU22,2.8294303,other
source_file/8BPE,I,GLU22,I,GLU22,2.494639,hydrophobic
source_file/8BPE,I,GLU22,I,GLU22,2.6858368,other
source_file/8BPE,I,GLU22,I,GLU22,1.534909,hydrophobic
source_file/8BPE,I,GLU22,I,GLU22,2.4735148,other
source_file/8BPE,I,GLU22,I,GLU22,0.0,hydrophobic
source_file/8BPE,I,GLU22,I,GLU22,1.5267556,hydrophobic
source_file/8BPE,I,GLU22,I,GLU22,2.374206,other
source_file/8BPE,I,GLU22,I,GLU22,1.5140474,hydrophobic
source_file/8BPE,I,GLU22,I,GLU22,2.3787003,other
source_file/8BPE,I,GLU22,I,GLU22,2.5996294,hydrophobic
source_file/8BPE,I,GLU22,I,GLU22,1.5267556,hydrophobic
source_file/8BPE,I,GLU22,I,GLU22,0.0,hydrophobic
source_file/8BPE,I,GLU22,I,GLU22,1.2480224,other
source_file/8BPE,I,GLU22,I,GLU22,0.0,hydrophobic
source_file/8BPE,I,GLU22,I,GLU22,1.2482123,other
source_file/8BPE,I,GLU22,I,GLU22,2.5477808,hydrophobic
source_file/8BPE,I,GLU22,I,GLU22,1.5140474,hydrophobic
source_file/8BPE,I,GLU22,I,LEU20,2.760782,h_bond
source_file/8BPE,I,GLU22,I,GLU22,0.0,h_bond
source_file/8BPE,I,GLU22,I,GLU22,1.2480224,other
source_file/8BPE,I,GLU22,I,GLU22,2.195621,h_bond
source_file/8BPE,I,GLU22,I,GLU22,2.374206,other
source_file/8BPE,I,GLU22,I,PRO21,2.945647,other
source_file/8BPE,I,GLU22,I,LEU20,2.8598993,h_bond
source_file/8BPE,I,GLU22,I,GLU22,2.195621,h_bond
source_file/8BPE,I,GLU22,I,GLU22,1.2482123,other
source_file/8BPE,I,GLU22,I,GLU22,0.0,h_bond
source_file/8BPE,I,GLU22,I,GLU22,2.6889095,h_bond
source_file/8BPE,I,GLU22,I,GLU22,2.8294303,other
source_file/8BPE,I,GLU22,I,GLU22,2.3787003,other
source_file/8BPE,I,VAL23,I,VAL23,2.8440073,other
source_file/8BPE,I,VAL23,I,VAL23,0.0,h_bond
source_file/8BPE,I,VAL23,I,GLU22,1.3375238,other
source_file/8BPE,I,VAL23,I,GLU22,2.262626,h_bond
source_file/8BPE,I,VAL23,I,GLU22,2.4367397,other
source_file/8BPE,I,VAL23,I,GLU22,2.8353226,h_bond
source_file/8BPE,I,VAL23,I,VAL23,2.4487386,other
source_file/8BPE,I,VAL23,I,VAL23,2.4552846,other
source_file/8BPE,I,VAL23,I,VAL23,1.4585856,other
source_file/8BPE,I,VAL23,I,VAL23,2.8141556,h_bond
source_file/8BPE,I,VAL23,I,VAL23,2.5123835,hydrophobic
source_file/8BPE,I,VAL23,I,VAL23,1.4585856,other
source_file/8BPE,I,VAL23,I,GLU22,2.4424553,hydrophobic
source_file/8BPE,I,VAL23,I,GLU22,2.7855086,other
source_file/8BPE,I,VAL23,I,VAL23,2.5204902,hydrophobic
source_file/8BPE,I,VAL23,I,VAL23,1.5232325,hydrophobic
source_file/8BPE,I,VAL23,I,VAL23,1.5387366,hydrophobic
source_file/8BPE,I,VAL23,I,LYS24,2.4234016,other
source_file/8BPE,I,VAL23,I,VAL23,0.0,hydrophobic
source_file/8BPE,I,VAL23,I,VAL23,2.4081311,other
source_file/8BPE,I,VAL23,I,VAL23,2.4487386,other
source_file/8BPE,I,VAL23,I,GLU22,2.9249797,hydrophobic
source_file/8BPE,I,VAL23,I,GLU22,2.7860854,other
source_file/8BPE,I,VAL23,I,VAL23,0.0,hydrophobic
source_file/8BPE,I,VAL23,I,VAL23,2.5263736,hydrophobic
source_file/8BPE,I,VAL23,I,LYS24,1.3315107,other
source_file/8BPE,I,VAL23,I,VAL23,1.5232325,hydrophobic
source_file/8BPE,I,VAL23,I,VAL23,1.2351968,other
source_file/8BPE,I,VAL23,I,LYS24,2.4493997,hydrophobic
source_file/8BPE,I,VAL23,I,VAL23,2.8141556,h_bond
source_file/8BPE,I,VAL23,I,VAL23,1.2351968,other
source_file/8BPE,I,VAL23,I,LYS24,2.2529845,h_bond
source_file/8BPE,I,VAL23,I,VAL23,2.4081311,other
source_file/8BPE,I,VAL23,I,VAL23,0.0,h_bond
source_file/8BPE,I,VAL23,I,LYS24,2.79597,other
source_file/8BPE,I,VAL23,I,VAL23,1.5213209,hydrophobic
source_file/8BPE,I,VAL23,I,VAL23,2.4552846,other
source_file/8BPE,I,VAL23,I,VAL23,1.5222412,hydrophobic
source_file/8BPE,I,VAL23,I,VAL23,2.5263736,hydrophobic
source_file/8BPE,I,VAL23,I,VAL23,0.0,hydrophobic
source_file/8BPE,I,VAL23,I,VAL23,1.5387366,hydrophobic
source_file/8BPE,I,VAL23,I,VAL23,2.5075264,hydrophobic
source_file/8BPE,I,VAL23,I,VAL23,0.0,hydrophobic
source_file/8BPE,I,VAL23,I,VAL23,1.5222412,hydrophobic
source_file/8BPE,I,VAL23,I,VAL23,2.5204902,hydrophobic
source_file/8BPE,I,VAL23,I,VAL23,0.0,hydrophobic
source_file/8BPE,I,VAL23,I,VAL23,2.8440073,other
source_file/8BPE,I,VAL23,I,VAL23,2.5075264,hydrophobic
source_file/8BPE,I,VAL23,I,VAL23,1.5213209,hydrophobic
source_file/8BPE,I,VAL23,I,VAL23,2.5123835,hydrophobic
source_file/8BPE,I,LYS24,I,LYS24,2.7864966,h_bond
source_file/8BPE,I,LYS24,I,VAL23,1.3315107,other
source_file/8BPE,I,LYS24,I,LYS24,0.0,h_bond
source_file/8BPE,I,LYS24,I,VAL23,2.4234016,other
source_file/8BPE,I,LYS24,I,LYS24,2.435846,other
source_file/8BPE,I,LYS24,I,VAL23,2.2529845,h_bond
source_file/8BPE,I,LYS24,I,LYS24,1.456103,other
source_file/8BPE,I,LYS24,I,LYS24,2.4680457,other
source_file/8BPE,I,LYS24,I,LYS24,2.3989823,other
source_file/8BPE,I,LYS24,I,VAL23,2.4493997,hydrophobic
source_file/8BPE,I,LYS24,I,LYS24,1.456103,other
source_file/8BPE,I,LYS24,I,VAL25,2.421858,other
source_file/8BPE,I,LYS24,I,LYS24,1.5206811,hydrophobic
source_file/8BPE,I,LYS24,I,VAL23,2.79597,other
source_file/8BPE,I,LYS24,I,LYS24,0.0,hydrophobic
source_file/8BPE,I,LYS24,I,LYS24,2.567669,hydrophobic
source_file/8BPE,I,LYS24,I,LYS24,1.5343361,hydrophobic
source_file/8BPE,I,LYS24,I,LYS24,1.2349782,other
source_file/8BPE,I,LYS24,I,LYS24,2.435846,other
source_file/8BPE,I,LYS24,I,VAL25,2.448669,hydrophobic
source_file/8BPE,I,LYS24,I,VAL25,1.3318329,other
source_file/8BPE,I,LYS24,I,LYS24,0.0,hydrophobic
source_file/8BPE,I,LYS24,I,LYS24,1.5206811,hydrophobic
source_file/8BPE,I,LYS24,I,LYS24,2.5020962,hydrophobic
source_file/8BPE,I,LYS24,I,LYS24,0.0,h_bond
source_file/8BPE,I,LYS24,I,LYS24,2.7864966,h_bond
source_file/8BPE,I,LYS24,I,VAL25,2.8037765,other
source_file/8BPE,I,LYS24,I,VAL25,2.258866,h_bond
source_file/8BPE,I,LYS24,I,LYS24,1.2349782,other
source_file/8BPE,I,LYS24,I,LYS24,2.3989823,other
source_file/8BPE,I,LYS24,I,LYS24,2.4680457,other
source_file/8BPE,I,LYS24,I,LYS24,2.5020962,hydrophobic
source_file/8BPE,I,LYS24,I,LYS24,1.5343361,hydrophobic
source_file/8BPE,I,LYS24,I,LYS24,1.5208042,hydrophobic
source_file/8BPE,I,LYS24,I,LYS24,0.0,hydrophobic
source_file/8BPE,I,LYS24,I,LYS24,2.5104153,hydrophobic
source_file/8BPE,I,LYS24,I,LYS24,2.567669,hydrophobic
source_file/8BPE,I,LYS24,I,LYS24,0.0,hydrophobic
source_file/8BPE,I,LYS24,I,LYS24,1.5208042,hydrophobic
source_file/8BPE,I,LYS24,I,LYS24,1.5208935,hydrophobic
source_file/8BPE,I,LYS24,I,LYS24,2.5101993,hydrophobic
source_file/8BPE,I,LYS24,I,LYS24,1.5208935,hydrophobic
source_file/8BPE,I,LYS24,I,LYS24,2.5104153,hydrophobic
source_file/8BPE,I,LYS24,I,LYS24,0.0,hydrophobic
source_file/8BPE,I,LYS24,I,LYS24,1.5186775,hydrophobic
source_file/8BPE,I,LYS24,I,LYS24,2.4891214,other
source_file/8BPE,I,LYS24,I,LYS24,2.5101993,hydrophobic
source_file/8BPE,I,LYS24,I,LYS24,1.5186775,hydrophobic
source_file/8BPE,I,LYS24,I,LYS24,0.0,hydrophobic
source_file/8BPE,I,LYS24,I,LYS24,1.4885321,other
source_file/8BPE,I,LYS24,I,LYS24,2.4891214,other
source_file/8BPE,I,LYS24,I,LYS24,1.4885321,other
source_file/8BPE,I,LYS24,I,LYS24,0.0,h_bond
source_file/8BPE,I,VAL25,I,VAL25,2.4849617,other
source_file/8BPE,I,VAL25,I,LYS24,2.258866,h_bond
source_file/8BPE,I,VAL25,I,VAL25,2.4232118,other
source_file/8BPE,I,VAL25,I,VAL25,1.4569113,other
source_file/8BPE,I,VAL25,I,VAL25,0.0,h_bond
source_file/8BPE,I,VAL25,I,LYS24,1.3318329,other
source_file/8BPE,I,VAL25,I,LYS24,2.421858,other
source_file/8BPE,I,VAL25,I,VAL25,2.700197,h_bond
source_file/8BPE,I,VAL25,I,VAL25,2.5284417,hydrophobic
source_file/8BPE,I,VAL25,I,VAL25,2.5351558,hydrophobic
source_file/8BPE,I,VAL25,I,VAL25,1.5471454,hydrophobic
source_file/8BPE,I,VAL25,I,LYS24,2.8037765,other
source_file/8BPE,I,VAL25,I,GLU26,2.4202392,other
source_file/8BPE,I,VAL25,I,VAL25,1.5229851,hydrophobic
source_file/8BPE,I,VAL25,I,VAL25,0.0,hydrophobic
source_file/8BPE,I,VAL25,I,VAL25,1.4569113,other
source_file/8BPE,I,VAL25,I,LYS24,2.448669,hydrophobic
source_file/8BPE,I,VAL25,I,VAL25,2.4072428,other
source_file/8BPE,I,VAL25,I,VAL25,2.8817236,hydrophobic
source_file/8BPE,I,VAL25,I,VAL25,2.5307024,hydrophobic
source_file/8BPE,I,VAL25,I,GLU26,1.3300979,other
source_file/8BPE,I,VAL25,I,VAL25,0.0,hydrophobic
source_file/8BPE,I,VAL25,I,VAL25,1.5229851,hydrophobic
source_file/8BPE,I,VAL25,I,VAL25,2.4232118,other
source_file/8BPE,I,VAL25,I,GLU26,2.450123,hydrophobic
source_file/8BPE,I,VAL25,I,VAL25,1.2349687,other
source_file/8BPE,I,VAL25,I,GLU26,2.2534118,h_bond
source_file/8BPE,I,VAL25,I,VAL25,1.2349687,other
source_file/8BPE,I,VAL25,I,VAL25,2.4072428,other
source_file/8BPE,I,VAL25,I,VAL25,2.700197,h_bond
source_file/8BPE,I,VAL25,I,THR119,2.7934608,h_bond
source_file/8BPE,I,VAL25,I,GLU26,2.801869,other
source_file/8BPE,I,VAL25,I,VAL25,0.0,h_bond
source_file/8BPE,I,VAL25,I,VAL25,1.5235648,hydrophobic
source_file/8BPE,I,VAL25,I,VAL25,1.5261343,hydrophobic
source_file/8BPE,I,VAL25,I,VAL25,0.0,hydrophobic
source_file/8BPE,I,VAL25,I,VAL25,2.5307024,hydrophobic
source_file/8BPE,I,VAL25,I,VAL25,1.5471454,hydrophobic
source_file/8BPE,I,VAL25,I,VAL25,2.4849617,other
source_file/8BPE,I,VAL25,I,VAL25,0.0,hydrophobic
source_file/8BPE,I,VAL25,I,VAL25,2.5183947,hydrophobic
source_file/8BPE,I,VAL25,I,VAL25,1.5235648,hydrophobic
source_file/8BPE,I,VAL25,I,VAL25,2.8817236,hydrophobic
source_file/8BPE,I,VAL25,I,VAL25,2.5284417,hydrophobic
source_file/8BPE,I,VAL25,I,VAL25,2.5183947,hydrophobic
source_file/8BPE,I,VAL25,I,VAL25,0.0,hydrophobic
source_file/8BPE,I,VAL25,I,VAL25,1.5261343,hydrophobic
source_file/8BPE,I,VAL25,I,VAL25,2.5351558,hydrophobic
source_file/8BPE,I,GLU26,I,GLU26,2.6575694,h_bond
source_file/8BPE,I,GLU26,I,GLU26,2.425137,other
source_file/8BPE,I,GLU26,I,GLU26,0.0,h_bond
source_file/8BPE,I,GLU26,I,VAL25,1.3300979,other
source_file/8BPE,I,GLU26,I,VAL25,2.4202392,other
source_file/8BPE,I,GLU26,I,GLU26,1.4562765,other
source_file/8BPE,I,GLU26,I,VAL25,2.2534118,h_bond
source_file/8BPE,I,GLU26,I,GLU26,2.4678829,other
source_file/8BPE,I,GLU26,I,GLU26,2.410933,other
source_file/8BPE,I,GLU26,I,GLU26,1.5255632,hydrophobic
source_file/8BPE,I,GLU26,I,GLU26,1.4562765,other
source_file/8BPE,I,GLU26,I,VAL25,2.450123,hydrophobic
source_file/8BPE,I,GLU26,I,GLY27,2.4261267,other
source_file/8BPE,I,GLU26,I,GLU26,0.0,hydrophobic
source_file/8BPE,I,GLU26,I,VAL25,2.801869,other
source_file/8BPE,I,GLU26,I,GLU26,1.5338176,hydrophobic
source_file/8BPE,I,GLU26,I,GLU26,2.5650525,hydrophobic
source_file/8BPE,I,GLU26,I,GLY27,2.4143531,hydrophobic
source_file/8BPE,I,GLU26,I,GLU26,1.2354,other
source_file/8BPE,I,GLU26,I,GLU26,0.0,hydrophobic
source_file/8BPE,I,GLU26,I,GLU26,2.425137,other
source_file/8BPE,I,GLU26,I,GLY27,1.3308673,other
source_file/8BPE,I,GLU26,I,GLU26,1.5255632,hydrophobic
source_file/8BPE,I,GLU26,I,GLU26,2.5297346,hydrophobic
source_file/8BPE,I,GLU26,I,GLY27,2.7419667,other
source_file/8BPE,I,GLU26,I,GLU26,0.0,h_bond
source_file/8BPE,I,GLU26,I,GLU26,1.2354,other
source_file/8BPE,I,GLU26,I,GLU26,2.6575694,h_bond
source_file/8BPE,I,GLU26,I,GLY27,2.2511208,h_bond
source_file/8BPE,I,GLU26,I,GLU26,2.410933,other
source_file/8BPE,I,GLU26,I,GLU26,2.5297346,hydrophobic
source_file/8BPE,I,GLU26,I,GLU26,2.4678829,other
source_file/8BPE,I,GLU26,I,GLY27,2.979168,other
source_file/8BPE,I,GLU26,I,GLU26,1.5338176,hydrophobic
source_file/8BPE,I,GLU26,I,GLU26,0.0,hydrophobic
source_file/8BPE,I,GLU26,I,GLU26,1.5174824,hydrophobic
source_file/8BPE,I,GLU26,I,GLU26,2.5192268,hydrophobic
source_file/8BPE,I,GLU26,I,GLU26,2.7070878,other
source_file/8BPE,I,GLU26,I,GLU26,2.5650525,hydrophobic
source_file/8BPE,I,GLU26,I,GLU26,1.5174824,hydrophobic
source_file/8BPE,I,GLU26,I,GLU26,0.0,hydrophobic
source_file/8BPE,I,GLU26,I,GLU26,1.5137796,hydrophobic
source_file/8BPE,I,GLU26,I,GLU26,2.3735406,other
source_file/8BPE,I,GLU26,I,GLU26,2.3798537,other
source_file/8BPE,I,GLU26,I,GLU26,2.5192268,hydrophobic
source_file/8BPE,I,GLU26,I,GLU26,1.5137796,hydrophobic
source_file/8BPE,I,GLU26,I,GLU26,0.0,hydrophobic
source_file/8BPE,I,GLU26,I,GLU26,1.2485876,other
source_file/8BPE,I,GLU26,I,GLU26,1.2490406,other
source_file/8BPE,I,GLU26,I,GLU26,2.7070878,other
source_file/8BPE,I,GLU26,I,GLU26,2.3735406,other
source_file/8BPE,I,GLU26,I,GLU26,1.2485876,other
source_file/8BPE,I,GLU26,I,GLU26,0.0,h_bond
source_file/8BPE,I,GLU26,I,GLU26,2.1972568,h_bond
source_file/8BPE,I,GLU26,I,HIS123,2.681807,h_bond
source_file/8BPE,I,GLU26,I,GLU26,2.3798537,other
source_file/8BPE,I,GLU26,I,GLU26,1.2490406,other
source_file/8BPE,I,GLU26,I,GLU26,2.1972568,h_bond
source_file/8BPE,I,GLU26,I,GLU26,0.0,h_bond
source_file/8BPE,I,GLY27,I,GLY27,1.4499753,other
source_file/8BPE,I,GLY27,I,GLY27,2.5149236,other
source_file/8BPE,I,GLY27,I,GLU26,2.2511208,h_bond
source_file/8BPE,I,GLY27,I,GLU26,1.3308673,other
source_file/8BPE,I,GLY27,I,ASN121,2.8177686,h_bond
source_file/8BPE,I,GLY27,I,GLU28,2.8552973,h_bond
source_file/8BPE,I,GLY27,I,GLY27,0.0,h_bond
source_file/8BPE,I,GLY27,I,GLU26,2.4261267,other
source_file/8BPE,I,GLY27,I,GLU26,2.979168,other
source_file/8BPE,I,GLY27,I,GLY27,2.3826907,other
source_file/8BPE,I,GLY27,I,GLY27,0.0,hydrophobic
source_file/8BPE,I,GLY27,I,GLY27,1.5145206,hydrophobic
source_file/8BPE,I,GLY27,I,GLU26,2.7419667,other
source_file/8BPE,I,GLY27,I,GLU26,2.4143531,hydrophobic
source_file/8BPE,I,GLY27,I,GLU28,2.4352999,other
source_file/8BPE,I,GLY27,I,GLY27,1.4499753,other
source_file/8BPE,I,GLY27,I,GLY27,1.2357627,other
source_file/8BPE,I,GLY27,I,GLY27,1.5145206,hydrophobic
source_file/8BPE,I,GLY27,I,GLY27,0.0,hydrophobic
source_file/8BPE,I,GLY27,I,GLU28,2.9851327,hydrophobic
source_file/8BPE,I,GLY27,I,GLU28,1.332461,other
source_file/8BPE,I,GLY27,I,GLU28,2.4592607,hydrophobic
source_file/8BPE,I,GLY27,I,GLY27,2.5149236,other
source_file/8BPE,I,GLY27,I,GLY27,0.0,h_bond
source_file/8BPE,I,GLY27,I,GLY27,2.3826907,other
source_file/8BPE,I,GLY27,I,GLY27,1.2357627,other
source_file/8BPE,I,GLY27,I,GLU28,2.9110887,other
source_file/8BPE,I,GLY27,I,GLU28,2.2553706,h_bond
source_file/8BPE,I,GLY27,I,GLU28,2.8078592,other
source_file/8BPE,I,GLU28,I,GLY27,2.2553706,h_bond
source_file/8BPE,I,GLU28,I,GLY27,2.4352999,other
source_file/8BPE,I,GLU28,I,GLY27,1.332461,other
source_file/8BPE,I,GLU28,I,GLU28,2.473433,other
source_file/8BPE,I,GLU28,I,LEU29,2.9476867,h_bond
source_file/8BPE,I,GLU28,I,GLU28,2.4658036,other
source_file/8BPE,I,GLU28,I,GLU28,0.0,h_bond
source_file/8BPE,I,GLU28,I,GLU28,1.464279,other
source_file/8BPE,I,GLU28,I,GLY27,2.8552973,h_bond
source_file/8BPE,I,GLU28,I,GLU28,2.4235282,other
source_file/8BPE,I,GLU28,I,GLY27,2.8078592,other
source_file/8BPE,I,GLU28,I,GLY27,2.4592607,hydrophobic
source_file/8BPE,I,GLU28,I,GLU28,1.5316954,hydrophobic
source_file/8BPE,I,GLU28,I,GLU28,2.5637925,hydrophobic
source_file/8BPE,I,GLU28,I,LEU29,2.408111,other
source_file/8BPE,I,GLU28,I,GLU28,1.5319904,hydrophobic
source_file/8BPE,I,GLU28,I,GLU28,1.464279,other
source_file/8BPE,I,GLU28,I,GLU28,0.0,hydrophobic
source_file/8BPE,I,GLU28,I,GLU28,1.2313336,other
source_file/8BPE,I,GLU28,I,GLY27,2.9110887,other
source_file/8BPE,I,GLU28,I,GLY27,2.9851327,hydrophobic
source_file/8BPE,I,GLU28,I,GLU28,2.526291,hydrophobic
source_file/8BPE,I,GLU28,I,LEU29,2.951478,other
source_file/8BPE,I,GLU28,I,LEU29,2.481107,hydrophobic
source_file/8BPE,I,GLU28,I,LEU29,1.3383349,other
source_file/8BPE,I,GLU28,I,GLU28,0.0,hydrophobic
source_file/8BPE,I,GLU28,I,GLU28,2.4658036,other
source_file/8BPE,I,GLU28,I,GLU28,1.5319904,hydrophobic
source_file/8BPE,I,GLU28,I,GLU28,0.0,h_bond
source_file/8BPE,I,GLU28,I,GLU28,2.7765954,other
source_file/8BPE,I,GLU28,I,LEU29,2.8314147,h_bond
source_file/8BPE,I,GLU28,I,LEU29,2.928178,other
source_file/8BPE,I,GLU28,I,LEU29,2.8624866,other
source_file/8BPE,I,GLU28,I,LEU29,2.2682412,h_bond
source_file/8BPE,I,GLU28,I,GLU28,1.2313336,other
source_file/8BPE,I,GLU28,I,GLU28,2.4235282,other
source_file/8BPE,I,GLU28,I,GLU28,2.7765954,other
source_file/8BPE,I,GLU28,I,GLU28,0.0,hydrophobic
source_file/8BPE,I,GLU28,I,GLU28,1.5213747,hydrophobic
source_file/8BPE,I,GLU28,I,GLU28,2.526291,hydrophobic
source_file/8BPE,I,GLU28,I,GLU28,2.473433,other
source_file/8BPE,I,GLU28,I,GLU28,1.5316954,hydrophobic
source_file/8BPE,I,GLU28,I,GLU28,2.8472223,other
source_file/8BPE,I,GLU28,I,GLU28,2.5299528,hydrophobic
source_file/8BPE,I,GLU28,I,GLU28,1.5213747,hydrophobic
source_file/8BPE,I,GLU28,I,GLU28,0.0,hydrophobic
source_file/8BPE,I,GLU28,I,GLU28,2.5637925,hydrophobic
source_file/8BPE,I,GLU28,I,GLU28,2.3824863,other
source_file/8BPE,I,GLU28,I,GLU28,1.5174652,hydrophobic
source_file/8BPE,I,GLU28,I,GLU28,2.3796983,other
source_file/8BPE,I,GLU28,I,GLU28,2.5299528,hydrophobic
source_file/8BPE,I,GLU28,I,GLU28,1.5174652,hydrophobic
source_file/8BPE,I,GLU28,I,GLU28,1.2479166,other
source_file/8BPE,I,GLU28,I,GLU28,0.0,hydrophobic
source_file/8BPE,I,GLU28,I,GLU28,1.2491839,other
source_file/8BPE,I,GLU28,I,GLU28,2.8472223,other
source_file/8BPE,I,GLU28,I,GLU28,2.3824863,other
source_file/8BPE,I,GLU28,I,GLU28,0.0,h_bond
source_file/8BPE,I,GLU28,I,GLU28,1.2479166,other
source_file/8BPE,I,GLU28,I,GLU28,2.1945107,h_bond
source_file/8BPE,I,GLU28,I,GLU28,2.3796983,other
source_file/8BPE,I,GLU28,I,GLU28,2.1945107,h_bond
source_file/8BPE,I,GLU28,I,GLU28,1.2491839,other
source_file/8BPE,I,GLU28,I,GLU28,0.0,h_bond
source_file/8BPE,I,LEU29,I,GLU28,2.2682412,h_bond
source_file/8BPE,I,LEU29,I,LEU29,2.455916,other
source_file/8BPE,I,LEU29,I,LEU29,2.7651427,h_bond
source_file/8BPE,I,LEU29,I,LEU29,2.4721472,other
source_file/8BPE,I,LEU29,I,LEU29,1.4623014,other
source_file/8BPE,I,LEU29,I,LEU29,0.0,h_bond
source_file/8BPE,I,LEU29,I,GLU28,1.3383349,other
source_file/8BPE,I,LEU29,I,GLU28,2.9476867,h_bond
source_file/8BPE,I,LEU29,I,GLU28,2.408111,other
source_file/8BPE,I,LEU29,I,GLY30,2.431195,other
source_file/8BPE,I,LEU29,I,LEU29,2.632075,hydrophobic
source_file/8BPE,I,LEU29,I,GLU28,2.8624866,other
source_file/8BPE,I,LEU29,I,LEU29,1.5260696,hydrophobic
source_file/8BPE,I,LEU29,I,LEU29,2.4048576,other
source_file/8BPE,I,LEU29,I,LEU29,1.5339615,hydrophobic
source_file/8BPE,I,LEU29,I,LEU29,0.0,hydrophobic
source_file/8BPE,I,LEU29,I,LEU29,1.4623014,other
source_file/8BPE,I,LEU29,I,GLU28,2.481107,hydrophobic
source_file/8BPE,I,LEU29,I,GLY30,2.4243567,hydrophobic
source_file/8BPE,I,LEU29,I,GLY30,1.3279787,other
source_file/8BPE,I,LEU29,I,LEU29,0.0,hydrophobic
source_file/8BPE,I,LEU29,I,LEU29,1.2350322,other
source_file/8BPE,I,LEU29,I,LEU29,2.5252051,hydrophobic
source_file/8BPE,I,LEU29,I,LEU29,1.5260696,hydrophobic
source_file/8BPE,I,LEU29,I,LEU29,2.455916,other
source_file/8BPE,I,LEU29,I,GLY30,2.7637198,other
source_file/8BPE,I,LEU29,I,GLY30,2.248182,h_bond
source_file/8BPE,I,LEU29,I,GLU28,2.8314147,h_bond
source_file/8BPE,I,LEU29,I,LEU29,1.2350322,other
source_file/8BPE,I,LEU29,I,LEU29,0.0,h_bond
source_file/8BPE,I,LEU29,I,LEU29,2.4048576,other
source_file/8BPE,I,LEU29,I,LEU29,2.7651427,h_bond
source_file/8BPE,I,LEU29,I,GLU28,2.951478,other
source_file/8BPE,I,LEU29,I,LEU29,2.512716,hydrophobic
source_file/8BPE,I,LEU29,I,LEU29,1.5311469,hydrophobic
source_file/8BPE,I,LEU29,I,GLU28,2.928178,other
source_file/8BPE,I,LEU29,I,LEU29,2.5252051,hydrophobic
source_file/8BPE,I,LEU29,I,LEU29,2.5062563,hydrophobic
source_file/8BPE,I,LEU29,I,LEU29,0.0,hydrophobic
source_file/8BPE,I,LEU29,I,LEU29,1.5339615,hydrophobic
source_file/8BPE,I,LEU29,I,LEU29,2.4721472,other
source_file/8BPE,I,LEU29,I,LEU29,1.5203162,hydrophobic
source_file/8BPE,I,LEU29,I,LEU29,0.0,hydrophobic
source_file/8BPE,I,LEU29,I,LEU29,1.5200382,hydrophobic
source_file/8BPE,I,LEU29,I,LEU29,1.5311469,hydrophobic
source_file/8BPE,I,LEU29,I,LEU29,2.632075,hydrophobic
source_file/8BPE,I,LEU29,I,LEU29,2.4968247,hydrophobic
source_file/8BPE,I,LEU29,I,LEU29,1.5200382,hydrophobic
source_file/8BPE,I,LEU29,I,LEU29,0.0,hydrophobic
source_file/8BPE,I,LEU29,I,LEU29,2.5062563,hydrophobic
source_file/8BPE,I,LEU29,I,LEU29,0.0,hydrophobic
source_file/8BPE,I,LEU29,I,LEU29,1.5203162,hydrophobic
source_file/8BPE,I,LEU29,I,LEU29,2.4968247,hydrophobic
source_file/8BPE,I,LEU29,I,LEU29,2.512716,hydrophobic
source_file/8BPE,I,GLY30,I,GLY30,2.4773803,other
source_file/8BPE,I,GLY30,I,GLY30,2.7762723,h_bond
source_file/8BPE,I,GLY30,I,GLY30,1.4480268,other
source_file/8BPE,I,GLY30,I,GLY30,0.0,h_bond
source_file/8BPE,I,GLY30,I,LEU29,1.3279787,other
source_file/8BPE,I,GLY30,I,LEU29,2.248182,h_bond
source_file/8BPE,I,GLY30,I,LEU29,2.431195,other
source_file/8BPE,I,GLY30,I,GLY31,2.3971488,other
source_file/8BPE,I,GLY30,I,GLY30,1.5182927,hydrophobic
source_file/8BPE,I,GLY30,I,GLY30,2.4200273,other
source_file/8BPE,I,GLY30,I,GLY30,0.0,hydrophobic
source_file/8BPE,I,GLY30,I,GLY30,1.4480268,other
source_file/8BPE,I,GLY30,I,LEU29,2.4243567,hydrophobic
source_file/8BPE,I,GLY30,I,LEU29,2.7637198,other
source_file/8BPE,I,GLY30,I,GLY31,2.4305582,hydrophobic
source_file/8BPE,I,GLY30,I,GLY31,1.3312521,other
source_file/8BPE,I,GLY30,I,GLY30,0.0,hydrophobic
source_file/8BPE,I,GLY30,I,GLY30,1.2316253,other
source_file/8BPE,I,GLY30,I,GLY30,1.5182927,hydrophobic
source_file/8BPE,I,GLY30,I,GLY30,2.4773803,other
source_file/8BPE,I,GLY30,I,GLY31,2.768007,other
source_file/8BPE,I,GLY30,I,GLY31,2.2491915,h_bond
source_file/8BPE,I,GLY30,I,GLY30,1.2316253,other
source_file/8BPE,I,GLY30,I,GLY30,0.0,h_bond
source_file/8BPE,I,GLY30,I,GLY30,2.4200273,other
source_file/8BPE,I,GLY30,I,GLY30,2.7762723,h_bond
source_file/8BPE,I,GLY31,I,GLY31,2.478402,other
source_file/8BPE,I,GLY31,I,SER32,2.818852,h_bond
source_file/8BPE,I,GLY31,I,GLY31,1.4483565,other
source_file/8BPE,I,GLY31,I,GLY31,0.0,h_bond
source_file/8BPE,I,GLY31,I,GLY30,1.3312521,other
source_file/8BPE,I,GLY31,I,GLY30,2.2491915,h_bond
source_file/8BPE,I,GLY31,I,GLY30,2.3971488,other
source_file/8BPE,I,GLY31,I,GLY31,2.3890018,other
source_file/8BPE,I,GLY31,I,GLY31,1.5149461,hydrophobic
source_file/8BPE,I,GLY31,I,SER32,2.4281125,other
source_file/8BPE,I,GLY31,I,GLY31,0.0,hydrophobic
source_file/8BPE,I,GLY31,I,GLY31,1.4483565,other
source_file/8BPE,I,GLY31,I,GLY30,2.4305582,hydrophobic
source_file/8BPE,I,GLY31,I,GLY30,2.768007,other
source_file/8BPE,I,GLY31,I,GLY31,1.2346407,other
source_file/8BPE,I,GLY31,I,GLY31,0.0,hydrophobic
source_file/8BPE,I,GLY31,I,SER32,1.3310317,other
source_file/8BPE,I,GLY31,I,SER32,2.44081,hydrophobic
source_file/8BPE,I,GLY31,I,GLY31,1.5149461,hydrophobic
source_file/8BPE,I,GLY31,I,GLY31,2.478402,other
source_file/8BPE,I,GLY31,I,GLY31,0.0,h_bond
source_file/8BPE,I,GLY31,I,GLY31,1.2346407,other
source_file/8BPE,I,GLY31,I,SER32,2.2522159,h_bond
source_file/8BPE,I,GLY31,I,SER32,2.7794404,other
source_file/8BPE,I,GLY31,I,GLY31,2.3890018,other
source_file/8BPE,I,SER32,I,GLY31,2.2522159,h_bond
source_file/8BPE,I,SER32,I,SER32,2.476457,other
source_file/8BPE,I,SER32,I,GLY31,1.3310317,other
source_file/8BPE,I,SER32,I,SER32,0.0,h_bond
source_file/8BPE,I,SER32,I,SER32,1.4578212,other
source_file/8BPE,I,SER32,I,SER32,2.4208739,other
source_file/8BPE,I,SER32,I,SER32,2.6769748,h_bond
source_file/8BPE,I,SER32,I,GLY31,2.4281125,other
source_file/8BPE,I,SER32,I,GLY31,2.818852,h_bond
source_file/8BPE,I,SER32,I,GLY31,2.7794404,other
source_file/8BPE,I,SER32,I,SER32,1.5325849,hydrophobic
source_file/8BPE,I,SER32,I,SER32,2.4318662,other
source_file/8BPE,I,SER32,I,GLY31,2.44081,hydrophobic
source_file/8BPE,I,SER32,I,SER32,1.4578212,other
source_file/8BPE,I,SER32,I,SER32,0.0,hydrophobic
source_file/8BPE,I,SER32,I,SER32,1.5205417,hydrophobic
source_file/8BPE,I,SER32,I,VAL33,2.4148014,other
source_file/8BPE,I,SER32,I,SER32,2.4040563,other
source_file/8BPE,I,SER32,I,SER32,2.5078828,hydrophobic
source_file/8BPE,I,SER32,I,SER32,2.8894074,other
source_file/8BPE,I,SER32,I,SER32,2.4208739,other
source_file/8BPE,I,SER32,I,SER32,1.5205417,hydrophobic
source_file/8BPE,I,SER32,I,SER32,0.0,hydrophobic
source_file/8BPE,I,SER32,I,VAL33,1.3343707,other
source_file/8BPE,I,SER32,I,SER32,1.2347006,other
source_file/8BPE,I,SER32,I,VAL33,2.4454389,hydrophobic
source_file/8BPE,I,SER32,I,SER32,2.6769748,h_bond
source_file/8BPE,I,SER32,I,SER32,2.4040563,other
source_file/8BPE,I,SER32,I,SER32,1.2347006,other
source_file/8BPE,I,SER32,I,VAL33,2.263213,h_bond
source_file/8BPE,I,SER32,I,SER32,0.0,h_bond
source_file/8BPE,I,SER32,I,VAL33,2.7999845,other
source_file/8BPE,I,SER32,I,SER32,0.0,hydrophobic
source_file/8BPE,I,SER32,I,SER32,1.4167882,other
source_file/8BPE,I,SER32,I,SER32,2.476457,other
source_file/8BPE,I,SER32,I,SER32,1.5325849,hydrophobic
source_file/8BPE,I,SER32,I,SER32,2.5078828,hydrophobic
source_file/8BPE,I,SER32,I,SER32,1.4167882,other
source_file/8BPE,I,SER32,I,SER32,0.0,h_bond
source_file/8BPE,I,SER32,I,SER32,2.4318662,other
source_file/8BPE,I,SER32,I,SER32,2.8894074,other
source_file/8BPE,I,SER32,I,VAL33,2.8312378,h_bond
source_file/8BPE,I,VAL33,I,SER32,2.8312378,h_bond
source_file/8BPE,I,VAL33,I,VAL33,2.6895401,h_bond
source_file/8BPE,I,VAL33,I,VAL33,2.4067678,other
source_file/8BPE,I,VAL33,I,SER32,2.4148014,other
source_file/8BPE,I,VAL33,I,SER32,1.3343707,other
source_file/8BPE,I,VAL33,I,VAL33,0.0,h_bond
source_file/8BPE,I,VAL33,I,SER32,2.263213,h_bond
source_file/8BPE,I,VAL33,I,VAL33,1.4581217,other
source_file/8BPE,I,VAL33,I,VAL33,2.4854624,other
source_file/8BPE,I,VAL33,I,VAL33,2.4016902,other
source_file/8BPE,I,VAL33,I,VAL33,1.5204939,hydrophobic
source_file/8BPE,I,VAL33,I,SER32,2.4454389,hydrophobic
source_file/8BPE,I,VAL33,I,VAL33,1.4581217,other
source_file/8BPE,I,VAL33,I,VAL33,2.5301664,hydrophobic
source_file/8BPE,I,VAL33,I,SER32,2.7999845,other
source_file/8BPE,I,VAL33,I,VAL33,0.0,hydrophobic
source_file/8BPE,I,VAL33,I,VAL33,1.5511986,hydrophobic
source_file/8BPE,I,VAL33,I,THR34,2.4217925,other
source_file/8BPE,I,VAL33,I,VAL33,2.525875,hydrophobic
source_file/8BPE,I,VAL33,I,VAL33,1.2338167,other
source_file/8BPE,I,VAL33,I,VAL33,0.0,hydrophobic
source_file/8BPE,I,VAL33,I,VAL33,2.4067678,other
source_file/8BPE,I,VAL33,I,VAL33,2.9068332,hydrophobic
source_file/8BPE,I,VAL33,I,VAL33,1.5204939,hydrophobic
source_file/8BPE,I,VAL33,I,VAL33,2.549198,hydrophobic
source_file/8BPE,I,VAL33,I,THR34,2.450024,hydrophobic
source_file/8BPE,I,VAL33,I,THR34,1.3320282,other
source_file/8BPE,I,VAL33,I,VAL33,0.0,h_bond
source_file/8BPE,I,VAL33,I,VAL33,1.2338167,other
source_file/8BPE,I,VAL33,I,VAL33,2.6895401,h_bond
source_file/8BPE,I,VAL33,I,VAL33,2.4016902,other
source_file/8BPE,I,VAL33,I,THR34,2.800551,other
source_file/8BPE,I,VAL33,I,THR34,2.2545483,h_bond
source_file/8BPE,I,VAL33,I,VAL33,2.549198,hydrophobic
source_file/8BPE,I,VAL33,I,VAL33,2.4854624,other
source_file/8BPE,I,VAL33,I,VAL33,1.5207881,hydrophobic
source_file/8BPE,I,VAL33,I,VAL33,1.5511986,hydrophobic
source_file/8BPE,I,VAL33,I,VAL33,0.0,hydrophobic
source_file/8BPE,I,VAL33,I,VAL33,1.5204942,hydrophobic
source_file/8BPE,I,VAL33,I,VAL33,2.9068332,hydrophobic
source_file/8BPE,I,VAL33,I,VAL33,0.0,hydrophobic
source_file/8BPE,I,VAL33,I,VAL33,2.5301664,hydrophobic
source_file/8BPE,I,VAL33,I,VAL33,1.5207881,hydrophobic
source_file/8BPE,I,VAL33,I,VAL33,2.5085998,hydrophobic
source_file/8BPE,I,VAL33,I,VAL33,2.5085998,hydrophobic
source_file/8BPE,I,VAL33,I,VAL33,2.525875,hydrophobic
source_file/8BPE,I,VAL33,I,VAL33,1.5204942,hydrophobic
source_file/8BPE,I,VAL33,I,VAL33,0.0,hydrophobic
source_file/8BPE,I,THR34,I,VAL33,2.2545483,h_bond
source_file/8BPE,I,THR34,I,VAL33,1.3320282,other
source_file/8BPE,I,THR34,I,VAL33,2.4217925,other
source_file/8BPE,I,THR34,I,THR34,2.9933248,h_bond
source_file/8BPE,I,THR34,I,THR34,1.4557632,other
source_file/8BPE,I,THR34,I,THR34,2.4663453,other
source_file/8BPE,I,THR34,I,THR34,2.4304442,other
source_file/8BPE,I,THR34,I,THR34,0.0,h_bond
source_file/8BPE,I,THR34,I,THR34,2.8000183,h_bond
source_file/8BPE,I,THR34,I,VAL33,2.800551,other
source_file/8BPE,I,THR34,I,VAL33,2.450024,hydrophobic
source_file/8BPE,I,THR34,I,THR34,2.4253151,other
source_file/8BPE,I,THR34,I,THR34,0.0,hydrophobic
source_file/8BPE,I,THR34,I,THR34,1.5363777,hydrophobic
source_file/8BPE,I,THR34,I,ILE35,2.4250813,other
source_file/8BPE,I,THR34,I,THR34,2.5208519,hydrophobic
source_file/8BPE,I,THR34,I,THR34,1.5221221,hydrophobic
source_file/8BPE,I,THR34,I,THR34,1.4557632,other
source_file/8BPE,I,THR34,I,THR34,2.3986733,other
source_file/8BPE,I,THR34,I,THR34,1.5221221,hydrophobic
source_file/8BPE,I,THR34,I,THR34,2.51333,hydrophobic
source_file/8BPE,I,THR34,I,ILE35,1.3323476,other
source_file/8BPE,I,THR34,I,THR34,2.8430142,hydrophobic
source_file/8BPE,I,THR34,I,THR34,0.0,hydrophobic
source_file/8BPE,I,THR34,I,THR34,2.4304442,other
source_file/8BPE,I,THR34,I,ILE35,2.452432,hydrophobic
source_file/8BPE,I,THR34,I,THR34,1.2341205,other
source_file/8BPE,I,THR34,I,THR34,2.3986733,other
source_file/8BPE,I,THR34,I,ILE35,2.2581227,h_bond
source_file/8BPE,I,THR34,I,THR34,1.2341205,other
source_file/8BPE,I,THR34,I,THR34,2.8000183,h_bond
source_file/8BPE,I,THR34,I,ILE35,2.809659,other
source_file/8BPE,I,THR34,I,THR34,0.0,h_bond
source_file/8BPE,I,THR34,I,THR34,1.4326993,other
source_file/8BPE,I,THR34,I,THR34,1.5363777,hydrophobic
source_file/8BPE,I,THR34,I,THR34,0.0,hydrophobic
source_file/8BPE,I,THR34,I,THR34,1.5208282,hydrophobic
source_file/8BPE,I,THR34,I,THR34,2.51333,hydrophobic
source_file/8BPE,I,THR34,I,THR34,2.4663453,other
source_file/8BPE,I,THR34,I,THR34,0.0,h_bond
source_file/8BPE,I,THR34,I,THR34,2.4253151,other
source_file/8BPE,I,THR34,I,THR34,1.4326993,other
source_file/8BPE,I,THR34,I,THR34,2.407331,other
source_file/8BPE,I,THR34,I,THR34,2.9933248,h_bond
source_file/8BPE,I,THR34,I,THR34,2.407331,other
source_file/8BPE,I,THR34,I,THR34,2.5208519,hydrophobic
source_file/8BPE,I,THR34,I,THR34,1.5208282,hydrophobic
source_file/8BPE,I,THR34,I,THR34,0.0,hydrophobic
source_file/8BPE,I,THR34,I,THR34,2.8430142,hydrophobic
source_file/8BPE,I,ILE35,I,THR34,2.4250813,other
source_file/8BPE,I,ILE35,I,ILE35,0.0,h_bond
source_file/8BPE,I,ILE35,I,ILE35,2.7932203,h_bond
source_file/8BPE,I,ILE35,I,THR34,1.3323476,other
source_file/8BPE,I,ILE35,I,ILE35,2.4302437,other
source_file/8BPE,I,ILE35,I,ILE35,2.4770136,other
source_file/8BPE,I,ILE35,I,ILE35,1.4570966,other
source_file/8BPE,I,ILE35,I,THR34,2.2581227,h_bond
source_file/8BPE,I,ILE35,I,ILE35,1.4570966,other
source_file/8BPE,I,ILE35,I,ILE35,2.4036624,other
source_file/8BPE,I,ILE35,I,THR34,2.452432,hydrophobic
source_file/8BPE,I,ILE35,I,ILE35,1.5241277,hydrophobic
source_file/8BPE,I,ILE35,I,LYS36,2.427218,other
source_file/8BPE,I,ILE35,I,ILE35,2.5330963,hydrophobic
source_file/8BPE,I,ILE35,I,ILE35,1.5442916,hydrophobic
source_file/8BPE,I,ILE35,I,ILE35,0.0,hydrophobic
source_file/8BPE,I,ILE35,I,ILE35,2.5253408,hydrophobic
source_file/8BPE,I,ILE35,I,THR34,2.809659,other
source_file/8BPE,I,ILE35,I,LYS36,2.451357,hydrophobic
source_file/8BPE,I,ILE35,I,ILE35,2.4302437,other
source_file/8BPE,I,ILE35,I,ILE35,1.2362355,other
source_file/8BPE,I,ILE35,I,ILE35,0.0,hydrophobic
source_file/8BPE,I,ILE35,I,LYS36,1.3330469,other
source_file/8BPE,I,ILE35,I,ILE35,2.5309315,hydrophobic
source_file/8BPE,I,ILE35,I,ILE35,1.5241277,hydrophobic
source_file/8BPE,I,ILE35,I,ILE35,2.8768616,hydrophobic
source_file/8BPE,I,ILE35,I,LYS36,2.8070207,other
source_file/8BPE,I,ILE35,I,ILE35,2.7932203,h_bond
source_file/8BPE,I,ILE35,I,ILE35,0.0,h_bond
source_file/8BPE,I,ILE35,I,ILE35,1.2362355,other
source_file/8BPE,I,ILE35,I,LYS36,2.2593906,h_bond
source_file/8BPE,I,ILE35,I,ILE35,2.4036624,other
source_file/8BPE,I,ILE35,I,ILE35,2.4770136,other
source_file/8BPE,I,ILE35,I,ILE35,2.5309315,hydrophobic
source_file/8BPE,I,ILE35,I,ILE35,2.5310361,hydrophobic
source_file/8BPE,I,ILE35,I,ILE35,1.527953,hydrophobic
source_file/8BPE,I,ILE35,I,ILE35,0.0,hydrophobic
source_file/8BPE,I,ILE35,I,ILE35,1.5442916,hydrophobic
source_file/8BPE,I,ILE35,I,ILE35,1.5176353,hydrophobic
source_file/8BPE,I,ILE35,I,ILE35,1.5033945,hydrophobic
source_file/8BPE,I,ILE35,I,ILE35,0.0,hydrophobic
source_file/8BPE,I,ILE35,I,ILE35,1.527953,hydrophobic
source_file/8BPE,I,ILE35,I,ILE35,2.5330963,hydrophobic
source_file/8BPE,I,ILE35,I,ILE35,2.5168564,hydrophobic
source_file/8BPE,I,ILE35,I,ILE35,2.8768616,hydrophobic
source_file/8BPE,I,ILE35,I,ILE35,2.5168564,hydrophobic
source_file/8BPE,I,ILE35,I,ILE35,1.5176353,hydrophobic
source_file/8BPE,I,ILE35,I,ILE35,2.5253408,hydrophobic
source_file/8BPE,I,ILE35,I,ILE35,0.0,hydrophobic
source_file/8BPE,I,ILE35,I,ILE35,0.0,hydrophobic
source_file/8BPE,I,ILE35,I,ILE35,1.5033945,hydrophobic
source_file/8BPE,I,ILE35,I,ILE35,2.5310361,hydrophobic
source_file/8BPE,I,LYS36,I,LYS36,1.4556954,other
source_file/8BPE,I,LYS36,I,LYS36,2.4382086,other
source_file/8BPE,I,LYS36,I,ILE35,2.2593906,h_bond
source_file/8BPE,I,LYS36,I,ILE35,1.3330469,other
source_file/8BPE,I,LYS36,I,LYS36,0.0,h_bond
source_file/8BPE,I,LYS36,I,ILE35,2.427218,other
source_file/8BPE,I,LYS36,I,LYS36,2.8010232,h_bond
source_file/8BPE,I,LYS36,I,LYS36,2.4703689,other
source_file/8BPE,I,LYS36,I,LYS36,0.0,hydrophobic
source_file/8BPE,I,LYS36,I,CYS37,2.4201307,other
source_file/8BPE,I,LYS36,I,LYS36,1.5212222,hydrophobic
source_file/8BPE,I,LYS36,I,ILE35,2.8070207,other
source_file/8BPE,I,LYS36,I,ILE35,2.451357,hydrophobic
source_file/8BPE,I,LYS36,I,LYS36,1.4556954,other
source_file/8BPE,I,LYS36,I,LYS36,2.5626118,hydrophobic
source_file/8BPE,I,LYS36,I,LYS36,2.3988795,other
source_file/8BPE,I,LYS36,I,LYS36,1.5337954,hydrophobic
source_file/8BPE,I,LYS36,I,LYS36,1.5212222,hydrophobic
source_file/8BPE,I,LYS36,I,CYS37,1.3291738,other
source_file/8BPE,I,LYS36,I,LYS36,0.0,hydrophobic
source_file/8BPE,I,LYS36,I,LYS36,2.4382086,other
source_file/8BPE,I,LYS36,I,CYS37,2.4521053,hydrophobic
source_file/8BPE,I,LYS36,I,LYS36,1.234502,other
source_file/8BPE,I,LYS36,I,LYS36,2.4973805,hydrophobic
source_file/8BPE,I,LYS36,I,LYS36,2.3988795,other
source_file/8BPE,I,LYS36,I,CYS37,2.2562597,h_bond
source_file/8BPE,I,LYS36,I,LYS36,1.234502,other
source_file/8BPE,I,LYS36,I,LYS36,2.8010232,h_bond
source_file/8BPE,I,LYS36,I,CYS37,2.814573,other
source_file/8BPE,I,LYS36,I,LYS36,0.0,h_bond
source_file/8BPE,I,LYS36,I,LYS36,1.5337954,hydrophobic
source_file/8BPE,I,LYS36,I,LYS36,2.4973805,hydrophobic
source_file/8BPE,I,LYS36,I,LYS36,2.4703689,other
source_file/8BPE,I,LYS36,I,LYS36,1.5181305,hydrophobic
source_file/8BPE,I,LYS36,I,LYS36,0.0,hydrophobic
source_file/8BPE,I,LYS36,I,LYS36,2.5095148,hydrophobic
source_file/8BPE,I,LYS36,I,LYS36,2.5626118,hydrophobic
source_file/8BPE,I,LYS36,I,LYS36,0.0,hydrophobic
source_file/8BPE,I,LYS36,I,LYS36,1.5181305,hydrophobic
source_file/8BPE,I,LYS36,I,LYS36,1.5209097,hydrophobic
source_file/8BPE,I,LYS36,I,LYS36,2.5101316,hydrophobic
source_file/8BPE,I,LYS36,I,LYS36,2.4918158,other
source_file/8BPE,I,LYS36,I,LYS36,1.5209097,hydrophobic
source_file/8BPE,I,LYS36,I,LYS36,2.5095148,hydrophobic
source_file/8BPE,I,LYS36,I,LYS36,0.0,hydrophobic
source_file/8BPE,I,LYS36,I,LYS36,1.5181249,hydrophobic
source_file/8BPE,I,LYS36,I,LYS36,1.4881355,other
source_file/8BPE,I,LYS36,I,LYS36,2.5101316,hydrophobic
source_file/8BPE,I,LYS36,I,LYS36,1.5181249,hydrophobic
source_file/8BPE,I,LYS36,I,LYS36,0.0,hydrophobic
source_file/8BPE,I,LYS36,I,LYS36,0.0,h_bond
source_file/8BPE,I,LYS36,I,LYS36,2.4918158,other
source_file/8BPE,I,LYS36,I,LYS36,1.4881355,other
source_file/8BPE,I,CYS37,I,LYS36,2.4201307,other
source_file/8BPE,I,CYS37,I,CYS37,2.4785595,other
source_file/8BPE,I,CYS37,I,CYS37,0.0,h_bond
source_file/8BPE,I,CYS37,I,CYS37,2.6934311,h_bond
source_file/8BPE,I,CYS37,I,LYS36,1.3291738,other
source_file/8BPE,I,CYS37,I,CYS37,1.454171,other
source_file/8BPE,I,CYS37,I,CYS37,2.4245062,other
source_file/8BPE,I,CYS37,I,LYS36,2.2562597,h_bond
source_file/8BPE,I,CYS37,I,PRO38,2.4485674,other
source_file/8BPE,I,CYS37,I,PRO38,2.9572158,hydrophobic
source_file/8BPE,I,CYS37,I,CYS37,2.8350658,hydrophobic
source_file/8BPE,I,CYS37,I,CYS37,1.5362375,hydrophobic
source_file/8BPE,I,CYS37,I,CYS37,1.454171,other
source_file/8BPE,I,CYS37,I,CYS37,2.3953671,other
source_file/8BPE,I,CYS37,I,LYS36,2.4521053,hydrophobic
source_file/8BPE,I,CYS37,I,CYS37,0.0,hydrophobic
source_file/8BPE,I,CYS37,I,CYS37,1.5224365,hydrophobic
source_file/8BPE,I,CYS37,I,LYS36,2.814573,other
source_file/8BPE,I,CYS37,I,PRO38,1.3334949,other
source_file/8BPE,I,CYS37,I,PRO38,2.4272363,hydrophobic
source_file/8BPE,I,CYS37,I,PRO38,2.5202653,hydrophobic
source_file/8BPE,I,CYS37,I,CYS37,2.4956026,hydrophobic
source_file/8BPE,I,CYS37,I,CYS37,2.4245062,other
source_file/8BPE,I,CYS37,I,CYS37,1.2370566,other
source_file/8BPE,I,CYS37,I,CYS37,1.5224365,hydrophobic
source_file/8BPE,I,CYS37,I,CYS37,0.0,hydrophobic
source_file/8BPE,I,CYS37,I,PRO38,2.9706073,other
source_file/8BPE,I,CYS37,I,PRO38,2.2486882,h_bond
source_file/8BPE,I,CYS37,I,PRO38,2.7326114,other
source_file/8BPE,I,CYS37,I,CYS37,2.6934311,h_bond
source_file/8BPE,I,CYS37,I,CYS37,0.0,h_bond
source_file/8BPE,I,CYS37,I,CYS37,2.3953671,other
source_file/8BPE,I,CYS37,I,CYS37,1.2370566,other
source_file/8BPE,I,CYS37,I,CYS37,1.8053617,hydrophobic
source_file/8BPE,I,CYS37,I,CYS37,0.0,hydrophobic
source_file/8BPE,I,CYS37,I,CYS37,2.4785595,other
source_file/8BPE,I,CYS37,I,CYS37,1.5362375,hydrophobic
source_file/8BPE,I,CYS37,I,CYS37,2.4956026,hydrophobic
source_file/8BPE,I,CYS37,I,CYS104,2.0316255,hydrophobic
source_file/8BPE,I,CYS37,I,CYS37,0.0,hydrophobic
source_file/8BPE,I,CYS37,I,CYS37,1.8053617,hydrophobic
source_file/8BPE,I,CYS37,I,CYS37,2.8350658,hydrophobic
source_file/8BPE,I,PRO38,I,PRO38,2.8148482,h_bond
source_file/8BPE,I,PRO38,I,PRO38,2.475684,other
source_file/8BPE,I,PRO38,I,PRO38,0.0,h_bond
source_file/8BPE,I,PRO38,I,PRO38,1.4681083,other
source_file/8BPE,I,PRO38,I,PRO38,1.4718153,other
source_file/8BPE,I,PRO38,I,PRO38,2.3572648,other
source_file/8BPE,I,PRO38,I,PRO38,2.3169174,other
source_file/8BPE,I,PRO38,I,CYS37,2.2486882,h_bond
source_file/8BPE,I,PRO38,I,CYS37,2.4485674,other
source_file/8BPE,I,PRO38,I,CYS37,1.3334949,other
source_file/8BPE,I,PRO38,I,LEU39,2.4131894,other
source_file/8BPE,I,PRO38,I,PRO38,2.4083438,other
source_file/8BPE,I,PRO38,I,PRO38,1.5217735,hydrophobic
source_file/8BPE,I,PRO38,I,PRO38,1.4681083,other
source_file/8BPE,I,PRO38,I,PRO38,0.0,hydrophobic
source_file/8BPE,I,PRO38,I,PRO38,2.4380972,hydrophobic
source_file/8BPE,I,PRO38,I,PRO38,1.533826,hydrophobic
source_file/8BPE,I,PRO38,I,PRO38,2.4045506,hydrophobic
source_file/8BPE,I,PRO38,I,CYS37,2.7326114,other
source_file/8BPE,I,PRO38,I,CYS37,2.4272363,hydrophobic
source_file/8BPE,I,PRO38,I,LEU39,2.443446,hydrophobic
source_file/8BPE,I,PRO38,I,LEU39,1.3310785,other
source_file/8BPE,I,PRO38,I,PRO38,1.2324809,other
source_file/8BPE,I,PRO38,I,PRO38,0.0,hydrophobic
source_file/8BPE,I,PRO38,I,PRO38,2.475684,other
source_file/8BPE,I,PRO38,I,PRO38,1.5217735,hydrophobic
source_file/8BPE,I,PRO38,I,PRO38,2.5232375,hydrophobic
source_file/8BPE,I,PRO38,I,CYS37,2.9706073,other
source_file/8BPE,I,PRO38,I,LEU39,2.788249,other
source_file/8BPE,I,PRO38,I,LEU39,2.2537165,h_bond
source_file/8BPE,I,PRO38,I,PRO38,0.0,h_bond
source_file/8BPE,I,PRO38,I,PRO38,1.2324809,other
source_file/8BPE,I,PRO38,I,PRO38,2.8148482,h_bond
source_file/8BPE,I,PRO38,I,PRO38,2.4083438,other
source_file/8BPE,I,PRO38,I,PRO38,2.5232375,hydrophobic
source_file/8BPE,I,PRO38,I,PRO38,2.3572648,other
source_file/8BPE,I,PRO38,I,PRO38,1.533826,hydrophobic
source_file/8BPE,I,PRO38,I,PRO38,2.3813643,hydrophobic
source_file/8BPE,I,PRO38,I,PRO38,0.0,hydrophobic
source_file/8BPE,I,PRO38,I,PRO38,1.495918,hydrophobic
source_file/8BPE,I,PRO38,I,PRO38,2.3169174,other
source_file/8BPE,I,PRO38,I,PRO38,2.4045506,hydrophobic
source_file/8BPE,I,PRO38,I,PRO38,1.4933969,hydrophobic
source_file/8BPE,I,PRO38,I,PRO38,1.495918,hydrophobic
source_file/8BPE,I,PRO38,I,PRO38,0.0,hydrophobic
source_file/8BPE,I,PRO38,I,PRO38,1.4718153,other
source_file/8BPE,I,PRO38,I,PRO38,2.4380972,hydrophobic
source_file/8BPE,I,PRO38,I,PRO38,0.0,hydrophobic
source_file/8BPE,I,PRO38,I,PRO38,2.3813643,hydrophobic
source_file/8BPE,I,PRO38,I,PRO38,1.4933969,hydrophobic
source_file/8BPE,I,PRO38,I,CYS37,2.9572158,hydrophobic
source_file/8BPE,I,PRO38,I,CYS37,2.5202653,hydrophobic
source_file/8BPE,I,LEU39,I,LEU39,2.4567454,other
source_file/8BPE,I,LEU39,I,LEU39,2.438607,other
source_file/8BPE,I,LEU39,I,LEU39,2.9764106,h_bond
source_file/8BPE,I,LEU39,I,LEU39,1.4585161,other
source_file/8BPE,I,LEU39,I,LEU39,0.0,h_bond
source_file/8BPE,I,LEU39,I,PRO38,2.2537165,h_bond
source_file/8BPE,I,LEU39,I,PRO38,1.3310785,other
source_file/8BPE,I,LEU39,I,PRO38,2.4131894,other
source_file/8BPE,I,LEU39,I,LEU39,2.6159039,hydrophobic
source_file/8BPE,I,LEU39,I,LEU39,1.5292803,hydrophobic
source_file/8BPE,I,LEU39,I,LEU39,1.5198039,hydrophobic
source_file/8BPE,I,LEU39,I,LEU39,2.3909266,other
source_file/8BPE,I,LEU39,I,PRO40,2.9755177,hydrophobic
source_file/8BPE,I,LEU39,I,PRO40,2.4605422,other
source_file/8BPE,I,LEU39,I,LEU39,0.0,hydrophobic
source_file/8BPE,I,LEU39,I,LEU39,1.4585161,other
source_file/8BPE,I,LEU39,I,PRO38,2.788249,other
source_file/8BPE,I,LEU39,I,PRO38,2.443446,hydrophobic
source_file/8BPE,I,LEU39,I,LEU39,2.5049915,hydrophobic
source_file/8BPE,I,LEU39,I,LEU39,0.0,hydrophobic
source_file/8BPE,I,LEU39,I,PRO40,2.4260564,hydrophobic
source_file/8BPE,I,LEU39,I,LEU39,1.2419696,other
source_file/8BPE,I,LEU39,I,PRO40,2.5162468,hydrophobic
source_file/8BPE,I,LEU39,I,PRO40,1.3301322,other
source_file/8BPE,I,LEU39,I,LEU39,1.5198039,hydrophobic
source_file/8BPE,I,LEU39,I,LEU39,2.438607,other
source_file/8BPE,I,LEU39,I,LEU39,2.9203222,other
source_file/8BPE,I,LEU39,I,LEU39,1.2419696,other
source_file/8BPE,I,LEU39,I,PRO40,2.7195914,other
source_file/8BPE,I,LEU39,I,LEU39,0.0,h_bond
source_file/8BPE,I,LEU39,I,PRO40,2.2408607,h_bond
source_file/8BPE,I,LEU39,I,LEU39,2.3909266,other
source_file/8BPE,I,LEU39,I,LEU39,2.9764106,h_bond
source_file/8BPE,I,LEU39,I,LEU39,2.5133445,hydrophobic
source_file/8BPE,I,LEU39,I,LEU39,2.5003262,hydrophobic
source_file/8BPE,I,LEU39,I,LEU39,1.5306079,hydrophobic
source_file/8BPE,I,LEU39,I,LEU39,0.0,hydrophobic
source_file/8BPE,I,LEU39,I,LEU39,2.5049915,hydrophobic
source_file/8BPE,I,LEU39,I,LEU39,2.9203222,other
source_file/8BPE,I,LEU39,I,LEU39,1.5292803,hydrophobic
source_file/8BPE,I,LEU39,I,LEU39,2.4567454,other
source_file/8BPE,I,LEU39,I,LEU39,1.5194637,hydrophobic
source_file/8BPE,I,LEU39,I,LEU39,1.5175489,hydrophobic
source_file/8BPE,I,LEU39,I,LEU39,0.0,hydrophobic
source_file/8BPE,I,LEU39,I,LEU39,1.5306079,hydrophobic
source_file/8BPE,I,LEU39,I,LEU39,2.6159039,hydrophobic
source_file/8BPE,I,LEU39,I,LEU39,2.4913287,hydrophobic
source_file/8BPE,I,LEU39,I,LEU39,0.0,hydrophobic
source_file/8BPE,I,LEU39,I,LEU39,1.5175489,hydrophobic
source_file/8BPE,I,LEU39,I,LEU39,2.5003262,hydrophobic
source_file/8BPE,I,LEU39,I,LEU39,0.0,hydrophobic
source_file/8BPE,I,LEU39,I,LEU39,2.4913287,hydrophobic
source_file/8BPE,I,LEU39,I,LEU39,1.5194637,hydrophobic
source_file/8BPE,I,LEU39,I,LEU39,2.5133445,hydrophobic
source_file/8BPE,I,PRO40,I,PRO40,2.7571218,h_bond
source_file/8BPE,I,PRO40,I,PRO40,2.3374238,other
source_file/8BPE,I,PRO40,I,PRO40,2.4699533,other
source_file/8BPE,I,PRO40,I,LEU39,1.3301322,other
source_file/8BPE,I,PRO40,I,PRO40,1.4664707,other
source_file/8BPE,I,PRO40,I,LEU39,2.2408607,h_bond
source_file/8BPE,I,PRO40,I,PRO40,1.4736906,other
source_file/8BPE,I,PRO40,I,PRO40,0.0,h_bond
source_file/8BPE,I,PRO40,I,PRO40,2.350854,other
source_file/8BPE,I,PRO40,I,LEU39,2.4605422,other
source_file/8BPE,I,PRO40,I,PRO40,2.413888,other
source_file/8BPE,I,PRO40,I,PRO40,2.3826451,hydrophobic
source_file/8BPE,I,PRO40,I,PRO40,1.5197306,hydrophobic
source_file/8BPE,I,PRO40,I,LEU39,2.4260564,hydrophobic
source_file/8BPE,I,PRO40,I,GLU41,2.4168167,other
source_file/8BPE,I,PRO40,I,PRO40,0.0,hydrophobic
source_file/8BPE,I,PRO40,I,LEU39,2.7195914,other
source_file/8BPE,I,PRO40,I,PRO40,2.4399073,hydrophobic
source_file/8BPE,I,PRO40,I,PRO40,1.4664707,other
source_file/8BPE,I,PRO40,I,PRO40,1.5301738,hydrophobic
source_file/8BPE,I,PRO40,I,PRO40,1.2330521,other
source_file/8BPE,I,PRO40,I,GLU41,2.4449723,hydrophobic
source_file/8BPE,I,PRO40,I,PRO40,0.0,hydrophobic
source_file/8BPE,I,PRO40,I,GLU41,1.3331548,other
source_file/8BPE,I,PRO40,I,PRO40,1.5197306,hydrophobic
source_file/8BPE,I,PRO40,I,PRO40,2.4699533,other
source_file/8BPE,I,PRO40,I,PRO40,2.5172727,hydrophobic
source_file/8BPE,I,PRO40,I,PRO40,0.0,h_bond
source_file/8BPE,I,PRO40,I,GLU41,2.745562,other
source_file/8BPE,I,PRO40,I,PRO40,1.2330521,other
source_file/8BPE,I,PRO40,I,GLU41,2.2464993,h_bond
source_file/8BPE,I,PRO40,I,PRO40,2.413888,other
source_file/8BPE,I,PRO40,I,PRO40,2.7571218,h_bond
source_file/8BPE,I,PRO40,I,PRO40,1.489473,hydrophobic
source_file/8BPE,I,PRO40,I,PRO40,2.5172727,hydrophobic
source_file/8BPE,I,PRO40,I,PRO40,1.5301738,hydrophobic
source_file/8BPE,I,PRO40,I,PRO40,2.400228,hydrophobic
source_file/8BPE,I,PRO40,I,PRO40,2.350854,other
source_file/8BPE,I,PRO40,I,PRO40,0.0,hydrophobic
source_file/8BPE,I,PRO40,I,PRO40,0.0,hydrophobic
source_file/8BPE,I,PRO40,I,PRO40,2.3826451,hydrophobic
source_file/8BPE,I,PRO40,I,PRO40,1.5061989,hydrophobic
source_file/8BPE,I,PRO40,I,PRO40,2.3374238,other
source_file/8BPE,I,PRO40,I,PRO40,1.489473,hydrophobic
source_file/8BPE,I,PRO40,I,PRO40,1.5061989,hydrophobic
source_file/8BPE,I,PRO40,I,LEU39,2.5162468,hydrophobic
source_file/8BPE,I,PRO40,I,PRO40,2.4399073,hydrophobic
source_file/8BPE,I,PRO40,I,PRO40,0.0,hydrophobic
source_file/8BPE,I,PRO40,I,PRO40,1.4736906,other
source_file/8BPE,I,PRO40,I,PRO40,2.400228,hydrophobic
source_file/8BPE,I,PRO40,I,LEU39,2.9755177,hydrophobic
source_file/8BPE,I,GLU41,I,PRO40,2.2464993,h_bond
source_file/8BPE,I,GLU41,I,GLU41,2.473538,other
source_file/8BPE,I,GLU41,I,GLU41,2.6893435,h_bond
source_file/8BPE,I,GLU41,I,GLU41,1.4878182,other
source_file/8BPE,I,GLU41,I,PRO40,1.3331548,other
source_file/8BPE,I,GLU41,I,GLU41,0.0,h_bond
source_file/8BPE,I,GLU41,I,PRO40,2.4168167,other
source_file/8BPE,I,GLU41,I,GLU41,2.4746113,other
source_file/8BPE,I,GLU41,I,GLU41,2.982395,other
source_file/8BPE,I,GLU41,I,MET42,2.4523778,other
source_file/8BPE,I,GLU41,I,PRO40,2.745562,other
source_file/8BPE,I,GLU41,I,GLU41,1.5315933,hydrophobic
source_file/8BPE,I,GLU41,I,GLU41,2.3847213,other
source_file/8BPE,I,GLU41,I,GLU41,0.0,hydrophobic
source_file/8BPE,I,GLU41,I,PRO40,2.4449723,hydrophobic
source_file/8BPE,I,GLU41,I,GLU41,1.4878182,other
source_file/8BPE,I,GLU41,I,GLU41,1.5297163,hydrophobic
source_file/8BPE,I,GLU41,I,GLU41,2.5526488,hydrophobic
source_file/8BPE,I,GLU41,I,MET42,2.475117,hydrophobic
source_file/8BPE,I,GLU41,I,MET42,1.3366367,other
source_file/8BPE,I,GLU41,I,GLU41,0.0,hydrophobic
source_file/8BPE,I,GLU41,I,GLU41,1.2478303,other
source_file/8BPE,I,GLU41,I,GLU41,1.5315933,hydrophobic
source_file/8BPE,I,GLU41,I,GLU41,2.473538,other
source_file/8BPE,I,GLU41,I,GLU41,2.520859,hydrophobic
source_file/8BPE,I,GLU41,I,MET42,2.851863,other
source_file/8BPE,I,GLU41,I,MET42,2.290735,h_bond
source_file/8BPE,I,GLU41,I,MET42,2.9712157,other
source_file/8BPE,I,GLU41,I,GLU41,1.2478303,other
source_file/8BPE,I,GLU41,I,GLU41,0.0,h_bond
source_file/8BPE,I,GLU41,I,GLU41,2.3847213,other
source_file/8BPE,I,GLU41,I,GLU41,2.6893435,h_bond
source_file/8BPE,I,GLU41,I,GLU41,2.520859,hydrophobic
source_file/8BPE,I,GLU41,I,GLU41,1.5297163,hydrophobic
source_file/8BPE,I,GLU41,I,GLU41,2.5750742,hydrophobic
source_file/8BPE,I,GLU41,I,GLU41,2.4746113,other
source_file/8BPE,I,GLU41,I,GLU41,0.0,hydrophobic
source_file/8BPE,I,GLU41,I,GLU41,1.5198656,hydrophobic
source_file/8BPE,I,GLU41,I,GLU41,2.382707,other
source_file/8BPE,I,GLU41,I,GLU41,2.5526488,hydrophobic
source_file/8BPE,I,GLU41,I,GLU41,1.5193706,hydrophobic
source_file/8BPE,I,GLU41,I,GLU41,2.982395,other
source_file/8BPE,I,GLU41,I,GLU41,2.3754103,other
source_file/8BPE,I,GLU41,I,GLU41,1.5198656,hydrophobic
source_file/8BPE,I,GLU41,I,GLU41,0.0,hydrophobic
source_file/8BPE,I,GLU41,I,GLU41,1.2471803,other
source_file/8BPE,I,GLU41,I,GLU41,0.0,hydrophobic
source_file/8BPE,I,GLU41,I,GLU41,1.2464219,other
source_file/8BPE,I,GLU41,I,GLU41,2.5750742,hydrophobic
source_file/8BPE,I,GLU41,I,GLU41,1.5193706,hydrophobic
source_file/8BPE,I,GLU41,I,GLU41,0.0,h_bond
source_file/8BPE,I,GLU41,I,GLU41,1.2471803,other
source_file/8BPE,I,GLU41,I,GLU41,2.195287,h_bond
source_file/8BPE,I,GLU41,I,GLU41,2.382707,other
source_file/8BPE,I,GLU41,I,GLU41,2.195287,h_bond
source_file/8BPE,I,GLU41,I,GLU41,1.2464219,other
source_file/8BPE,I,GLU41,I,GLU41,0.0,h_bond
source_file/8BPE,I,GLU41,I,GLU41,2.3754103,other
source_file/8BPE,I,MET42,I,HIS43,2.761435,h_bond
source_file/8BPE,I,MET42,I,MET42,2.4935842,other
source_file/8BPE,I,MET42,I,MET42,1.4908061,other
source_file/8BPE,I,MET42,I,MET42,0.0,h_bond
source_file/8BPE,I,MET42,I,MET42,2.4924316,other
source_file/8BPE,I,MET42,I,GLU41,1.3366367,other
source_file/8BPE,I,MET42,I,GLU41,2.290735,h_bond
source_file/8BPE,I,MET42,I,GLU41,2.4523778,other
source_file/8BPE,I,MET42,I,HIS43,2.4668248,other
source_file/8BPE,I,MET42,I,MET42,2.3847175,other
source_file/8BPE,I,MET42,I,MET42,1.5343156,hydrophobic
source_file/8BPE,I,MET42,I,MET42,0.0,hydrophobic
source_file/8BPE,I,MET42,I,MET42,1.4908061,other
source_file/8BPE,I,MET42,I,MET42,1.5327345,hydrophobic
source_file/8BPE,I,MET42,I,MET42,2.5450618,hydrophobic
source_file/8BPE,I,MET42,I,GLU41,2.475117,hydrophobic
source_file/8BPE,I,MET42,I,GLU41,2.851863,other
source_file/8BPE,I,MET42,I,HIS43,2.4653933,hydrophobic
source_file/8BPE,I,MET42,I,HIS43,1.3366591,other
source_file/8BPE,I,MET42,I,MET42,1.2464088,other
source_file/8BPE,I,MET42,I,MET42,0.0,hydrophobic
source_file/8BPE,I,MET42,I,MET42,1.5343156,hydrophobic
source_file/8BPE,I,MET42,I,MET42,2.4935842,other
source_file/8BPE,I,MET42,I,MET42,2.511844,hydrophobic
source_file/8BPE,I,MET42,I,HIS43,2.8181458,other
source_file/8BPE,I,MET42,I,HIS43,2.280833,h_bond
source_file/8BPE,I,MET42,I,MET42,0.0,h_bond
source_file/8BPE,I,MET42,I,MET42,1.2464088,other
source_file/8BPE,I,MET42,I,MET42,2.3847175,other
source_file/8BPE,I,MET42,I,MET42,2.7590342,other
source_file/8BPE,I,MET42,I,MET42,2.7590342,other
source_file/8BPE,I,MET42,I,MET42,2.511844,hydrophobic
source_file/8BPE,I,MET42,I,MET42,1.5327345,hydrophobic
source_file/8BPE,I,MET42,I,MET42,2.773799,hydrophobic
source_file/8BPE,I,MET42,I,MET42,2.4924316,other
source_file/8BPE,I,MET42,I,MET42,0.0,hydrophobic
source_file/8BPE,I,MET42,I,MET42,1.5161928,hydrophobic
source_file/8BPE,I,MET42,I,GLU41,2.9712157,other
source_file/8BPE,I,MET42,I,MET42,2.5450618,hydrophobic
source_file/8BPE,I,MET42,I,MET42,2.7772872,hydrophobic
source_file/8BPE,I,MET42,I,MET42,1.8126193,hydrophobic
source_file/8BPE,I,MET42,I,MET42,1.5161928,hydrophobic
source_file/8BPE,I,MET42,I,MET42,0.0,hydrophobic
source_file/8BPE,I,MET42,I,MET42,1.7915384,hydrophobic
source_file/8BPE,I,MET42,I,MET42,0.0,hydrophobic
source_file/8BPE,I,MET42,I,MET42,2.773799,hydrophobic
source_file/8BPE,I,MET42,I,MET42,1.8126193,hydrophobic
source_file/8BPE,I,MET42,I,MET42,0.0,hydrophobic
source_file/8BPE,I,MET42,I,MET42,1.7915384,hydrophobic
source_file/8BPE,I,MET42,I,MET42,2.7772872,hydrophobic
source_file/8BPE,I,HIS43,I,HIS43,2.448079,other
source_file/8BPE,I,HIS43,I,HIS43,2.757274,h_bond
source_file/8BPE,I,HIS43,I,HIS43,1.4908491,other
source_file/8BPE,I,HIS43,I,HIS43,0.0,h_bond
source_file/8BPE,I,HIS43,I,HIS43,2.492114,other
source_file/8BPE,I,HIS43,I,MET42,2.280833,h_bond
source_file/8BPE,I,HIS43,I,MET42,1.3366591,other
source_file/8BPE,I,HIS43,I,MET42,2.4668248,other
source_file/8BPE,I,HIS43,I,MET42,2.761435,h_bond
source_file/8BPE,I,HIS43,I,VAL44,2.4560232,other
source_file/8BPE,I,HIS43,I,HIS43,1.531357,hydrophobic
source_file/8BPE,I,HIS43,I,HIS43,2.3930998,other
source_file/8BPE,I,HIS43,I,HIS43,0.0,hydrophobic
source_file/8BPE,I,HIS43,I,HIS43,1.4908491,other
source_file/8BPE,I,HIS43,I,HIS43,1.5328939,hydrophobic
source_file/8BPE,I,HIS43,I,MET42,2.8181458,other
source_file/8BPE,I,HIS43,I,MET42,2.4653933,hydrophobic
source_file/8BPE,I,HIS43,I,HIS43,2.52677,hydrophobic
source_file/8BPE,I,HIS43,I,VAL44,2.4597785,hydrophobic
source_file/8BPE,I,HIS43,I,VAL44,1.3367279,other
source_file/8BPE,I,HIS43,I,HIS43,0.0,hydrophobic
source_file/8BPE,I,HIS43,I,HIS43,1.2491872,other
source_file/8BPE,I,HIS43,I,HIS43,1.531357,hydrophobic
source_file/8BPE,I,HIS43,I,HIS43,2.448079,other
source_file/8BPE,I,HIS43,I,HIS43,2.5652277,hydrophobic
source_file/8BPE,I,HIS43,I,VAL44,2.8066175,other
source_file/8BPE,I,HIS43,I,VAL44,2.2827134,h_bond
source_file/8BPE,I,HIS43,I,HIS43,1.2491872,other
source_file/8BPE,I,HIS43,I,HIS43,0.0,h_bond
source_file/8BPE,I,HIS43,I,HIS43,2.3930998,other
source_file/8BPE,I,HIS43,I,HIS43,2.757274,h_bond
source_file/8BPE,I,HIS43,I,HIS43,2.5652277,hydrophobic
source_file/8BPE,I,HIS43,I,HIS43,1.5328939,hydrophobic
source_file/8BPE,I,HIS43,I,HIS43,2.492114,other
source_file/8BPE,I,HIS43,I,HIS43,0.0,hydrophobic
source_file/8BPE,I,HIS43,I,HIS43,1.4904411,hydrophobic
source_file/8BPE,I,HIS43,I,HIS43,2.5721195,hydrophobic
source_file/8BPE,I,HIS43,I,HIS43,2.5237608,other
source_file/8BPE,I,HIS43,I,HIS43,2.52677,hydrophobic
source_file/8BPE,I,HIS43,I,HIS43,1.4904411,hydrophobic
source_file/8BPE,I,HIS43,I,HIS43,0.0,hydrophobic
source_file/8BPE,I,HIS43,I,HIS43,1.3384491,hydrophobic
source_file/8BPE,I,HIS43,I,HIS43,2.1881142,other
source_file/8BPE,I,HIS43,I,HIS43,1.3781112,other
source_file/8BPE,I,HIS43,I,HIS43,2.2032244,hydrophobic
source_file/8BPE,I,HIS43,I,HIS43,2.5237608,other
source_file/8BPE,I,HIS43,I,HIS43,1.3781112,other
source_file/8BPE,I,HIS43,I,HIS43,2.1709037,other
source_file/8BPE,I,HIS43,I,HIS43,2.1376867,h_bond
source_file/8BPE,I,HIS43,I,HIS43,0.0,h_bond
source_file/8BPE,I,HIS43,I,HIS43,1.3250322,other
source_file/8BPE,I,HIS43,I,HIS43,2.5721195,hydrophobic
source_file/8BPE,I,HIS43,I,HIS43,1.3384491,hydrophobic
source_file/8BPE,I,HIS43,I,HIS43,0.0,hydrophobic
source_file/8BPE,I,HIS43,I,HIS43,1.3708894,other
source_file/8BPE,I,HIS43,I,HIS43,2.1709037,other
source_file/8BPE,I,HIS43,I,HIS43,2.1843765,hydrophobic
source_file/8BPE,I,HIS43,I,HIS43,2.2032244,hydrophobic
source_file/8BPE,I,HIS43,I,HIS43,2.1843765,hydrophobic
source_file/8BPE,I,HIS43,I,HIS43,1.3144414,other
source_file/8BPE,I,HIS43,I,HIS43,1.3250322,other
source_file/8BPE,I,HIS43,I,HIS43,0.0,hydrophobic
source_file/8BPE,I,HIS43,I,HIS43,2.1881142,other
source_file/8BPE,I,HIS43,I,HIS43,1.3708894,other
source_file/8BPE,I,HIS43,I,HIS43,0.0,h_bond
source_file/8BPE,I,HIS43,I,HIS43,2.1376867,h_bond
source_file/8BPE,I,HIS43,I,HIS43,1.3144414,other
source_file/8BPE,I,VAL44,I,VAL44,2.9992275,other
source_file/8BPE,I,VAL44,I,VAL44,2.4986136,other
source_file/8BPE,I,VAL44,I,VAL44,2.4929063,other
source_file/8BPE,I,VAL44,I,VAL44,1.4943696,other
source_file/8BPE,I,VAL44,I,ARG45,2.7423813,h_bond
source_file/8BPE,I,VAL44,I,VAL44,0.0,h_bond
source_file/8BPE,I,VAL44,I,HIS43,1.3367279,other
source_file/8BPE,I,VAL44,I,HIS43,2.2827134,h_bond
source_file/8BPE,I,VAL44,I,HIS43,2.4560232,other
source_file/8BPE,I,VAL44,I,VAL44,2.5342526,hydrophobic
source_file/8BPE,I,VAL44,I,VAL44,1.5417986,hydrophobic
source_file/8BPE,I,VAL44,I,VAL44,2.3776665,other
source_file/8BPE,I,VAL44,I,VAL44,2.5347564,hydrophobic
source_file/8BPE,I,VAL44,I,VAL44,1.532161,hydrophobic
source_file/8BPE,I,VAL44,I,VAL44,0.0,hydrophobic
source_file/8BPE,I,VAL44,I,ARG45,2.467395,other
source_file/8BPE,I,VAL44,I,VAL44,1.4943696,other
source_file/8BPE,I,VAL44,I,HIS43,2.4597785,hydrophobic
source_file/8BPE,I,VAL44,I,HIS43,2.8066175,other
source_file/8BPE,I,VAL44,I,VAL44,2.5315778,hydrophobic
source_file/8BPE,I,VAL44,I,VAL44,1.2426126,other
source_file/8BPE,I,VAL44,I,VAL44,0.0,hydrophobic
source_file/8BPE,I,VAL44,I,ARG45,2.437,hydrophobic
source_file/8BPE,I,VAL44,I,VAL44,1.532161,hydrophobic
source_file/8BPE,I,VAL44,I,ARG45,1.3343319,other
source_file/8BPE,I,VAL44,I,VAL44,2.4929063,other
source_file/8BPE,I,VAL44,I,VAL44,0.0,h_bond
source_file/8BPE,I,VAL44,I,VAL44,1.2426126,other
source_file/8BPE,I,VAL44,I,ARG45,2.7694025,other
source_file/8BPE,I,VAL44,I,VAL44,2.3776665,other
source_file/8BPE,I,VAL44,I,ARG45,2.2735536,h_bond
source_file/8BPE,I,VAL44,I,VAL44,1.5202867,hydrophobic
source_file/8BPE,I,VAL44,I,VAL44,0.0,hydrophobic
source_file/8BPE,I,VAL44,I,VAL44,1.522124,hydrophobic
source_file/8BPE,I,VAL44,I,VAL44,2.5315778,hydrophobic
source_file/8BPE,I,VAL44,I,VAL44,1.5417986,hydrophobic
source_file/8BPE,I,VAL44,I,VAL44,2.4986136,other
source_file/8BPE,I,VAL44,I,VAL44,2.4977949,hydrophobic
source_file/8BPE,I,VAL44,I,VAL44,1.522124,hydrophobic
source_file/8BPE,I,VAL44,I,VAL44,0.0,hydrophobic
source_file/8BPE,I,VAL44,I,VAL44,2.5347564,hydrophobic
source_file/8BPE,I,VAL44,I,VAL44,0.0,hydrophobic
source_file/8BPE,I,VAL44,I,VAL44,1.5202867,hydrophobic
source_file/8BPE,I,VAL44,I,VAL44,2.4977949,hydrophobic
source_file/8BPE,I,VAL44,I,VAL44,2.5342526,hydrophobic
source_file/8BPE,I,VAL44,I,VAL44,2.9992275,other
source_file/8BPE,I,ARG45,I,VAL44,2.2735536,h_bond
source_file/8BPE,I,ARG45,I,VAL44,1.3343319,other
source_file/8BPE,I,ARG45,I,ARG45,1.4867299,other
source_file/8BPE,I,ARG45,I,VAL44,2.467395,other
source_file/8BPE,I,ARG45,I,ARG45,0.0,h_bond
source_file/8BPE,I,ARG45,I,ARG45,2.4737184,other
source_file/8BPE,I,ARG45,I,VAL44,2.7423813,h_bond
source_file/8BPE,I,ARG45,I,ARG45,2.7725697,h_bond
source_file/8BPE,I,ARG45,I,ARG45,2.4941769,other
source_file/8BPE,I,ARG45,I,VAL44,2.7694025,other
source_file/8BPE,I,ARG45,I,ARG45,2.5436032,hydrophobic
source_file/8BPE,I,ARG45,I,VAL44,2.437,hydrophobic
source_file/8BPE,I,ARG45,I,ARG45,0.0,hydrophobic
source_file/8BPE,I,ARG45,I,ARG45,1.4867299,other
source_file/8BPE,I,ARG45,I,ILE46,2.4419324,other
source_file/8BPE,I,ARG45,I,ARG45,1.5278939,hydrophobic
source_file/8BPE,I,ARG45,I,ARG45,2.378991,other
source_file/8BPE,I,ARG45,I,ARG45,1.5300909,hydrophobic
source_file/8BPE,I,ARG45,I,ARG45,1.5278939,hydrophobic
source_file/8BPE,I,ARG45,I,ARG45,2.4737184,other
source_file/8BPE,I,ARG45,I,ILE46,1.332699,other
source_file/8BPE,I,ARG45,I,ARG45,0.0,hydrophobic
source_file/8BPE,I,ARG45,I,ILE46,2.4712014,hydrophobic
source_file/8BPE,I,ARG45,I,ARG45,1.2390517,other
source_file/8BPE,I,ARG45,I,ARG45,2.5052414,hydrophobic
source_file/8BPE,I,ARG45,I,ARG45,2.378991,other
source_file/8BPE,I,ARG45,I,ARG45,2.7725697,h_bond
source_file/8BPE,I,ARG45,I,ILE46,2.2787871,h_bond
source_file/8BPE,I,ARG45,I,ARG45,1.2390517,other
source_file/8BPE,I,ARG45,I,ILE46,2.8400578,other
source_file/8BPE,I,ARG45,I,ARG45,0.0,h_bond
source_file/8BPE,I,ARG45,I,ARG45,2.5560033,hydrophobic
source_file/8BPE,I,ARG45,I,ARG45,1.5212206,hydrophobic
source_file/8BPE,I,ARG45,I,ARG45,1.5300909,hydrophobic
source_file/8BPE,I,ARG45,I,ARG45,2.4941769,other
source_file/8BPE,I,ARG45,I,ARG45,2.5052414,hydrophobic
source_file/8BPE,I,ARG45,I,ARG45,0.0,hydrophobic
source_file/8BPE,I,ARG45,I,ARG45,2.4238222,other
source_file/8BPE,I,ARG45,I,ARG45,1.5126582,hydrophobic
source_file/8BPE,I,ARG45,I,ARG45,0.0,hydrophobic
source_file/8BPE,I,ARG45,I,ARG45,2.5436032,hydrophobic
source_file/8BPE,I,ARG45,I,ARG45,1.5212206,hydrophobic
source_file/8BPE,I,ARG45,I,ARG45,1.4528581,other
source_file/8BPE,I,ARG45,I,ARG45,2.4599397,hydrophobic
source_file/8BPE,I,ARG45,I,ARG45,0.0,hydrophobic
source_file/8BPE,I,ARG45,I,ARG45,1.5126582,hydrophobic
source_file/8BPE,I,ARG45,I,ARG45,2.5560033,hydrophobic
source_file/8BPE,I,ARG45,I,ARG45,2.8106773,other
source_file/8BPE,I,ARG45,I,ARG45,0.0,h_bond
source_file/8BPE,I,ARG45,I,ARG45,1.3253413,other
source_file/8BPE,I,ARG45,I,ARG45,1.4528581,other
source_file/8BPE,I,ARG45,I,ARG45,2.4238222,other
source_file/8BPE,I,ARG45,I,ARG45,2.2912996,h_bond
source_file/8BPE,I,ARG45,I,ARG45,2.2913487,h_bond
source_file/8BPE,I,ARG45,I,ARG45,1.3253413,other
source_file/8BPE,I,ARG45,I,ARG45,0.0,hydrophobic
source_file/8BPE,I,ARG45,I,ARG45,2.4599397,hydrophobic
source_file/8BPE,I,ARG45,I,ARG45,1.3220174,other
source_file/8BPE,I,ARG45,I,ARG45,1.3198639,other
source_file/8BPE,I,ARG45,I,ARG45,2.2913487,h_bond
source_file/8BPE,I,ARG45,I,ARG45,1.3198639,other
source_file/8BPE,I,ARG45,I,ARG45,2.8106773,other
source_file/8BPE,I,ARG45,I,ARG45,2.2887485,h_bond
source_file/8BPE,I,ARG45,I,ARG45,0.0,h_bond
source_file/8BPE,I,ARG45,I,ARG45,2.2912996,h_bond
source_file/8BPE,I,ARG45,I,ARG45,1.3220174,other
source_file/8BPE,I,ARG45,I,ARG45,0.0,h_bond
source_file/8BPE,I,ARG45,I,THR60,2.9523306,h_bond
source_file/8BPE,I,ARG45,I,ARG45,2.2887485,h_bond
source_file/8BPE,I,ARG45,I,THR110,2.94775,h_bond
source_file/8BPE,I,ILE46,I,ARG45,2.4419324,other
source_file/8BPE,I,ILE46,I,ILE46,0.0,h_bond
source_file/8BPE,I,ILE46,I,ARG45,1.332699,other
source_file/8BPE,I,ILE46,I,ILE46,1.4910932,other
source_file/8BPE,I,ILE46,I,ARG45,2.2787871,h_bond
source_file/8BPE,I,ILE46,I,ILE46,2.8158944,h_bond
source_file/8BPE,I,ILE46,I,ILE46,2.430538,other
source_file/8BPE,I,ILE46,I,ILE46,2.4999294,other
source_file/8BPE,I,ILE46,I,ILE46,1.4910932,other
source_file/8BPE,I,ILE46,I,ARG45,2.4712014,hydrophobic
source_file/8BPE,I,ILE46,I,ILE46,0.0,hydrophobic
source_file/8BPE,I,ILE46,I,ARG45,2.8400578,other
source_file/8BPE,I,ILE46,I,ILE46,2.5495253,hydrophobic
source_file/8BPE,I,ILE46,I,ILE46,2.3744276,other
source_file/8BPE,I,ILE46,I,ILE46,1.5272315,hydrophobic
source_file/8BPE,I,ILE46,I,TYR47,2.4511113,other
source_file/8BPE,I,ILE46,I,ILE46,1.5414913,hydrophobic
source_file/8BPE,I,ILE46,I,ILE46,2.5178888,hydrophobic
source_file/8BPE,I,ILE46,I,ILE46,2.430538,other
source_file/8BPE,I,ILE46,I,ILE46,1.5272315,hydrophobic
source_file/8BPE,I,ILE46,I,ILE46,1.2401708,other
source_file/8BPE,I,ILE46,I,ILE46,0.0,hydrophobic
source_file/8BPE,I,ILE46,I,TYR47,2.4343648,hydrophobic
source_file/8BPE,I,ILE46,I,TYR47,1.3298962,other
source_file/8BPE,I,ILE46,I,ILE46,2.5408995,hydrophobic
source_file/8BPE,I,ILE46,I,ILE46,2.8550851,hydrophobic
source_file/8BPE,I,ILE46,I,ILE46,2.8158944,h_bond
source_file/8BPE,I,ILE46,I,ILE46,2.3744276,other
source_file/8BPE,I,ILE46,I,ILE46,0.0,h_bond
source_file/8BPE,I,ILE46,I,ILE46,1.2401708,other
source_file/8BPE,I,ILE46,I,TYR47,2.8053126,other
source_file/8BPE,I,ILE46,I,TYR47,2.2715912,h_bond
source_file/8BPE,I,ILE46,I,ILE46,2.4999294,other
source_file/8BPE,I,ILE46,I,ILE46,1.5414913,hydrophobic
source_file/8BPE,I,ILE46,I,ILE46,1.530013,hydrophobic
source_file/8BPE,I,ILE46,I,ILE46,2.5472724,hydrophobic
source_file/8BPE,I,ILE46,I,ILE46,2.5408995,hydrophobic
source_file/8BPE,I,ILE46,I,ILE46,0.0,hydrophobic
source_file/8BPE,I,ILE46,I,ILE46,1.5187252,hydrophobic
source_file/8BPE,I,ILE46,I,ILE46,2.5495253,hydrophobic
source_file/8BPE,I,ILE46,I,ILE46,0.0,hydrophobic
source_file/8BPE,I,ILE46,I,ILE46,1.5093147,hydrophobic
source_file/8BPE,I,ILE46,I,ILE46,1.530013,hydrophobic
source_file/8BPE,I,ILE46,I,ILE46,2.5185971,hydrophobic
source_file/8BPE,I,ILE46,I,ILE46,2.5178888,hydrophobic
source_file/8BPE,I,ILE46,I,ILE46,2.5185971,hydrophobic
source_file/8BPE,I,ILE46,I,ILE46,2.8550851,hydrophobic
source_file/8BPE,I,ILE46,I,ILE46,1.5187252,hydrophobic
source_file/8BPE,I,ILE46,I,ILE46,0.0,hydrophobic
source_file/8BPE,I,ILE46,I,ILE46,1.5093147,hydrophobic
source_file/8BPE,I,ILE46,I,ILE46,0.0,hydrophobic
source_file/8BPE,I,ILE46,I,ILE46,2.5472724,hydrophobic
source_file/8BPE,I,TYR47,I,ILE46,2.4511113,other
source_file/8BPE,I,TYR47,I,TYR47,2.4653573,other
source_file/8BPE,I,TYR47,I,TYR47,2.9790916,other
source_file/8BPE,I,TYR47,I,ILE46,2.2715912,h_bond
source_file/8BPE,I,TYR47,I,ILE46,1.3298962,other
source_file/8BPE,I,TYR47,I,TYR47,1.4525373,other
source_file/8BPE,I,TYR47,I,TYR47,0.0,h_bond
source_file/8BPE,I,TYR47,I,TYR47,2.4411304,other
source_file/8BPE,I,TYR47,I,TYR47,2.7018857,h_bond
source_file/8BPE,I,TYR47,I,TYR47,1.5321062,hydrophobic
source_file/8BPE,I,TYR47,I,TYR47,2.5579731,hydrophobic
source_file/8BPE,I,TYR47,I,ILE46,2.8053126,other
source_file/8BPE,I,TYR47,I,ILE46,2.4343648,hydrophobic
source_file/8BPE,I,TYR47,I,TYR47,0.0,hydrophobic
source_file/8BPE,I,TYR47,I,TYR47,1.4525373,other
source_file/8BPE,I,TYR47,I,TYR47,1.5236622,hydrophobic
source_file/8BPE,I,TYR47,I,TYR47,2.4122798,other
source_file/8BPE,I,TYR47,I,LEU48,2.4182434,other
source_file/8BPE,I,TYR47,I,TYR47,2.5100732,hydrophobic
source_file/8BPE,I,TYR47,I,TYR47,1.5236622,hydrophobic
source_file/8BPE,I,TYR47,I,TYR47,2.4411304,other
source_file/8BPE,I,TYR47,I,TYR47,0.0,hydrophobic
source_file/8BPE,I,TYR47,I,TYR47,1.2327853,other
source_file/8BPE,I,TYR47,I,LEU48,1.3342516,other
source_file/8BPE,I,TYR47,I,LEU48,2.4527903,hydrophobic
source_file/8BPE,I,TYR47,I,TYR47,2.4122798,other
source_file/8BPE,I,TYR47,I,TYR47,2.7018857,h_bond
source_file/8BPE,I,TYR47,I,TYR47,1.2327853,other
source_file/8BPE,I,TYR47,I,TYR47,0.0,h_bond
source_file/8BPE,I,TYR47,I,LEU48,2.254333,h_bond
source_file/8BPE,I,TYR47,I,LEU48,2.7730122,other
source_file/8BPE,I,TYR47,I,TYR47,0.0,hydrophobic
source_file/8BPE,I,TYR47,I,TYR47,1.5081658,hydrophobic
source_file/8BPE,I,TYR47,I,TYR47,2.51799,hydrophobic
source_file/8BPE,I,TYR47,I,TYR47,1.5321062,hydrophobic
source_file/8BPE,I,TYR47,I,TYR47,2.4653573,other
source_file/8BPE,I,TYR47,I,TYR47,2.5100732,hydrophobic
source_file/8BPE,I,TYR47,I,TYR47,2.519317,hydrophobic
source_file/8BPE,I,TYR47,I,TYR47,1.5081658,hydrophobic
source_file/8BPE,I,TYR47,I,TYR47,0.0,hydrophobic
source_file/8BPE,I,TYR47,I,TYR47,1.3855878,hydrophobic
source_file/8BPE,I,TYR47,I,TYR47,2.4082072,hydrophobic
source_file/8BPE,I,TYR47,I,TYR47,2.5579731,hydrophobic
source_file/8BPE,I,TYR47,I,TYR47,2.9790916,other
source_file/8BPE,I,TYR47,I,TYR47,2.4072704,hydrophobic
source_file/8BPE,I,TYR47,I,TYR47,1.3867595,hydrophobic
source_file/8BPE,I,TYR47,I,TYR47,2.773612,hydrophobic
source_file/8BPE,I,TYR47,I,TYR47,2.519317,hydrophobic
source_file/8BPE,I,TYR47,I,TYR47,1.3867595,hydrophobic
source_file/8BPE,I,TYR47,I,TYR47,2.3786554,hydrophobic
source_file/8BPE,I,TYR47,I,TYR47,2.7554865,hydrophobic
source_file/8BPE,I,TYR47,I,TYR47,1.3783648,hydrophobic
source_file/8BPE,I,TYR47,I,TYR47,0.0,hydrophobic
source_file/8BPE,I,TYR47,I,TYR47,2.380989,hydrophobic
source_file/8BPE,I,TYR47,I,TYR47,2.51799,hydrophobic
source_file/8BPE,I,TYR47,I,TYR47,1.3855878,hydrophobic
source_file/8BPE,I,TYR47,I,TYR47,0.0,hydrophobic
source_file/8BPE,I,TYR47,I,TYR47,1.3781867,hydrophobic
source_file/8BPE,I,TYR47,I,TYR47,2.752477,hydrophobic
source_file/8BPE,I,TYR47,I,TYR47,2.3786554,hydrophobic
source_file/8BPE,I,TYR47,I,TYR47,2.379122,hydrophobic
source_file/8BPE,I,TYR47,I,TYR47,2.4072704,hydrophobic
source_file/8BPE,I,TYR47,I,TYR47,2.752477,hydrophobic
source_file/8BPE,I,TYR47,I,TYR47,2.389911,hydrophobic
source_file/8BPE,I,TYR47,I,TYR47,0.0,hydrophobic
source_file/8BPE,I,TYR47,I,TYR47,1.3783648,hydrophobic
source_file/8BPE,I,TYR47,I,TYR47,1.3765545,hydrophobic
source_file/8BPE,I,TYR47,I,TYR47,2.3799934,other
source_file/8BPE,I,TYR47,I,TYR47,2.4082072,hydrophobic
source_file/8BPE,I,TYR47,I,TYR47,1.3781867,hydrophobic
source_file/8BPE,I,TYR47,I,TYR47,0.0,hydrophobic
source_file/8BPE,I,TYR47,I,TYR47,2.389911,hydrophobic
source_file/8BPE,I,TYR47,I,TYR47,2.7554865,hydrophobic
source_file/8BPE,I,TYR47,I,TYR47,1.3765223,hydrophobic
source_file/8BPE,I,TYR47,I,TYR47,2.3796253,other
source_file/8BPE,I,TYR47,I,TYR47,2.773612,hydrophobic
source_file/8BPE,I,TYR47,I,TYR47,2.379122,hydrophobic
source_file/8BPE,I,TYR47,I,TYR47,1.3765223,hydrophobic
source_file/8BPE,I,TYR47,I,TYR47,1.3765545,hydrophobic
source_file/8BPE,I,TYR47,I,TYR47,2.380989,hydrophobic
source_file/8BPE,I,TYR47,I,TYR47,0.0,hydrophobic
source_file/8BPE,I,TYR47,I,TYR47,1.3747213,other
source_file/8BPE,I,TYR47,I,TYR47,2.3796253,other
source_file/8BPE,I,TYR47,I,TYR47,2.3799934,other
source_file/8BPE,I,TYR47,I,TYR47,1.3747213,other
source_file/8BPE,I,TYR47,I,THR110,2.5470002,h_bond
source_file/8BPE,I,TYR47,I,TYR47,0.0,h_bond
source_file/8BPE,I,LEU48,I,TYR47,2.4182434,other
source_file/8BPE,I,LEU48,I,TYR47,1.3342516,other
source_file/8BPE,I,LEU48,I,TYR47,2.254333,h_bond
source_file/8BPE,I,LEU48,I,LEU48,0.0,h_bond
source_file/8BPE,I,LEU48,I,LEU48,2.4226606,other
source_file/8BPE,I,LEU48,I,LEU48,2.4520319,other
source_file/8BPE,I,LEU48,I,CYS49,2.8371992,h_bond
source_file/8BPE,I,LEU48,I,LEU48,1.4857533,other
source_file/8BPE,I,LEU48,I,TYR47,2.4527903,hydrophobic
source_file/8BPE,I,LEU48,I,TYR47,2.7730122,other
source_file/8BPE,I,LEU48,I,LEU48,2.5904846,hydrophobic
source_file/8BPE,I,LEU48,I,LEU48,1.4857533,other
source_file/8BPE,I,LEU48,I,LEU48,2.3872972,other
source_file/8BPE,I,LEU48,I,LEU48,1.5292517,hydrophobic
source_file/8BPE,I,LEU48,I,LEU48,1.531095,hydrophobic
source_file/8BPE,I,LEU48,I,CYS49,2.4492457,other
source_file/8BPE,I,LEU48,I,LEU48,0.0,hydrophobic
source_file/8BPE,I,LEU48,I,LEU48,2.4226606,other
source_file/8BPE,I,LEU48,I,CYS49,2.4576619,hydrophobic
source_file/8BPE,I,LEU48,I,LEU48,1.2466507,other
source_file/8BPE,I,LEU48,I,LEU48,0.0,hydrophobic
source_file/8BPE,I,LEU48,I,LEU48,2.5325356,hydrophobic
source_file/8BPE,I,LEU48,I,CYS49,1.3367822,other
source_file/8BPE,I,LEU48,I,LEU48,1.5292517,hydrophobic
source_file/8BPE,I,LEU48,I,CYS49,2.8144832,other
source_file/8BPE,I,LEU48,I,LEU48,0.0,h_bond
source_file/8BPE,I,LEU48,I,LEU48,1.2466507,other
source_file/8BPE,I,LEU48,I,LEU48,2.7100575,other
source_file/8BPE,I,LEU48,I,CYS49,2.286178,h_bond
source_file/8BPE,I,LEU48,I,LEU48,2.3872972,other
source_file/8BPE,I,LEU48,I,CYS49,2.932664,other
source_file/8BPE,I,LEU48,I,LEU48,1.5283419,hydrophobic
source_file/8BPE,I,LEU48,I,LEU48,2.4520319,other
source_file/8BPE,I,LEU48,I,LEU48,2.7100575,other
source_file/8BPE,I,LEU48,I,LEU48,2.5325356,hydrophobic
source_file/8BPE,I,LEU48,I,LEU48,0.0,hydrophobic
source_file/8BPE,I,LEU48,I,LEU48,1.531095,hydrophobic
source_file/8BPE,I,LEU48,I,LEU48,2.5108902,hydrophobic
source_file/8BPE,I,LEU48,I,LEU48,2.513304,hydrophobic
source_file/8BPE,I,LEU48,I,LEU48,0.0,hydrophobic
source_file/8BPE,I,LEU48,I,LEU48,1.5283419,hydrophobic
source_file/8BPE,I,LEU48,I,LEU48,2.5904846,hydrophobic
source_file/8BPE,I,LEU48,I,LEU48,1.5203019,hydrophobic
source_file/8BPE,I,LEU48,I,LEU48,1.5196015,hydrophobic
source_file/8BPE,I,LEU48,I,LEU48,1.5203019,hydrophobic
source_file/8BPE,I,LEU48,I,LEU48,2.5108902,hydrophobic
source_file/8BPE,I,LEU48,I,LEU48,0.0,hydrophobic
source_file/8BPE,I,LEU48,I,LEU48,2.4982104,hydrophobic
source_file/8BPE,I,LEU48,I,LEU48,1.5196015,hydrophobic
source_file/8BPE,I,LEU48,I,LEU48,2.513304,hydrophobic
source_file/8BPE,I,LEU48,I,LEU48,2.4982104,hydrophobic
source_file/8BPE,I,LEU48,I,LEU48,0.0,hydrophobic
source_file/8BPE,I,CYS49,I,LEU48,2.8371992,h_bond
source_file/8BPE,I,CYS49,I,CYS49,2.4811044,other
source_file/8BPE,I,CYS49,I,CYS49,1.4905388,other
source_file/8BPE,I,CYS49,I,LEU48,2.286178,h_bond
source_file/8BPE,I,CYS49,I,LEU48,1.3367822,other
source_file/8BPE,I,CYS49,I,CYS49,0.0,h_bond
source_file/8BPE,I,CYS49,I,LEU48,2.4492457,other
source_file/8BPE,I,CYS49,I,CYS49,2.4741998,other
source_file/8BPE,I,CYS49,I,CYS49,2.717661,h_bond
source_file/8BPE,I,CYS49,I,CYS49,1.5269148,hydrophobic
source_file/8BPE,I,CYS49,I,CYS49,0.0,hydrophobic
source_file/8BPE,I,CYS49,I,LEU48,2.8144832,other
source_file/8BPE,I,CYS49,I,LEU48,2.4576619,hydrophobic
source_file/8BPE,I,CYS49,I,CYS49,1.4905388,other
source_file/8BPE,I,CYS49,I,ARG50,2.4655232,other
source_file/8BPE,I,CYS49,I,CYS49,1.5355104,hydrophobic
source_file/8BPE,I,CYS49,I,CYS49,2.8187077,hydrophobic
source_file/8BPE,I,CYS49,I,CYS49,2.3879628,other
source_file/8BPE,I,CYS49,I,CYS49,2.5622382,hydrophobic
source_file/8BPE,I,CYS49,I,CYS49,1.5355104,hydrophobic
source_file/8BPE,I,CYS49,I,LEU48,2.932664,other
source_file/8BPE,I,CYS49,I,CYS49,2.4741998,other
source_file/8BPE,I,CYS49,I,ARG50,1.3386561,other
source_file/8BPE,I,CYS49,I,CYS49,0.0,hydrophobic
source_file/8BPE,I,CYS49,I,ARG50,2.4676526,hydrophobic
source_file/8BPE,I,CYS49,I,CYS49,1.2467657,other
source_file/8BPE,I,CYS49,I,CYS49,2.3879628,other
source_file/8BPE,I,CYS49,I,CYS49,2.717661,h_bond
source_file/8BPE,I,CYS49,I,ARG50,2.2846866,h_bond
source_file/8BPE,I,CYS49,I,CYS49,1.2467657,other
source_file/8BPE,I,CYS49,I,ARG50,2.826968,other
source_file/8BPE,I,CYS49,I,CYS49,0.0,h_bond
source_file/8BPE,I,CYS49,I,GLU51,2.8769257,h_bond
source_file/8BPE,I,CYS49,I,CYS49,0.0,hydrophobic
source_file/8BPE,I,CYS49,I,CYS49,1.5269148,hydrophobic
source_file/8BPE,I,CYS49,I,CYS49,2.4811044,other
source_file/8BPE,I,CYS49,I,CYS49,2.5622382,hydrophobic
source_file/8BPE,I,CYS49,I,CYS58,2.2897327,hydrophobic
source_file/8BPE,I,CYS49,I,CYS49,1.8103721,hydrophobic
source_file/8BPE,I,CYS49,I,CYS49,1.8103721,hydrophobic
source_file/8BPE,I,CYS49,I,CYS49,2.8187077,hydrophobic
source_file/8BPE,I,CYS49,I,CYS58,1.578642,hydrophobic
source_file/8BPE,I,CYS49,I,CYS49,0.0,hydrophobic
source_file/8BPE,I,ARG50,I,CYS49,2.4655232,other
source_file/8BPE,I,ARG50,I,ARG50,0.0,h_bond
source_file/8BPE,I,ARG50,I,CYS49,1.3386561,other
source_file/8BPE,I,ARG50,I,ARG50,2.4485154,other
source_file/8BPE,I,ARG50,I,ARG50,1.4907055,other
source_file/8BPE,I,ARG50,I,GLU51,2.7821324,h_bond
source_file/8BPE,I,ARG50,I,ARG50,2.511931,other
source_file/8BPE,I,ARG50,I,CYS49,2.2846866,h_bond
source_file/8BPE,I,ARG50,I,ARG50,1.4907055,other
source_file/8BPE,I,ARG50,I,CYS49,2.4676526,hydrophobic
source_file/8BPE,I,ARG50,I,ARG50,1.5326865,hydrophobic
source_file/8BPE,I,ARG50,I,ARG50,0.0,hydrophobic
source_file/8BPE,I,ARG50,I,GLU51,2.470978,other
source_file/8BPE,I,ARG50,I,ARG50,2.5768604,hydrophobic
source_file/8BPE,I,ARG50,I,ARG50,1.5340936,hydrophobic
source_file/8BPE,I,ARG50,I,CYS49,2.826968,other
source_file/8BPE,I,ARG50,I,ARG50,2.3796806,other
source_file/8BPE,I,ARG50,I,ARG50,2.511931,other
source_file/8BPE,I,ARG50,I,ARG50,2.5222821,hydrophobic
source_file/8BPE,I,ARG50,I,ARG50,1.5340936,hydrophobic
source_file/8BPE,I,ARG50,I,GLU51,1.3375456,other
source_file/8BPE,I,ARG50,I,MET52,2.9497955,other
source_file/8BPE,I,ARG50,I,ARG50,0.0,hydrophobic
source_file/8BPE,I,ARG50,I,GLU51,2.490691,hydrophobic
source_file/8BPE,I,ARG50,I,GLU51,2.9538677,hydrophobic
source_file/8BPE,I,ARG50,I,ARG50,1.2476207,other
source_file/8BPE,I,ARG50,I,ARG50,2.3796806,other
source_file/8BPE,I,ARG50,I,GLU51,2.2843766,h_bond
source_file/8BPE,I,ARG50,I,MET52,2.825044,h_bond
source_file/8BPE,I,ARG50,I,ARG50,1.2476207,other
source_file/8BPE,I,ARG50,I,GLU51,2.86098,other
source_file/8BPE,I,ARG50,I,GLU51,2.7996848,other
source_file/8BPE,I,ARG50,I,ARG50,0.0,h_bond
source_file/8BPE,I,ARG50,I,GLU51,2.975726,other
source_file/8BPE,I,ARG50,I,ARG50,2.4485154,other
source_file/8BPE,I,ARG50,I,ARG50,0.0,hydrophobic
source_file/8BPE,I,ARG50,I,ARG50,1.5326865,hydrophobic
source_file/8BPE,I,ARG50,I,ARG50,1.5200726,hydrophobic
source_file/8BPE,I,ARG50,I,ARG50,2.490996,hydrophobic
source_file/8BPE,I,ARG50,I,ARG50,2.5222821,hydrophobic
source_file/8BPE,I,ARG50,I,ARG50,1.5200726,hydrophobic
source_file/8BPE,I,ARG50,I,ARG50,2.5768604,hydrophobic
source_file/8BPE,I,ARG50,I,ARG50,0.0,hydrophobic
source_file/8BPE,I,ARG50,I,ARG50,1.5146424,hydrophobic
source_file/8BPE,I,ARG50,I,ARG50,2.4657707,other
source_file/8BPE,I,ARG50,I,ARG50,2.490996,hydrophobic
source_file/8BPE,I,ARG50,I,ARG50,1.5146424,hydrophobic
source_file/8BPE,I,ARG50,I,ARG50,2.8100023,other
source_file/8BPE,I,ARG50,I,ARG50,2.4613743,hydrophobic
source_file/8BPE,I,ARG50,I,ARG50,0.0,hydrophobic
source_file/8BPE,I,ARG50,I,ARG50,1.4554279,other
source_file/8BPE,I,ARG50,I,ARG50,2.4657707,other
source_file/8BPE,I,ARG50,I,ARG50,2.2941074,h_bond
source_file/8BPE,I,ARG50,I,ARG50,1.3276167,other
source_file/8BPE,I,ARG50,I,ARG50,1.4554279,other
source_file/8BPE,I,ARG50,I,ARG50,2.2942467,h_bond
source_file/8BPE,I,ARG50,I,ARG50,0.0,h_bond
source_file/8BPE,I,ARG50,I,SER99,2.8609612,h_bond
source_file/8BPE,I,ARG50,I,ARG50,1.3215846,other
source_file/8BPE,I,ARG50,I,SER97,2.9929342,other
source_file/8BPE,I,ARG50,I,ARG50,0.0,hydrophobic
source_file/8BPE,I,ARG50,I,ARG50,2.4613743,hydrophobic
source_file/8BPE,I,ARG50,I,ARG50,1.3218775,other
source_file/8BPE,I,ARG50,I,ARG50,1.3276167,other
source_file/8BPE,I,ARG50,I,ARG50,0.0,h_bond
source_file/8BPE,I,ARG50,I,SER97,2.7989917,h_bond
source_file/8BPE,I,ARG50,I,ARG50,1.3215846,other
source_file/8BPE,I,ARG50,I,ARG50,2.8100023,other
source_file/8BPE,I,ARG50,I,ARG50,2.289756,h_bond
source_file/8BPE,I,ARG50,I,ARG50,2.2941074,h_bond
source_file/8BPE,I,ARG50,I,ARG50,2.289756,h_bond
source_file/8BPE,I,ARG50,I,SER97,2.8271422,h_bond
source_file/8BPE,I,ARG50,I,ARG50,1.3218775,other
source_file/8BPE,I,ARG50,I,ARG50,0.0,h_bond
source_file/8BPE,I,ARG50,I,ARG50,2.2942467,h_bond
source_file/8BPE,I,ARG50,I,SER99,2.8890512,h_bond
source_file/8BPE,I,GLU51,I,ARG50,2.7821324,h_bond
source_file/8BPE,I,GLU51,I,ARG50,2.470978,other
source_file/8BPE,I,GLU51,I,GLU51,0.0,h_bond
source_file/8BPE,I,GLU51,I,MET52,2.7791965,h_bond
source_file/8BPE,I,GLU51,I,ARG50,1.3375456,other
source_file/8BPE,I,GLU51,I,GLU51,1.4950349,other
source_file/8BPE,I,GLU51,I,GLU51,2.492064,other
source_file/8BPE,I,GLU51,I,ARG50,2.2843766,h_bond
source_file/8BPE,I,GLU51,I,GLU51,2.5197036,other
source_file/8BPE,I,GLU51,I,GLU51,1.4950349,other
source_file/8BPE,I,GLU51,I,MET52,2.4600244,other
source_file/8BPE,I,GLU51,I,ARG50,2.490691,hydrophobic
source_file/8BPE,I,GLU51,I,GLU51,0.0,hydrophobic
source_file/8BPE,I,GLU51,I,GLU51,1.5361376,hydrophobic
source_file/8BPE,I,GLU51,I,ARG50,2.86098,other
source_file/8BPE,I,GLU51,I,GLU51,2.3931122,other
source_file/8BPE,I,GLU51,I,GLU51,1.5370524,hydrophobic
source_file/8BPE,I,GLU51,I,GLU51,2.5873773,hydrophobic
source_file/8BPE,I,GLU51,I,GLU51,2.492064,other
source_file/8BPE,I,GLU51,I,MET52,1.3352987,other
source_file/8BPE,I,GLU51,I,ARG50,2.9538677,hydrophobic
source_file/8BPE,I,GLU51,I,MET52,2.4490483,hydrophobic
source_file/8BPE,I,GLU51,I,GLU51,1.5361376,hydrophobic
source_file/8BPE,I,GLU51,I,GLU51,0.0,hydrophobic
source_file/8BPE,I,GLU51,I,ARG50,2.7996848,other
source_file/8BPE,I,GLU51,I,GLU51,1.2466536,other
source_file/8BPE,I,GLU51,I,GLU51,2.5459788,hydrophobic
source_file/8BPE,I,GLU51,I,MET52,2.280193,h_bond
source_file/8BPE,I,GLU51,I,MET52,2.7943802,other
source_file/8BPE,I,GLU51,I,GLU51,2.3931122,other
source_file/8BPE,I,GLU51,I,GLU51,1.2466536,other
source_file/8BPE,I,GLU51,I,GLU51,0.0,h_bond
source_file/8BPE,I,GLU51,I,GLU51,2.76031,other
source_file/8BPE,I,GLU51,I,GLU51,2.9990766,other
source_file/8BPE,I,GLU51,I,GLU51,2.5197036,other
source_file/8BPE,I,GLU51,I,GLU51,2.758541,other
source_file/8BPE,I,GLU51,I,GLU51,2.5614424,hydrophobic
source_file/8BPE,I,GLU51,I,GLU51,1.5370524,hydrophobic
source_file/8BPE,I,GLU51,I,GLU51,2.5459788,hydrophobic
source_file/8BPE,I,GLU51,I,GLU51,2.76031,other
source_file/8BPE,I,GLU51,I,GLU51,0.0,hydrophobic
source_file/8BPE,I,GLU51,I,GLU51,1.5189204,hydrophobic
source_file/8BPE,I,GLU51,I,GLU51,2.3727503,other
source_file/8BPE,I,GLU51,I,GLU51,1.5188466,hydrophobic
source_file/8BPE,I,GLU51,I,GLU51,2.378331,other
source_file/8BPE,I,GLU51,I,GLU51,2.5873773,hydrophobic
source_file/8BPE,I,GLU51,I,ARG50,2.975726,other
source_file/8BPE,I,GLU51,I,GLU51,2.9990766,other
source_file/8BPE,I,GLU51,I,GLU51,1.5189204,hydrophobic
source_file/8BPE,I,GLU51,I,GLU51,0.0,hydrophobic
source_file/8BPE,I,GLU51,I,GLU51,1.2439597,other
source_file/8BPE,I,GLU51,I,GLU51,0.0,hydrophobic
source_file/8BPE,I,GLU51,I,GLU51,1.2466682,other
source_file/8BPE,I,GLU51,I,GLU51,2.5614424,hydrophobic
source_file/8BPE,I,GLU51,I,GLU51,1.5188466,hydrophobic
source_file/8BPE,I,GLU51,I,GLU51,2.195743,h_bond
source_file/8BPE,I,GLU51,I,GLU51,1.2466682,other
source_file/8BPE,I,GLU51,I,GLU51,0.0,h_bond
source_file/8BPE,I,GLU51,I,GLU51,2.378331,other
source_file/8BPE,I,GLU51,I,CYS49,2.8769257,h_bond
source_file/8BPE,I,GLU51,I,GLU51,0.0,h_bond
source_file/8BPE,I,GLU51,I,GLU51,1.2439597,other
source_file/8BPE,I,GLU51,I,GLU51,2.195743,h_bond
source_file/8BPE,I,GLU51,I,GLU51,2.758541,other
source_file/8BPE,I,GLU51,I,GLU51,2.3727503,other
source_file/8BPE,I,MET52,I,MET52,2.4579532,other
source_file/8BPE,I,MET52,I,ALA53,2.9327395,h_bond
source_file/8BPE,I,MET52,I,MET52,2.4925961,other
source_file/8BPE,I,MET52,I,GLU51,2.7791965,h_bond
source_file/8BPE,I,MET52,I,MET52,0.0,h_bond
source_file/8BPE,I,MET52,I,ARG50,2.9497955,other
source_file/8BPE,I,MET52,I,MET52,1.4876307,other
source_file/8BPE,I,MET52,I,GLU51,2.4600244,other
source_file/8BPE,I,MET52,I,GLU51,1.3352987,other
source_file/8BPE,I,MET52,I,ARG50,2.825044,h_bond
source_file/8BPE,I,MET52,I,GLU51,2.280193,h_bond
source_file/8BPE,I,MET52,I,MET52,2.3890336,other
source_file/8BPE,I,MET52,I,MET52,1.5319912,hydrophobic
source_file/8BPE,I,MET52,I,ALA53,2.4481707,other
source_file/8BPE,I,MET52,I,MET52,1.5318946,hydrophobic
source_file/8BPE,I,MET52,I,MET52,1.4876307,other
source_file/8BPE,I,MET52,I,MET52,0.0,hydrophobic
source_file/8BPE,I,MET52,I,GLU51,2.4490483,hydrophobic
source_file/8BPE,I,MET52,I,GLU51,2.7943802,other
source_file/8BPE,I,MET52,I,MET52,2.5427787,hydrophobic
source_file/8BPE,I,MET52,I,MET52,1.245974,other
source_file/8BPE,I,MET52,I,ALA53,2.4575765,hydrophobic
source_file/8BPE,I,MET52,I,MET52,0.0,hydrophobic
source_file/8BPE,I,MET52,I,ALA53,1.3367152,other
source_file/8BPE,I,MET52,I,MET52,2.5109196,hydrophobic
source_file/8BPE,I,MET52,I,MET52,2.4579532,other
source_file/8BPE,I,MET52,I,MET52,1.5319912,hydrophobic
source_file/8BPE,I,MET52,I,MET52,0.0,h_bond
source_file/8BPE,I,MET52,I,ALA53,2.8267555,other
source_file/8BPE,I,MET52,I,MET52,1.245974,other
source_file/8BPE,I,MET52,I,ALA53,2.2884076,h_bond
source_file/8BPE,I,MET52,I,MET52,2.6702724,other
source_file/8BPE,I,MET52,I,MET52,2.3890336,other
source_file/8BPE,I,MET52,I,MET52,2.6702724,other
source_file/8BPE,I,MET52,I,MET52,2.5109196,hydrophobic
source_file/8BPE,I,MET52,I,MET52,0.0,hydrophobic
source_file/8BPE,I,MET52,I,MET52,2.4925961,other
source_file/8BPE,I,MET52,I,MET52,1.5318946,hydrophobic
source_file/8BPE,I,MET52,I,MET52,1.517169,hydrophobic
source_file/8BPE,I,MET52,I,MET52,2.9655142,hydrophobic
source_file/8BPE,I,MET52,I,MET52,2.779309,hydrophobic
source_file/8BPE,I,MET52,I,MET52,1.517169,hydrophobic
source_file/8BPE,I,MET52,I,MET52,2.5427787,hydrophobic
source_file/8BPE,I,MET52,I,MET52,0.0,hydrophobic
source_file/8BPE,I,MET52,I,MET52,2.7725308,hydrophobic
source_file/8BPE,I,MET52,I,MET52,1.8103268,hydrophobic
source_file/8BPE,I,MET52,I,MET52,2.779309,hydrophobic
source_file/8BPE,I,MET52,I,MET52,1.8103268,hydrophobic
source_file/8BPE,I,MET52,I,MET52,1.7929238,hydrophobic
source_file/8BPE,I,MET52,I,MET52,0.0,hydrophobic
source_file/8BPE,I,MET52,I,MET52,2.9655142,hydrophobic
source_file/8BPE,I,MET52,I,MET52,2.7725308,hydrophobic
source_file/8BPE,I,MET52,I,MET52,0.0,hydrophobic
source_file/8BPE,I,MET52,I,MET52,1.7929238,hydrophobic
source_file/8BPE,I,ALA53,I,ALA53,2.4468994,other
source_file/8BPE,I,ALA53,I,MET52,2.2884076,h_bond
source_file/8BPE,I,ALA53,I,ALA53,1.481418,other
source_file/8BPE,I,ALA53,I,MET52,1.3367152,other
source_file/8BPE,I,ALA53,I,ALA53,0.0,h_bond
source_file/8BPE,I,ALA53,I,ALA53,2.4593992,other
source_file/8BPE,I,ALA53,I,MET52,2.9327395,h_bond
source_file/8BPE,I,ALA53,I,MET52,2.4481707,other
source_file/8BPE,I,ALA53,I,ALA53,2.7178435,h_bond
source_file/8BPE,I,ALA53,I,ALA53,1.5086584,hydrophobic
source_file/8BPE,I,ALA53,I,MET52,2.8267555,other
source_file/8BPE,I,ALA53,I,ALA53,0.0,hydrophobic
source_file/8BPE,I,ALA53,I,MET52,2.4575765,hydrophobic
source_file/8BPE,I,ALA53,I,GLY54,2.4537437,other
source_file/8BPE,I,ALA53,I,ALA53,1.481418,other
source_file/8BPE,I,ALA53,I,ALA53,1.5322113,hydrophobic
source_file/8BPE,I,ALA53,I,ALA53,2.389092,other
source_file/8BPE,I,ALA53,I,ALA53,2.5106325,hydrophobic
source_file/8BPE,I,ALA53,I,ALA53,1.5322113,hydrophobic
source_file/8BPE,I,ALA53,I,GLY54,1.3367668,other
source_file/8BPE,I,ALA53,I,ALA53,2.4593992,other
source_file/8BPE,I,ALA53,I,ALA53,0.0,hydrophobic
source_file/8BPE,I,ALA53,I,GLY54,2.4503636,hydrophobic
source_file/8BPE,I,ALA53,I,ALA53,1.2469215,other
source_file/8BPE,I,ALA53,I,ALA53,2.389092,other
source_file/8BPE,I,ALA53,I,GLY54,2.2857568,h_bond
source_file/8BPE,I,ALA53,I,ALA53,2.7178435,h_bond
source_file/8BPE,I,ALA53,I,ALA53,1.2469215,other
source_file/8BPE,I,ALA53,I,GLY54,2.81309,other
source_file/8BPE,I,ALA53,I,GLY54,2.9810908,other
source_file/8BPE,I,ALA53,I,ALA53,0.0,h_bond
source_file/8BPE,I,ALA53,I,ALA53,0.0,hydrophobic
source_file/8BPE,I,ALA53,I,ALA53,1.5086584,hydrophobic
source_file/8BPE,I,ALA53,I,ALA53,2.4468994,other
source_file/8BPE,I,ALA53,I,ALA53,2.5106325,hydrophobic
source_file/8BPE,I,GLY54,I,SER55,2.815148,h_bond
source_file/8BPE,I,GLY54,I,ALA53,2.4537437,other
source_file/8BPE,I,GLY54,I,GLY54,0.0,h_bond
source_file/8BPE,I,GLY54,I,ALA53,1.3367668,other
source_file/8BPE,I,GLY54,I,GLY54,1.4765828,other
source_file/8BPE,I,GLY54,I,GLY54,2.4690032,other
source_file/8BPE,I,GLY54,I,ALA53,2.2857568,h_bond
source_file/8BPE,I,GLY54,I,SER55,2.4395993,other
source_file/8BPE,I,GLY54,I,GLY54,1.4765828,other
source_file/8BPE,I,GLY54,I,ALA53,2.4503636,hydrophobic
source_file/8BPE,I,GLY54,I,GLY54,0.0,hydrophobic
source_file/8BPE,I,GLY54,I,GLY54,1.5182425,hydrophobic
source_file/8BPE,I,GLY54,I,ALA53,2.81309,other
source_file/8BPE,I,GLY54,I,GLY54,2.3753436,other
source_file/8BPE,I,GLY54,I,SER55,1.3365369,other
source_file/8BPE,I,GLY54,I,SER55,2.4629805,hydrophobic
source_file/8BPE,I,GLY54,I,GLY54,2.4690032,other
source_file/8BPE,I,GLY54,I,GLY54,1.5182425,hydrophobic
source_file/8BPE,I,GLY54,I,GLY54,0.0,hydrophobic
source_file/8BPE,I,GLY54,I,ALA53,2.9810908,other
source_file/8BPE,I,GLY54,I,GLY54,1.2462819,other
source_file/8BPE,I,GLY54,I,SER55,2.2870865,h_bond
source_file/8BPE,I,GLY54,I,SER55,2.828939,other
source_file/8BPE,I,GLY54,I,GLY54,2.3753436,other
source_file/8BPE,I,GLY54,I,GLY54,1.2462819,other
source_file/8BPE,I,GLY54,I,GLY54,0.0,h_bond
source_file/8BPE,I,SER55,I,SER55,2.464346,other
source_file/8BPE,I,SER55,I,SER55,0.0,h_bond
source_file/8BPE,I,SER55,I,SER55,1.4867128,other
source_file/8BPE,I,SER55,I,GLY54,2.815148,h_bond
source_file/8BPE,I,SER55,I,SER55,2.4663,other
source_file/8BPE,I,SER55,I,GLY54,2.4395993,other
source_file/8BPE,I,SER55,I,GLY54,1.3365369,other
source_file/8BPE,I,SER55,I,GLY56,2.772361,h_bond
source_file/8BPE,I,SER55,I,GLY54,2.2870865,h_bond
source_file/8BPE,I,SER55,I,SER55,1.5052798,hydrophobic
source_file/8BPE,I,SER55,I,SER55,2.4078715,other
source_file/8BPE,I,SER55,I,SER55,1.4867128,other
source_file/8BPE,I,SER55,I,SER55,0.0,hydrophobic
source_file/8BPE,I,SER55,I,SER55,1.531714,hydrophobic
source_file/8BPE,I,SER55,I,SER55,2.387425,other
source_file/8BPE,I,SER55,I,GLY54,2.4629805,hydrophobic
source_file/8BPE,I,SER55,I,GLY56,2.450489,other
source_file/8BPE,I,SER55,I,GLY54,2.828939,other
source_file/8BPE,I,SER55,I,SER55,2.505619,hydrophobic
source_file/8BPE,I,SER55,I,SER55,2.8462403,other
source_file/8BPE,I,SER55,I,SER55,2.4663,other
source_file/8BPE,I,SER55,I,SER55,1.531714,hydrophobic
source_file/8BPE,I,SER55,I,SER55,0.0,hydrophobic
source_file/8BPE,I,SER55,I,SER55,1.2462617,other
source_file/8BPE,I,SER55,I,GLY56,2.4521754,hydrophobic
source_file/8BPE,I,SER55,I,GLY56,1.3352418,other
source_file/8BPE,I,SER55,I,SER55,2.387425,other
source_file/8BPE,I,SER55,I,SER55,1.2462617,other
source_file/8BPE,I,SER55,I,SER55,0.0,h_bond
source_file/8BPE,I,SER55,I,GLY56,2.8201733,other
source_file/8BPE,I,SER55,I,GLY56,2.2856517,h_bond
source_file/8BPE,I,SER55,I,SER55,0.0,hydrophobic
source_file/8BPE,I,SER55,I,SER55,1.4202285,other
source_file/8BPE,I,SER55,I,SER55,2.464346,other
source_file/8BPE,I,SER55,I,SER55,1.5052798,hydrophobic
source_file/8BPE,I,SER55,I,SER55,2.505619,hydrophobic
source_file/8BPE,I,SER55,I,SER55,1.4202285,other
source_file/8BPE,I,SER55,I,SER55,0.0,h_bond
source_file/8BPE,I,SER55,I,SER55,2.4078715,other
source_file/8BPE,I,SER55,I,SER55,2.8462403,other
source_file/8BPE,I,GLY56,I,SER55,2.772361,h_bond
source_file/8BPE,I,GLY56,I,SER55,2.450489,other
source_file/8BPE,I,GLY56,I,THR57,2.7260509,h_bond
source_file/8BPE,I,GLY56,I,SER55,1.3352418,other
source_file/8BPE,I,GLY56,I,GLY56,2.4700308,other
source_file/8BPE,I,GLY56,I,SER55,2.2856517,h_bond
source_file/8BPE,I,GLY56,I,GLY56,1.4762354,other
source_file/8BPE,I,GLY56,I,GLY56,0.0,h_bond
source_file/8BPE,I,GLY56,I,THR57,2.4349263,other
source_file/8BPE,I,GLY56,I,SER55,2.4521754,hydrophobic
source_file/8BPE,I,GLY56,I,GLY56,1.5178423,hydrophobic
source_file/8BPE,I,GLY56,I,GLY56,2.3743615,other
source_file/8BPE,I,GLY56,I,SER55,2.8201733,other
source_file/8BPE,I,GLY56,I,GLY56,0.0,hydrophobic
source_file/8BPE,I,GLY56,I,GLY56,1.4762354,other
source_file/8BPE,I,GLY56,I,THR57,2.9172468,hydrophobic
source_file/8BPE,I,GLY56,I,THR57,2.4632485,hydrophobic
source_file/8BPE,I,GLY56,I,THR57,1.3376681,other
source_file/8BPE,I,GLY56,I,GLY56,0.0,hydrophobic
source_file/8BPE,I,GLY56,I,GLY56,1.2458929,other
source_file/8BPE,I,GLY56,I,GLY56,1.5178423,hydrophobic
source_file/8BPE,I,GLY56,I,GLY56,2.4700308,other
source_file/8BPE,I,GLY56,I,THR57,2.8516467,other
source_file/8BPE,I,GLY56,I,THR57,2.8368273,other
source_file/8BPE,I,GLY56,I,THR57,2.2920089,h_bond
source_file/8BPE,I,GLY56,I,GLY56,1.2458929,other
source_file/8BPE,I,GLY56,I,GLY56,0.0,h_bond
source_file/8BPE,I,GLY56,I,GLY56,2.3743615,other
source_file/8BPE,I,THR57,I,THR57,2.8389955,h_bond
source_file/8BPE,I,THR57,I,THR57,2.4908748,other
source_file/8BPE,I,THR57,I,THR57,2.8988836,h_bond
source_file/8BPE,I,THR57,I,THR57,2.4471946,other
source_file/8BPE,I,THR57,I,THR57,1.4867522,other
source_file/8BPE,I,THR57,I,THR57,0.0,h_bond
source_file/8BPE,I,THR57,I,GLY56,1.3376681,other
source_file/8BPE,I,THR57,I,GLY56,2.2920089,h_bond
source_file/8BPE,I,THR57,I,GLY56,2.4349263,other
source_file/8BPE,I,THR57,I,GLY56,2.7260509,h_bond
source_file/8BPE,I,THR57,I,THR57,2.3983796,other
source_file/8BPE,I,THR57,I,THR57,1.5335128,hydrophobic
source_file/8BPE,I,THR57,I,THR57,2.3867185,other
source_file/8BPE,I,THR57,I,THR57,2.5371876,hydrophobic
source_file/8BPE,I,THR57,I,THR57,1.5292709,hydrophobic
source_file/8BPE,I,THR57,I,THR57,0.0,hydrophobic
source_file/8BPE,I,THR57,I,CYS58,2.4480486,other
source_file/8BPE,I,THR57,I,THR57,1.4867522,other
source_file/8BPE,I,THR57,I,GLY56,2.4632485,hydrophobic
source_file/8BPE,I,THR57,I,GLY56,2.8368273,other
source_file/8BPE,I,THR57,I,THR57,2.9464302,other
source_file/8BPE,I,THR57,I,THR57,2.5410662,hydrophobic
source_file/8BPE,I,THR57,I,THR57,1.2472837,other
source_file/8BPE,I,THR57,I,THR57,0.0,hydrophobic
source_file/8BPE,I,THR57,I,CYS58,2.4467,hydrophobic
source_file/8BPE,I,THR57,I,THR57,1.5292709,hydrophobic
source_file/8BPE,I,THR57,I,CYS58,1.3334235,other
source_file/8BPE,I,THR57,I,THR57,2.4471946,other
source_file/8BPE,I,THR57,I,GLY56,2.9172468,hydrophobic
source_file/8BPE,I,THR57,I,GLY56,2.8516467,other
source_file/8BPE,I,THR57,I,THR57,2.7880528,h_bond
source_file/8BPE,I,THR57,I,THR57,0.0,h_bond
source_file/8BPE,I,THR57,I,THR57,1.2472837,other
source_file/8BPE,I,THR57,I,CYS58,2.8009632,other
source_file/8BPE,I,THR57,I,THR57,2.3867185,other
source_file/8BPE,I,THR57,I,CYS58,2.2834,h_bond
source_file/8BPE,I,THR57,I,THR57,2.8988836,h_bond
source_file/8BPE,I,THR57,I,THR57,1.4284244,other
source_file/8BPE,I,THR57,I,THR57,0.0,hydrophobic
source_file/8BPE,I,THR57,I,THR57,1.5125592,hydrophobic
source_file/8BPE,I,THR57,I,THR57,2.5410662,hydrophobic
source_file/8BPE,I,THR57,I,THR57,1.5335128,hydrophobic
source_file/8BPE,I,THR57,I,THR57,2.4908748,other
source_file/8BPE,I,THR57,I,THR57,0.0,h_bond
source_file/8BPE,I,THR57,I,THR57,1.4284244,other
source_file/8BPE,I,THR57,I,THR57,2.7880528,h_bond
source_file/8BPE,I,THR57,I,THR57,2.4032192,other
source_file/8BPE,I,THR57,I,THR57,2.9464302,other
source_file/8BPE,I,THR57,I,THR57,2.3983796,other
source_file/8BPE,I,THR57,I,THR57,2.8389955,h_bond
source_file/8BPE,I,THR57,I,THR57,2.4032192,other
source_file/8BPE,I,THR57,I,THR57,1.5125592,hydrophobic
source_file/8BPE,I,THR57,I,THR57,0.0,hydrophobic
source_file/8BPE,I,THR57,I,THR57,2.5371876,hydrophobic
source_file/8BPE,I,CYS58,I,CYS58,2.8295417,h_bond
source_file/8BPE,I,CYS58,I,CYS58,2.4725225,other
source_file/8BPE,I,CYS58,I,CYS58,2.476164,other
source_file/8BPE,I,CYS58,I,THR57,2.2834,h_bond
source_file/8BPE,I,CYS58,I,THR57,1.3334235,other
source_file/8BPE,I,CYS58,I,CYS58,1.4858906,other
source_file/8BPE,I,CYS58,I,THR57,2.4480486,other
source_file/8BPE,I,CYS58,I,CYS58,0.0,h_bond
source_file/8BPE,I,CYS58,I,GLY59,2.4505064,other
source_file/8BPE,I,CYS58,I,CYS58,2.3843079,other
source_file/8BPE,I,CYS58,I,CYS58,1.5311937,hydrophobic
source_file/8BPE,I,CYS58,I,CYS58,1.5215156,hydrophobic
source_file/8BPE,I,CYS58,I,THR57,2.8009632,other
source_file/8BPE,I,CYS58,I,THR57,2.4467,hydrophobic
source_file/8BPE,I,CYS58,I,CYS58,0.0,hydrophobic
source_file/8BPE,I,CYS58,I,CYS58,1.4858906,other
source_file/8BPE,I,CYS58,I,CYS58,2.7696636,hydrophobic
source_file/8BPE,I,CYS58,I,GLY59,2.4451547,hydrophobic
source_file/8BPE,I,CYS58,I,GLY59,1.3351245,other
source_file/8BPE,I,CYS58,I,CYS58,1.2434931,other
source_file/8BPE,I,CYS58,I,CYS58,0.0,hydrophobic
source_file/8BPE,I,CYS58,I,CYS58,2.4862444,hydrophobic
source_file/8BPE,I,CYS58,I,CYS58,1.5311937,hydrophobic
source_file/8BPE,I,CYS58,I,CYS58,2.4725225,other
source_file/8BPE,I,CYS58,I,GLY59,2.8077428,other
source_file/8BPE,I,CYS58,I,GLY59,2.2829766,h_bond
source_file/8BPE,I,CYS58,I,CYS58,0.0,h_bond
source_file/8BPE,I,CYS58,I,CYS58,1.2434931,other
source_file/8BPE,I,CYS58,I,CYS58,2.3843079,other
source_file/8BPE,I,CYS58,I,CYS58,2.8295417,h_bond
source_file/8BPE,I,CYS58,I,CYS58,2.4862444,hydrophobic
source_file/8BPE,I,CYS58,I,CYS58,0.0,hydrophobic
source_file/8BPE,I,CYS58,I,CYS58,1.5215156,hydrophobic
source_file/8BPE,I,CYS58,I,CYS58,2.476164,other
source_file/8BPE,I,CYS58,I,CYS58,1.8081992,hydrophobic
source_file/8BPE,I,CYS58,I,CYS58,1.8081992,hydrophobic
source_file/8BPE,I,CYS58,I,CYS58,2.7696636,hydrophobic
source_file/8BPE,I,CYS58,I,CYS49,2.2897327,hydrophobic
source_file/8BPE,I,CYS58,I,CYS58,0.0,hydrophobic
source_file/8BPE,I,CYS58,I,CYS49,1.578642,hydrophobic
source_file/8BPE,I,GLY59,I,GLY59,2.4597,other
source_file/8BPE,I,GLY59,I,GLY59,1.4755136,other
source_file/8BPE,I,GLY59,I,GLY59,2.9790845,h_bond
source_file/8BPE,I,GLY59,I,GLY59,0.0,h_bond
source_file/8BPE,I,GLY59,I,CYS58,2.2829766,h_bond
source_file/8BPE,I,GLY59,I,CYS58,1.3351245,other
source_file/8BPE,I,GLY59,I,CYS58,2.4505064,other
source_file/8BPE,I,GLY59,I,THR60,2.4413605,other
source_file/8BPE,I,GLY59,I,GLY59,1.5171709,hydrophobic
source_file/8BPE,I,GLY59,I,GLY59,0.0,hydrophobic
source_file/8BPE,I,GLY59,I,GLY59,2.3742669,other
source_file/8BPE,I,GLY59,I,GLY59,1.4755136,other
source_file/8BPE,I,GLY59,I,CYS58,2.8077428,other
source_file/8BPE,I,GLY59,I,CYS58,2.4451547,hydrophobic
source_file/8BPE,I,GLY59,I,THR60,2.9252517,hydrophobic
source_file/8BPE,I,GLY59,I,THR60,2.4530241,hydrophobic
source_file/8BPE,I,GLY59,I,THR60,1.3356668,other
source_file/8BPE,I,GLY59,I,GLY59,0.0,hydrophobic
source_file/8BPE,I,GLY59,I,GLY59,1.5171709,hydrophobic
source_file/8BPE,I,GLY59,I,GLY59,1.2473809,other
source_file/8BPE,I,GLY59,I,GLY59,2.4597,other
source_file/8BPE,I,GLY59,I,THR60,2.7912397,other
source_file/8BPE,I,GLY59,I,THR60,2.8099976,other
source_file/8BPE,I,GLY59,I,THR60,2.2853887,h_bond
source_file/8BPE,I,GLY59,I,GLY59,1.2473809,other
source_file/8BPE,I,GLY59,I,GLY59,2.3742669,other
source_file/8BPE,I,GLY59,I,GLY59,0.0,h_bond
source_file/8BPE,I,GLY59,I,GLY59,2.9790845,h_bond
source_file/8BPE,I,THR60,I,THR60,2.4934762,other
source_file/8BPE,I,THR60,I,THR60,2.8440447,h_bond
source_file/8BPE,I,THR60,I,THR60,2.8566782,h_bond
source_file/8BPE,I,THR60,I,THR60,2.4621322,other
source_file/8BPE,I,THR60,I,THR60,1.486634,other
source_file/8BPE,I,THR60,I,THR60,0.0,h_bond
source_file/8BPE,I,THR60,I,GLY59,1.3356668,other
source_file/8BPE,I,THR60,I,GLY59,2.4413605,other
source_file/8BPE,I,THR60,I,GLY59,2.2853887,h_bond
source_file/8BPE,I,THR60,I,THR60,2.5337768,hydrophobic
source_file/8BPE,I,THR60,I,THR60,1.5332198,hydrophobic
source_file/8BPE,I,THR60,I,THR60,2.3965354,other
source_file/8BPE,I,THR60,I,THR60,2.3877606,other
source_file/8BPE,I,THR60,I,THR60,1.5315735,hydrophobic
source_file/8BPE,I,THR60,I,THR60,0.0,hydrophobic
source_file/8BPE,I,THR60,I,THR60,1.486634,other
source_file/8BPE,I,THR60,I,GLY59,2.4530241,hydrophobic
source_file/8BPE,I,THR60,I,GLY59,2.8099976,other
source_file/8BPE,I,THR60,I,VAL61,2.450389,other
source_file/8BPE,I,THR60,I,THR60,2.5334828,hydrophobic
source_file/8BPE,I,THR60,I,THR60,1.245139,other
source_file/8BPE,I,THR60,I,THR60,0.0,hydrophobic
source_file/8BPE,I,THR60,I,THR60,1.5315735,hydrophobic
source_file/8BPE,I,THR60,I,THR60,2.4621322,other
source_file/8BPE,I,THR60,I,GLY59,2.9252517,hydrophobic
source_file/8BPE,I,THR60,I,GLY59,2.7912397,other
source_file/8BPE,I,THR60,I,VAL61,2.4628956,hydrophobic
source_file/8BPE,I,THR60,I,VAL61,1.3355838,other
source_file/8BPE,I,THR60,I,THR60,0.0,h_bond
source_file/8BPE,I,THR60,I,THR60,1.245139,other
source_file/8BPE,I,THR60,I,THR60,2.3877606,other
source_file/8BPE,I,THR60,I,THR60,2.8566782,h_bond
source_file/8BPE,I,THR60,I,VAL61,2.8221018,other
source_file/8BPE,I,THR60,I,VAL61,2.2840006,h_bond
source_file/8BPE,I,THR60,I,THR60,1.5101042,hydrophobic
source_file/8BPE,I,THR60,I,THR60,0.0,hydrophobic
source_file/8BPE,I,THR60,I,THR60,1.4284055,other
source_file/8BPE,I,THR60,I,THR60,2.5334828,hydrophobic
source_file/8BPE,I,THR60,I,THR60,1.5332198,hydrophobic
source_file/8BPE,I,THR60,I,THR60,2.4934762,other
source_file/8BPE,I,THR60,I,THR60,2.406108,other
source_file/8BPE,I,THR60,I,THR60,1.4284055,other
source_file/8BPE,I,THR60,I,ARG45,2.9523306,h_bond
source_file/8BPE,I,THR60,I,THR60,0.0,h_bond
source_file/8BPE,I,THR60,I,THR110,2.8502247,h_bond
source_file/8BPE,I,THR60,I,THR60,2.3965354,other
source_file/8BPE,I,THR60,I,THR60,2.8440447,h_bond
source_file/8BPE,I,THR60,I,THR60,0.0,hydrophobic
source_file/8BPE,I,THR60,I,THR60,1.5101042,hydrophobic
source_file/8BPE,I,THR60,I,THR60,2.406108,other
source_file/8BPE,I,THR60,I,THR60,2.5337768,hydrophobic
source_file/8BPE,I,VAL61,I,THR60,2.2840006,h_bond
source_file/8BPE,I,VAL61,I,THR60,1.3355838,other
source_file/8BPE,I,VAL61,I,THR60,2.450389,other
source_file/8BPE,I,VAL61,I,VAL61,2.4463165,other
source_file/8BPE,I,VAL61,I,VAL62,2.9938757,h_bond
source_file/8BPE,I,VAL61,I,VAL61,1.4915372,other
source_file/8BPE,I,VAL61,I,VAL61,0.0,h_bond
source_file/8BPE,I,VAL61,I,VAL61,2.5042768,other
source_file/8BPE,I,VAL61,I,VAL61,2.9864798,other
source_file/8BPE,I,VAL61,I,THR60,2.8221018,other
source_file/8BPE,I,VAL61,I,THR60,2.4628956,hydrophobic
source_file/8BPE,I,VAL61,I,VAL61,2.386199,other
source_file/8BPE,I,VAL61,I,VAL61,1.5317304,hydrophobic
source_file/8BPE,I,VAL61,I,VAL62,2.4536037,other
source_file/8BPE,I,VAL61,I,VAL61,0.0,hydrophobic
source_file/8BPE,I,VAL61,I,VAL61,2.5349174,hydrophobic
source_file/8BPE,I,VAL61,I,VAL61,1.4915372,other
source_file/8BPE,I,VAL61,I,VAL61,1.5397,hydrophobic
source_file/8BPE,I,VAL61,I,VAL61,2.531626,hydrophobic
source_file/8BPE,I,VAL61,I,VAL62,2.4646986,hydrophobic
source_file/8BPE,I,VAL61,I,VAL61,1.2441145,other
source_file/8BPE,I,VAL61,I,VAL61,0.0,hydrophobic
source_file/8BPE,I,VAL61,I,VAL62,1.3341248,other
source_file/8BPE,I,VAL61,I,VAL61,1.5317304,hydrophobic
source_file/8BPE,I,VAL61,I,VAL61,2.9739263,hydrophobic
source_file/8BPE,I,VAL61,I,VAL61,2.4463165,other
source_file/8BPE,I,VAL61,I,VAL61,2.5387402,hydrophobic
source_file/8BPE,I,VAL61,I,VAL62,2.8183908,other
source_file/8BPE,I,VAL61,I,LYS69,2.9514375,h_bond
source_file/8BPE,I,VAL61,I,VAL61,0.0,h_bond
source_file/8BPE,I,VAL61,I,VAL61,1.2441145,other
source_file/8BPE,I,VAL61,I,VAL62,2.2785692,h_bond
source_file/8BPE,I,VAL61,I,VAL61,2.386199,other
source_file/8BPE,I,VAL61,I,VAL61,2.5387402,hydrophobic
source_file/8BPE,I,VAL61,I,VAL62,2.9780576,other
source_file/8BPE,I,VAL61,I,VAL61,1.5397,hydrophobic
source_file/8BPE,I,VAL61,I,VAL61,1.5200921,hydrophobic
source_file/8BPE,I,VAL61,I,VAL61,2.5042768,other
source_file/8BPE,I,VAL61,I,VAL61,0.0,hydrophobic
source_file/8BPE,I,VAL61,I,VAL61,1.5207629,hydrophobic
source_file/8BPE,I,VAL61,I,VAL61,2.9739263,hydrophobic
source_file/8BPE,I,VAL61,I,VAL61,2.5349174,hydrophobic
source_file/8BPE,I,VAL61,I,VAL61,0.0,hydrophobic
source_file/8BPE,I,VAL61,I,VAL61,1.5200921,hydrophobic
source_file/8BPE,I,VAL61,I,VAL61,2.5009608,hydrophobic
source_file/8BPE,I,VAL61,I,VAL61,2.531626,hydrophobic
source_file/8BPE,I,VAL61,I,VAL61,2.5009608,hydrophobic
source_file/8BPE,I,VAL61,I,VAL61,2.9864798,other
source_file/8BPE,I,VAL61,I,VAL61,1.5207629,hydrophobic
source_file/8BPE,I,VAL61,I,VAL61,0.0,hydrophobic
source_file/8BPE,I,VAL62,I,VAL62,1.4929711,other
source_file/8BPE,I,VAL62,I,VAL62,2.510406,other
source_file/8BPE,I,VAL62,I,VAL62,2.4489257,other
source_file/8BPE,I,VAL62,I,VAL62,2.9153757,other
source_file/8BPE,I,VAL62,I,VAL62,2.8383498,h_bond
source_file/8BPE,I,VAL62,I,VAL61,2.2785692,h_bond
source_file/8BPE,I,VAL62,I,VAL61,1.3341248,other
source_file/8BPE,I,VAL62,I,VAL62,0.0,h_bond
source_file/8BPE,I,VAL62,I,VAL61,2.4536037,other
source_file/8BPE,I,VAL62,I,VAL61,2.9938757,h_bond
source_file/8BPE,I,VAL62,I,VAL61,2.9780576,other
source_file/8BPE,I,VAL62,I,VAL62,2.5363383,hydrophobic
source_file/8BPE,I,VAL62,I,SER63,2.4490964,other
source_file/8BPE,I,VAL62,I,VAL62,0.0,hydrophobic
source_file/8BPE,I,VAL62,I,VAL62,1.5406936,hydrophobic
source_file/8BPE,I,VAL62,I,VAL62,1.5292555,hydrophobic
source_file/8BPE,I,VAL62,I,VAL62,2.540627,hydrophobic
source_file/8BPE,I,VAL62,I,VAL62,2.3843822,other
source_file/8BPE,I,VAL62,I,VAL61,2.8183908,other
source_file/8BPE,I,VAL62,I,VAL61,2.4646986,hydrophobic
source_file/8BPE,I,VAL62,I,VAL62,1.4929711,other
source_file/8BPE,I,VAL62,I,VAL62,2.965134,hydrophobic
source_file/8BPE,I,VAL62,I,SER63,2.4404495,hydrophobic
source_file/8BPE,I,VAL62,I,SER63,1.332967,other
source_file/8BPE,I,VAL62,I,VAL62,1.5292555,hydrophobic
source_file/8BPE,I,VAL62,I,VAL62,2.544379,hydrophobic
source_file/8BPE,I,VAL62,I,VAL62,0.0,hydrophobic
source_file/8BPE,I,VAL62,I,VAL62,1.2426807,other
source_file/8BPE,I,VAL62,I,VAL62,2.4489257,other
source_file/8BPE,I,VAL62,I,SER63,2.7851365,other
source_file/8BPE,I,VAL62,I,SER63,2.2765055,h_bond
source_file/8BPE,I,VAL62,I,VAL62,2.3843822,other
source_file/8BPE,I,VAL62,I,VAL62,1.2426807,other
source_file/8BPE,I,VAL62,I,VAL62,0.0,h_bond
source_file/8BPE,I,VAL62,I,VAL62,2.8383498,h_bond
source_file/8BPE,I,VAL62,I,VAL62,1.5215513,hydrophobic
source_file/8BPE,I,VAL62,I,VAL62,1.5406936,hydrophobic
source_file/8BPE,I,VAL62,I,VAL62,0.0,hydrophobic
source_file/8BPE,I,VAL62,I,VAL62,2.544379,hydrophobic
source_file/8BPE,I,VAL62,I,VAL62,1.522096,hydrophobic
source_file/8BPE,I,VAL62,I,VAL62,2.510406,other
source_file/8BPE,I,VAL62,I,VAL62,2.5034328,hydrophobic
source_file/8BPE,I,VAL62,I,VAL62,2.540627,hydrophobic
source_file/8BPE,I,VAL62,I,VAL62,1.522096,hydrophobic
source_file/8BPE,I,VAL62,I,VAL62,0.0,hydrophobic
source_file/8BPE,I,VAL62,I,VAL62,2.9153757,other
source_file/8BPE,I,VAL62,I,VAL62,0.0,hydrophobic
source_file/8BPE,I,VAL62,I,VAL62,2.5363383,hydrophobic
source_file/8BPE,I,VAL62,I,VAL62,1.5215513,hydrophobic
source_file/8BPE,I,VAL62,I,VAL62,2.965134,hydrophobic
source_file/8BPE,I,VAL62,I,VAL62,2.5034328,hydrophobic
source_file/8BPE,I,SER63,I,SER63,2.6668315,h_bond
source_file/8BPE,I,SER63,I,SER63,2.4751496,other
source_file/8BPE,I,SER63,I,SER63,1.4842368,other
source_file/8BPE,I,SER63,I,SER63,0.0,h_bond
source_file/8BPE,I,SER63,I,VAL62,2.4490964,other
source_file/8BPE,I,SER63,I,SER63,2.4599388,other
source_file/8BPE,I,SER63,I,VAL62,1.332967,other
source_file/8BPE,I,SER63,I,VAL62,2.2765055,h_bond
source_file/8BPE,I,SER63,I,SER63,2.3822305,other
source_file/8BPE,I,SER63,I,SER63,1.5266455,hydrophobic
source_file/8BPE,I,SER63,I,THR64,2.443022,other
source_file/8BPE,I,SER63,I,SER63,0.0,hydrophobic
source_file/8BPE,I,SER63,I,SER63,2.4036555,other
source_file/8BPE,I,SER63,I,SER63,1.4842368,other
source_file/8BPE,I,SER63,I,SER63,1.5022458,hydrophobic
source_file/8BPE,I,SER63,I,VAL62,2.4404495,hydrophobic
source_file/8BPE,I,SER63,I,VAL62,2.7851365,other
source_file/8BPE,I,SER63,I,THR64,2.9094126,other
source_file/8BPE,I,SER63,I,SER63,1.2439526,other
source_file/8BPE,I,SER63,I,THR64,2.4477503,hydrophobic
source_file/8BPE,I,SER63,I,SER63,0.0,hydrophobic
source_file/8BPE,I,SER63,I,THR64,1.3339082,other
source_file/8BPE,I,SER63,I,SER63,1.5266455,hydrophobic
source_file/8BPE,I,SER63,I,SER63,2.7878265,other
source_file/8BPE,I,SER63,I,SER63,2.4751496,other
source_file/8BPE,I,SER63,I,SER63,2.485273,hydrophobic
source_file/8BPE,I,SER63,I,SER63,0.0,h_bond
source_file/8BPE,I,SER63,I,THR64,2.805848,other
source_file/8BPE,I,SER63,I,SER63,1.2439526,other
source_file/8BPE,I,SER63,I,THR64,2.2829573,h_bond
source_file/8BPE,I,SER63,I,SER63,2.3822305,other
source_file/8BPE,I,SER63,I,SER63,2.6668315,h_bond
source_file/8BPE,I,SER63,I,SER63,2.485273,hydrophobic
source_file/8BPE,I,SER63,I,SER63,1.5022458,hydrophobic
source_file/8BPE,I,SER63,I,SER63,1.4192287,other
source_file/8BPE,I,SER63,I,SER63,2.4599388,other
source_file/8BPE,I,SER63,I,SER63,0.0,hydrophobic
source_file/8BPE,I,SER63,I,SER63,2.7878265,other
source_file/8BPE,I,SER63,I,SER63,2.4036555,other
source_file/8BPE,I,SER63,I,SER63,0.0,h_bond
source_file/8BPE,I,SER63,I,SER63,1.4192287,other
source_file/8BPE,I,THR64,I,THR64,2.4271712,other
source_file/8BPE,I,THR64,I,THR64,2.9461896,h_bond
source_file/8BPE,I,THR64,I,THR64,2.6138666,h_bond
source_file/8BPE,I,THR64,I,SER63,2.2829573,h_bond
source_file/8BPE,I,THR64,I,THR64,1.4857948,other
source_file/8BPE,I,THR64,I,SER63,1.3339082,other
source_file/8BPE,I,THR64,I,THR64,0.0,h_bond
source_file/8BPE,I,THR64,I,THR64,2.4875526,other
source_file/8BPE,I,THR64,I,SER63,2.443022,other
source_file/8BPE,I,THR64,I,THR64,2.9254744,other
source_file/8BPE,I,THR64,I,THR65,2.4559186,other
source_file/8BPE,I,THR64,I,THR64,1.5299238,hydrophobic
source_file/8BPE,I,THR64,I,THR64,2.3935635,other
source_file/8BPE,I,THR64,I,THR64,2.3859627,other
source_file/8BPE,I,THR64,I,SER63,2.805848,other
source_file/8BPE,I,THR64,I,THR64,0.0,hydrophobic
source_file/8BPE,I,THR64,I,SER63,2.4477503,hydrophobic
source_file/8BPE,I,THR64,I,THR64,1.4857948,other
source_file/8BPE,I,THR64,I,THR64,1.5326923,hydrophobic
source_file/8BPE,I,THR64,I,THR64,2.5388002,hydrophobic
source_file/8BPE,I,THR64,I,ASN66,2.794511,other
source_file/8BPE,I,THR64,I,THR65,2.4448001,hydrophobic
source_file/8BPE,I,THR64,I,THR65,1.3347718,other
source_file/8BPE,I,THR64,I,THR64,0.0,hydrophobic
source_file/8BPE,I,THR64,I,THR64,2.8171778,other
source_file/8BPE,I,THR64,I,THR65,2.9214003,hydrophobic
source_file/8BPE,I,THR64,I,THR64,1.2487518,other
source_file/8BPE,I,THR64,I,THR64,1.5299238,hydrophobic
source_file/8BPE,I,THR64,I,THR64,2.4271712,other
source_file/8BPE,I,THR64,I,THR64,2.543611,hydrophobic
source_file/8BPE,I,THR64,I,ASN66,2.812441,h_bond
source_file/8BPE,I,THR64,I,THR65,2.7905107,other
source_file/8BPE,I,THR64,I,THR65,2.2830305,h_bond
source_file/8BPE,I,THR64,I,THR64,1.2487518,other
source_file/8BPE,I,THR64,I,THR65,2.854517,other
source_file/8BPE,I,THR64,I,THR64,0.0,h_bond
source_file/8BPE,I,THR64,I,THR64,2.3859627,other
source_file/8BPE,I,THR64,I,SER63,2.9094126,other
source_file/8BPE,I,THR64,I,THR64,2.6138666,h_bond
source_file/8BPE,I,THR64,I,THR65,2.8646877,other
source_file/8BPE,I,THR64,I,THR64,2.543611,hydrophobic
source_file/8BPE,I,THR64,I,THR64,1.427827,other
source_file/8BPE,I,THR64,I,THR64,1.5326923,hydrophobic
source_file/8BPE,I,THR64,I,THR64,2.4875526,other
source_file/8BPE,I,THR64,I,THR64,0.0,hydrophobic
source_file/8BPE,I,THR64,I,THR64,1.512758,hydrophobic
source_file/8BPE,I,THR64,I,THR64,2.8171778,other
source_file/8BPE,I,THR64,I,THR64,0.0,h_bond
source_file/8BPE,I,THR64,I,THR64,2.3935635,other
source_file/8BPE,I,THR64,I,THR64,2.9461896,h_bond
source_file/8BPE,I,THR64,I,THR64,1.427827,other
source_file/8BPE,I,THR64,I,THR64,2.4055605,other
source_file/8BPE,I,THR64,I,THR64,2.4055605,other
source_file/8BPE,I,THR64,I,THR64,2.5388002,hydrophobic
source_file/8BPE,I,THR64,I,THR64,2.9254744,other
source_file/8BPE,I,THR64,I,THR64,1.512758,hydrophobic
source_file/8BPE,I,THR64,I,THR64,0.0,hydrophobic
source_file/8BPE,I,THR65,I,ASN66,2.6591277,h_bond
source_file/8BPE,I,THR65,I,THR65,1.4879644,other
source_file/8BPE,I,THR65,I,THR65,0.0,h_bond
source_file/8BPE,I,THR65,I,THR64,1.3347718,other
source_file/8BPE,I,THR65,I,THR65,2.6575048,h_bond
source_file/8BPE,I,THR65,I,THR65,2.449706,other
source_file/8BPE,I,THR65,I,THR65,2.4919088,other
source_file/8BPE,I,THR65,I,THR64,2.2830305,h_bond
source_file/8BPE,I,THR65,I,THR64,2.4559186,other
source_file/8BPE,I,THR65,I,THR64,2.8646877,other
source_file/8BPE,I,THR65,I,ASN66,2.4631653,other
source_file/8BPE,I,THR65,I,THR65,0.0,hydrophobic
source_file/8BPE,I,THR65,I,THR65,2.5474672,hydrophobic
source_file/8BPE,I,THR65,I,THR65,1.4879644,other
source_file/8BPE,I,THR65,I,THR64,2.4448001,hydrophobic
source_file/8BPE,I,THR65,I,THR65,2.3993812,other
source_file/8BPE,I,THR65,I,THR65,2.3842266,other
source_file/8BPE,I,THR65,I,THR65,1.5344192,hydrophobic
source_file/8BPE,I,THR65,I,THR65,1.535312,hydrophobic
source_file/8BPE,I,THR65,I,THR64,2.7905107,other
source_file/8BPE,I,THR65,I,ASN66,1.3396231,other
source_file/8BPE,I,THR65,I,THR65,1.5344192,hydrophobic
source_file/8BPE,I,THR65,I,THR65,2.449706,other
source_file/8BPE,I,THR65,I,THR64,2.9214003,hydrophobic
source_file/8BPE,I,THR65,I,ASN66,2.484143,hydrophobic
source_file/8BPE,I,THR65,I,THR65,1.2463007,other
source_file/8BPE,I,THR65,I,THR65,0.0,hydrophobic
source_file/8BPE,I,THR65,I,THR65,2.5751266,hydrophobic
source_file/8BPE,I,THR65,I,THR64,2.854517,other
source_file/8BPE,I,THR65,I,ASN66,2.2889326,h_bond
source_file/8BPE,I,THR65,I,THR65,2.3842266,other
source_file/8BPE,I,THR65,I,ASN66,2.9621725,other
source_file/8BPE,I,THR65,I,ASN66,2.903511,h_bond
source_file/8BPE,I,THR65,I,ASN66,2.8593225,other
source_file/8BPE,I,THR65,I,THR65,0.0,h_bond
source_file/8BPE,I,THR65,I,THR65,1.2463007,other
source_file/8BPE,I,THR65,I,THR65,2.8815312,other
source_file/8BPE,I,THR65,I,THR65,1.535312,hydrophobic
source_file/8BPE,I,THR65,I,THR65,1.5134505,hydrophobic
source_file/8BPE,I,THR65,I,THR65,2.4919088,other
source_file/8BPE,I,THR65,I,THR65,1.4292235,other
source_file/8BPE,I,THR65,I,THR65,2.8815312,other
source_file/8BPE,I,THR65,I,THR65,2.5751266,hydrophobic
source_file/8BPE,I,THR65,I,THR65,0.0,hydrophobic
source_file/8BPE,I,THR65,I,THR65,2.3993812,other
source_file/8BPE,I,THR65,I,THR65,2.4021802,other
source_file/8BPE,I,THR65,I,THR65,2.6575048,h_bond
source_file/8BPE,I,THR65,I,THR65,0.0,h_bond
source_file/8BPE,I,THR65,I,THR65,1.4292235,other
source_file/8BPE,I,THR65,I,THR65,2.5474672,hydrophobic
source_file/8BPE,I,THR65,I,THR65,0.0,hydrophobic
source_file/8BPE,I,THR65,I,THR65,2.4021802,other
source_file/8BPE,I,THR65,I,THR65,1.5134505,hydrophobic
source_file/8BPE,I,ASN66,I,ASN66,0.0,h_bond
source_file/8BPE,I,ASN66,I,THR65,2.4631653,other
source_file/8BPE,I,ASN66,I,THR65,2.6591277,h_bond
source_file/8BPE,I,ASN66,I,THR64,2.794511,other
source_file/8BPE,I,ASN66,I,ASN66,2.502158,other
source_file/8BPE,I,ASN66,I,ASN66,1.4915047,other
source_file/8BPE,I,ASN66,I,THR65,2.2889326,h_bond
source_file/8BPE,I,ASN66,I,THR65,1.3396231,other
source_file/8BPE,I,ASN66,I,THR64,2.812441,h_bond
source_file/8BPE,I,ASN66,I,ASN66,2.5069976,other
source_file/8BPE,I,ASN66,I,ASN66,2.530969,hydrophobic
source_file/8BPE,I,ASN66,I,ASN66,1.4915047,other
source_file/8BPE,I,ASN66,I,ASN66,1.5314755,hydrophobic
source_file/8BPE,I,ASN66,I,ASN66,2.3864024,other
source_file/8BPE,I,ASN66,I,ASN66,0.0,hydrophobic
source_file/8BPE,I,ASN66,I,THR65,2.8593225,other
source_file/8BPE,I,ASN66,I,THR65,2.484143,hydrophobic
source_file/8BPE,I,ASN66,I,ASN66,1.5344832,hydrophobic
source_file/8BPE,I,ASN66,I,PHE67,2.4609811,other
source_file/8BPE,I,ASN66,I,ASN66,2.5069976,other
source_file/8BPE,I,ASN66,I,ASN66,2.5393178,hydrophobic
source_file/8BPE,I,ASN66,I,ASN66,1.2463754,other
source_file/8BPE,I,ASN66,I,ASN66,1.5344832,hydrophobic
source_file/8BPE,I,ASN66,I,ASN66,0.0,hydrophobic
source_file/8BPE,I,ASN66,I,PHE67,1.3382812,other
source_file/8BPE,I,ASN66,I,PHE67,2.4722083,hydrophobic
source_file/8BPE,I,ASN66,I,ASN66,2.8650725,other
source_file/8BPE,I,ASN66,I,ASN66,0.0,h_bond
source_file/8BPE,I,ASN66,I,ASN66,2.3864024,other
source_file/8BPE,I,ASN66,I,THR65,2.903511,h_bond
source_file/8BPE,I,ASN66,I,ASN66,1.2463754,other
source_file/8BPE,I,ASN66,I,PHE67,2.2868319,h_bond
source_file/8BPE,I,ASN66,I,PHE67,2.8385007,other
source_file/8BPE,I,ASN66,I,ASN66,2.385849,other
source_file/8BPE,I,ASN66,I,ASN66,1.5142316,hydrophobic
source_file/8BPE,I,ASN66,I,ASN66,2.502158,other
source_file/8BPE,I,ASN66,I,ASN66,0.0,hydrophobic
source_file/8BPE,I,ASN66,I,ASN66,2.8650725,other
source_file/8BPE,I,ASN66,I,ASN66,1.5314755,hydrophobic
source_file/8BPE,I,ASN66,I,THR65,2.9621725,other
source_file/8BPE,I,ASN66,I,ASN66,2.4187062,other
source_file/8BPE,I,ASN66,I,ASN66,2.5393178,hydrophobic
source_file/8BPE,I,ASN66,I,ASN66,1.2278694,other
source_file/8BPE,I,ASN66,I,ASN66,0.0,hydrophobic
source_file/8BPE,I,ASN66,I,ASN66,1.5142316,hydrophobic
source_file/8BPE,I,ASN66,I,ASN66,2.530969,hydrophobic
source_file/8BPE,I,ASN66,I,ASN66,1.3227488,other
source_file/8BPE,I,ASN66,I,ASN66,0.0,h_bond
source_file/8BPE,I,ASN66,I,ASN66,1.2278694,other
source_file/8BPE,I,ASN66,I,ASN66,2.385849,other
source_file/8BPE,I,ASN66,I,ASN66,2.2376776,h_bond
source_file/8BPE,I,ASN66,I,ASN66,2.2376776,h_bond
source_file/8BPE,I,ASN66,I,ASN66,1.3227488,other
source_file/8BPE,I,ASN66,I,ASN66,2.4187062,other
source_file/8BPE,I,ASN66,I,ASN66,0.0,h_bond
source_file/8BPE,I,PHE67,I,ASN66,2.2868319,h_bond
source_file/8BPE,I,PHE67,I,ASN66,2.4609811,other
source_file/8BPE,I,PHE67,I,ASN66,1.3382812,other
source_file/8BPE,I,PHE67,I,PHE67,0.0,h_bond
source_file/8BPE,I,PHE67,I,PHE67,1.4897043,other
source_file/8BPE,I,PHE67,I,PHE67,2.4510822,other
source_file/8BPE,I,PHE67,I,PHE67,2.6199603,h_bond
source_file/8BPE,I,PHE67,I,PHE67,2.5041378,other
source_file/8BPE,I,PHE67,I,ASN66,2.8385007,other
source_file/8BPE,I,PHE67,I,ASN66,2.4722083,hydrophobic
source_file/8BPE,I,PHE67,I,PHE67,1.4897043,other
source_file/8BPE,I,PHE67,I,PHE67,0.0,hydrophobic
source_file/8BPE,I,PHE67,I,PHE67,1.5322801,hydrophobic
source_file/8BPE,I,PHE67,I,PHE67,2.388881,other
source_file/8BPE,I,PHE67,I,PHE67,1.5297179,hydrophobic
source_file/8BPE,I,PHE67,I,ILE68,2.4534836,other
source_file/8BPE,I,PHE67,I,PHE67,2.550321,hydrophobic
source_file/8BPE,I,PHE67,I,PHE67,2.4510822,other
source_file/8BPE,I,PHE67,I,PHE67,1.5322801,hydrophobic
source_file/8BPE,I,PHE67,I,PHE67,0.0,hydrophobic
source_file/8BPE,I,PHE67,I,PHE67,1.2449445,other
source_file/8BPE,I,PHE67,I,PHE67,2.5171633,hydrophobic
source_file/8BPE,I,PHE67,I,ILE68,1.3352346,other
source_file/8BPE,I,PHE67,I,ILE68,2.4771614,hydrophobic
source_file/8BPE,I,PHE67,I,PHE67,2.6199603,h_bond
source_file/8BPE,I,PHE67,I,PHE67,2.388881,other
source_file/8BPE,I,PHE67,I,PHE67,1.2449445,other
source_file/8BPE,I,PHE67,I,PHE67,0.0,h_bond
source_file/8BPE,I,PHE67,I,ILE68,2.2807186,h_bond
source_file/8BPE,I,PHE67,I,ILE68,2.8390133,other
source_file/8BPE,I,PHE67,I,PHE67,2.5041378,other
source_file/8BPE,I,PHE67,I,PHE67,1.5297179,hydrophobic
source_file/8BPE,I,PHE67,I,PHE67,2.5171633,hydrophobic
source_file/8BPE,I,PHE67,I,PHE67,0.0,hydrophobic
source_file/8BPE,I,PHE67,I,PHE67,2.5143259,hydrophobic
source_file/8BPE,I,PHE67,I,PHE67,1.5064622,hydrophobic
source_file/8BPE,I,PHE67,I,PHE67,2.5155237,hydrophobic
source_file/8BPE,I,PHE67,I,PHE67,2.550321,hydrophobic
source_file/8BPE,I,PHE67,I,PHE67,1.5064622,hydrophobic
source_file/8BPE,I,PHE67,I,PHE67,1.3853551,hydrophobic
source_file/8BPE,I,PHE67,I,ILE68,2.8907883,other
source_file/8BPE,I,PHE67,I,PHE67,0.0,hydrophobic
source_file/8BPE,I,PHE67,I,PHE67,1.3844676,hydrophobic
source_file/8BPE,I,PHE67,I,PHE67,2.4084072,hydrophobic
source_file/8BPE,I,PHE67,I,PHE67,2.4080908,hydrophobic
source_file/8BPE,I,PHE67,I,PHE67,2.7852337,hydrophobic
source_file/8BPE,I,PHE67,I,PHE67,2.5143259,hydrophobic
source_file/8BPE,I,PHE67,I,PHE67,0.0,hydrophobic
source_file/8BPE,I,PHE67,I,PHE67,1.3853551,hydrophobic
source_file/8BPE,I,PHE67,I,PHE67,2.3785853,hydrophobic
source_file/8BPE,I,PHE67,I,PHE67,2.7517257,hydrophobic
source_file/8BPE,I,PHE67,I,PHE67,1.3849733,hydrophobic
source_file/8BPE,I,PHE67,I,PHE67,2.3922672,hydrophobic
source_file/8BPE,I,PHE67,I,PHE67,2.5155237,hydrophobic
source_file/8BPE,I,PHE67,I,PHE67,2.3785853,hydrophobic
source_file/8BPE,I,PHE67,I,PHE67,1.3844676,hydrophobic
source_file/8BPE,I,PHE67,I,PHE67,0.0,hydrophobic
source_file/8BPE,I,PHE67,I,PHE67,1.3856959,hydrophobic
source_file/8BPE,I,PHE67,I,PHE67,2.7510002,hydrophobic
source_file/8BPE,I,PHE67,I,PHE67,2.3922088,hydrophobic
source_file/8BPE,I,PHE67,I,PHE67,1.3849733,hydrophobic
source_file/8BPE,I,PHE67,I,PHE67,2.4080908,hydrophobic
source_file/8BPE,I,PHE67,I,PHE67,2.7510002,hydrophobic
source_file/8BPE,I,PHE67,I,PHE67,2.3757184,hydrophobic
source_file/8BPE,I,PHE67,I,PHE67,0.0,hydrophobic
source_file/8BPE,I,PHE67,I,PHE67,1.3739403,hydrophobic
source_file/8BPE,I,PHE67,I,PHE67,2.7517257,hydrophobic
source_file/8BPE,I,PHE67,I,PHE67,2.4084072,hydrophobic
source_file/8BPE,I,PHE67,I,PHE67,1.3856959,hydrophobic
source_file/8BPE,I,PHE67,I,PHE67,0.0,hydrophobic
source_file/8BPE,I,PHE67,I,PHE67,2.3757184,hydrophobic
source_file/8BPE,I,PHE67,I,PHE67,1.3738353,hydrophobic
source_file/8BPE,I,PHE67,I,PHE67,2.3922672,hydrophobic
source_file/8BPE,I,PHE67,I,PHE67,2.7852337,hydrophobic
source_file/8BPE,I,PHE67,I,PHE67,2.3922088,hydrophobic
source_file/8BPE,I,PHE67,I,PHE67,1.3738353,hydrophobic
source_file/8BPE,I,PHE67,I,PHE67,1.3739403,hydrophobic
source_file/8BPE,I,PHE67,I,PHE67,0.0,hydrophobic
source_file/8BPE,I,ILE68,I,PHE67,2.4534836,other
source_file/8BPE,I,ILE68,I,PHE67,1.3352346,other
source_file/8BPE,I,ILE68,I,PHE67,2.2807186,h_bond
source_file/8BPE,I,ILE68,I,ILE68,0.0,h_bond
source_file/8BPE,I,ILE68,I,PHE67,2.8907883,other
source_file/8BPE,I,ILE68,I,ILE68,2.5005748,other
source_file/8BPE,I,ILE68,I,ILE68,2.58186,h_bond
source_file/8BPE,I,ILE68,I,ILE68,2.438676,other
source_file/8BPE,I,ILE68,I,ILE68,1.4942967,other
source_file/8BPE,I,ILE68,I,PHE67,2.4771614,hydrophobic
source_file/8BPE,I,ILE68,I,PHE67,2.8390133,other
source_file/8BPE,I,ILE68,I,ILE68,1.4942967,other
source_file/8BPE,I,ILE68,I,ILE68,2.5249426,hydrophobic
source_file/8BPE,I,ILE68,I,ILE68,1.5408763,hydrophobic
source_file/8BPE,I,ILE68,I,ILE68,2.3816216,other
source_file/8BPE,I,ILE68,I,ILE68,2.5465825,hydrophobic
source_file/8BPE,I,ILE68,I,ILE68,1.5325065,hydrophobic
source_file/8BPE,I,ILE68,I,ILE68,0.0,hydrophobic
source_file/8BPE,I,ILE68,I,LYS69,2.4679255,other
source_file/8BPE,I,ILE68,I,ILE68,2.438676,other
source_file/8BPE,I,ILE68,I,ILE68,2.7963712,hydrophobic
source_file/8BPE,I,ILE68,I,ILE68,2.5514092,hydrophobic
source_file/8BPE,I,ILE68,I,ILE68,1.2459006,other
source_file/8BPE,I,ILE68,I,ILE68,0.0,hydrophobic
source_file/8BPE,I,ILE68,I,ILE68,1.5325065,hydrophobic
source_file/8BPE,I,ILE68,I,LYS69,1.3361987,other
source_file/8BPE,I,ILE68,I,LYS69,2.4429817,hydrophobic
source_file/8BPE,I,ILE68,I,ILE68,2.58186,h_bond
source_file/8BPE,I,ILE68,I,ILE68,0.0,h_bond
source_file/8BPE,I,ILE68,I,ILE68,1.2459006,other
source_file/8BPE,I,ILE68,I,ILE68,2.3816216,other
source_file/8BPE,I,ILE68,I,LYS69,2.2783635,h_bond
source_file/8BPE,I,ILE68,I,LYS69,2.781004,other
source_file/8BPE,I,ILE68,I,ILE68,2.5005748,other
source_file/8BPE,I,ILE68,I,ILE68,1.5219775,hydrophobic
source_file/8BPE,I,ILE68,I,ILE68,0.0,hydrophobic
source_file/8BPE,I,ILE68,I,ILE68,1.5293887,hydrophobic
source_file/8BPE,I,ILE68,I,ILE68,2.5514092,hydrophobic
source_file/8BPE,I,ILE68,I,ILE68,1.5408763,hydrophobic
source_file/8BPE,I,ILE68,I,ILE68,2.5427353,hydrophobic
source_file/8BPE,I,ILE68,I,ILE68,2.528302,hydrophobic
source_file/8BPE,I,ILE68,I,ILE68,1.5293887,hydrophobic
source_file/8BPE,I,ILE68,I,ILE68,0.0,hydrophobic
source_file/8BPE,I,ILE68,I,ILE68,2.5465825,hydrophobic
source_file/8BPE,I,ILE68,I,ILE68,1.5091606,hydrophobic
source_file/8BPE,I,ILE68,I,ILE68,0.0,hydrophobic
source_file/8BPE,I,ILE68,I,ILE68,1.5219775,hydrophobic
source_file/8BPE,I,ILE68,I,ILE68,2.528302,hydrophobic
source_file/8BPE,I,ILE68,I,ILE68,2.7963712,hydrophobic
source_file/8BPE,I,ILE68,I,ILE68,2.5249426,hydrophobic
source_file/8BPE,I,ILE68,I,ILE68,2.5427353,hydrophobic
source_file/8BPE,I,ILE68,I,ILE68,1.5091606,hydrophobic
source_file/8BPE,I,ILE68,I,ILE68,0.0,hydrophobic
source_file/8BPE,I,LYS69,I,ILE68,2.2783635,h_bond
source_file/8BPE,I,LYS69,I,ILE68,1.3361987,other
source_file/8BPE,I,LYS69,I,ILE68,2.4679255,other
source_file/8BPE,I,LYS69,I,LYS69,0.0,h_bond
source_file/8BPE,I,LYS69,I,VAL61,2.9514375,h_bond
source_file/8BPE,I,LYS69,I,LYS69,2.4601352,other
source_file/8BPE,I,LYS69,I,LYS69,1.4859633,other
source_file/8BPE,I,LYS69,I,LYS69,2.4927404,other
source_file/8BPE,I,LYS69,I,LYS69,2.778636,h_bond
source_file/8BPE,I,LYS69,I,ILE68,2.781004,other
source_file/8BPE,I,LYS69,I,ILE68,2.4429817,hydrophobic
source_file/8BPE,I,LYS69,I,LYS69,1.4859633,other
source_file/8BPE,I,LYS69,I,ALA70,2.4404159,other
source_file/8BPE,I,LYS69,I,LYS69,1.5290977,hydrophobic
source_file/8BPE,I,LYS69,I,LYS69,0.0,hydrophobic
source_file/8BPE,I,LYS69,I,LYS69,1.5300584,hydrophobic
source_file/8BPE,I,LYS69,I,LYS69,2.571546,hydrophobic
source_file/8BPE,I,LYS69,I,LYS69,2.3875415,other
source_file/8BPE,I,LYS69,I,LYS69,2.4601352,other
source_file/8BPE,I,LYS69,I,ALA70,2.4457219,hydrophobic
source_file/8BPE,I,LYS69,I,ALA70,1.332796,other
source_file/8BPE,I,LYS69,I,LYS69,0.0,hydrophobic
source_file/8BPE,I,LYS69,I,LYS69,1.5290977,hydrophobic
source_file/8BPE,I,LYS69,I,LYS69,2.5074902,hydrophobic
source_file/8BPE,I,LYS69,I,LYS69,1.2437294,other
source_file/8BPE,I,LYS69,I,ALA70,2.878837,hydrophobic
source_file/8BPE,I,LYS69,I,LYS69,2.778636,h_bond
source_file/8BPE,I,LYS69,I,ALA70,2.8095777,other
source_file/8BPE,I,LYS69,I,ALA70,2.2820175,h_bond
source_file/8BPE,I,LYS69,I,LYS69,1.2437294,other
source_file/8BPE,I,LYS69,I,LYS69,2.3875415,other
source_file/8BPE,I,LYS69,I,LYS69,0.0,h_bond
source_file/8BPE,I,LYS69,I,TYR72,2.7855318,h_bond
source_file/8BPE,I,LYS69,I,ALA70,2.7502239,other
source_file/8BPE,I,LYS69,I,LYS69,2.4927404,other
source_file/8BPE,I,LYS69,I,LYS69,2.5074902,hydrophobic
source_file/8BPE,I,LYS69,I,LYS69,1.5300584,hydrophobic
source_file/8BPE,I,LYS69,I,LYS69,0.0,hydrophobic
source_file/8BPE,I,LYS69,I,LYS69,1.5229354,hydrophobic
source_file/8BPE,I,LYS69,I,LYS69,2.529511,hydrophobic
source_file/8BPE,I,LYS69,I,LYS69,2.571546,hydrophobic
source_file/8BPE,I,LYS69,I,LYS69,1.5229354,hydrophobic
source_file/8BPE,I,LYS69,I,LYS69,0.0,hydrophobic
source_file/8BPE,I,LYS69,I,LYS69,1.5122854,hydrophobic
source_file/8BPE,I,LYS69,I,LYS69,2.5242107,hydrophobic
source_file/8BPE,I,LYS69,I,LYS69,2.529511,hydrophobic
source_file/8BPE,I,LYS69,I,LYS69,1.5122854,hydrophobic
source_file/8BPE,I,LYS69,I,LYS69,0.0,hydrophobic
source_file/8BPE,I,LYS69,I,LYS69,1.5133435,hydrophobic
source_file/8BPE,I,LYS69,I,LYS69,2.4777987,other
source_file/8BPE,I,LYS69,I,LYS69,2.5242107,hydrophobic
source_file/8BPE,I,LYS69,I,LYS69,1.5133435,hydrophobic
source_file/8BPE,I,LYS69,I,LYS69,0.0,hydrophobic
source_file/8BPE,I,LYS69,I,LYS69,1.4820691,other
source_file/8BPE,I,LYS69,I,LYS69,2.4777987,other
source_file/8BPE,I,LYS69,I,LYS69,1.4820691,other
source_file/8BPE,I,LYS69,I,LYS69,0.0,h_bond
source_file/8BPE,I,ALA70,I,ALA70,2.4384096,other
source_file/8BPE,I,ALA70,I,ALA70,1.4769207,other
source_file/8BPE,I,ALA70,I,ALA70,0.0,h_bond
source_file/8BPE,I,ALA70,I,LYS69,1.332796,other
source_file/8BPE,I,ALA70,I,LYS69,2.4404159,other
source_file/8BPE,I,ALA70,I,LYS69,2.2820175,h_bond
source_file/8BPE,I,ALA70,I,ALA70,2.4426668,other
source_file/8BPE,I,ALA70,I,GLU71,2.8082583,h_bond
source_file/8BPE,I,ALA70,I,ALA70,1.5064375,hydrophobic
source_file/8BPE,I,ALA70,I,ALA70,0.0,hydrophobic
source_file/8BPE,I,ALA70,I,ALA70,1.4769207,other
source_file/8BPE,I,ALA70,I,LYS69,2.4457219,hydrophobic
source_file/8BPE,I,ALA70,I,LYS69,2.8095777,other
source_file/8BPE,I,ALA70,I,ALA70,2.3871288,other
source_file/8BPE,I,ALA70,I,ALA70,1.5297722,hydrophobic
source_file/8BPE,I,ALA70,I,GLU71,2.447569,other
source_file/8BPE,I,ALA70,I,ALA70,2.510297,hydrophobic
source_file/8BPE,I,ALA70,I,ALA70,1.5297722,hydrophobic
source_file/8BPE,I,ALA70,I,ALA70,2.4426668,other
source_file/8BPE,I,ALA70,I,LYS69,2.878837,hydrophobic
source_file/8BPE,I,ALA70,I,LYS69,2.7502239,other
source_file/8BPE,I,ALA70,I,ALA70,1.2452554,other
source_file/8BPE,I,ALA70,I,ALA70,0.0,hydrophobic
source_file/8BPE,I,ALA70,I,GLU71,1.3345824,other
source_file/8BPE,I,ALA70,I,GLU71,2.4563096,hydrophobic
source_file/8BPE,I,ALA70,I,ALA70,2.3871288,other
source_file/8BPE,I,ALA70,I,ALA70,0.0,h_bond
source_file/8BPE,I,ALA70,I,ALA70,1.2452554,other
source_file/8BPE,I,ALA70,I,GLU71,2.2827785,h_bond
source_file/8BPE,I,ALA70,I,GLU71,2.8157127,other
source_file/8BPE,I,ALA70,I,ALA70,0.0,hydrophobic
source_file/8BPE,I,ALA70,I,ALA70,1.5064375,hydrophobic
source_file/8BPE,I,ALA70,I,ALA70,2.4384096,other
source_file/8BPE,I,ALA70,I,ALA70,2.510297,hydrophobic
source_file/8BPE,I,GLU71,I,ALA70,2.447569,other
source_file/8BPE,I,GLU71,I,ALA70,2.8082583,h_bond
source_file/8BPE,I,GLU71,I,TYR72,2.8826423,h_bond
source_file/8BPE,I,GLU71,I,ALA70,2.2827785,h_bond
source_file/8BPE,I,GLU71,I,ALA70,1.3345824,other
source_file/8BPE,I,GLU71,I,GLU71,0.0,h_bond
source_file/8BPE,I,GLU71,I,GLU71,1.4856222,other
source_file/8BPE,I,GLU71,I,GLU71,2.4613423,other
source_file/8BPE,I,GLU71,I,GLU71,2.4703448,other
source_file/8BPE,I,GLU71,I,GLU71,2.3855042,other
source_file/8BPE,I,GLU71,I,TYR72,2.453865,other
source_file/8BPE,I,GLU71,I,ALA70,2.8157127,other
source_file/8BPE,I,GLU71,I,ALA70,2.4563096,hydrophobic
source_file/8BPE,I,GLU71,I,GLU71,1.4856222,other
source_file/8BPE,I,GLU71,I,GLU71,0.0,hydrophobic
source_file/8BPE,I,GLU71,I,GLU71,1.5306989,hydrophobic
source_file/8BPE,I,GLU71,I,GLU71,1.529787,hydrophobic
source_file/8BPE,I,GLU71,I,GLU71,2.5585275,hydrophobic
source_file/8BPE,I,GLU71,I,GLU71,1.2455622,other
source_file/8BPE,I,GLU71,I,TYR72,1.334522,other
source_file/8BPE,I,GLU71,I,TYR72,2.4467034,hydrophobic
source_file/8BPE,I,GLU71,I,GLU71,2.4613423,other
source_file/8BPE,I,GLU71,I,GLU71,1.5306989,hydrophobic
source_file/8BPE,I,GLU71,I,GLU71,0.0,hydrophobic
source_file/8BPE,I,GLU71,I,GLU71,2.5147555,hydrophobic
source_file/8BPE,I,GLU71,I,GLU71,0.0,h_bond
source_file/8BPE,I,GLU71,I,TYR72,2.2807298,h_bond
source_file/8BPE,I,GLU71,I,TYR72,2.7978797,other
source_file/8BPE,I,GLU71,I,GLU71,2.3855042,other
source_file/8BPE,I,GLU71,I,GLU71,1.2455622,other
source_file/8BPE,I,GLU71,I,ARG75,2.9752254,h_bond
source_file/8BPE,I,GLU71,I,GLU71,2.4703448,other
source_file/8BPE,I,GLU71,I,GLU71,1.529787,hydrophobic
source_file/8BPE,I,GLU71,I,GLU71,2.5147555,hydrophobic
source_file/8BPE,I,GLU71,I,GLU71,0.0,hydrophobic
source_file/8BPE,I,GLU71,I,GLU71,1.5223585,hydrophobic
source_file/8BPE,I,GLU71,I,GLU71,2.5816083,hydrophobic
source_file/8BPE,I,GLU71,I,GLU71,2.5585275,hydrophobic
source_file/8BPE,I,GLU71,I,GLU71,1.5223585,hydrophobic
source_file/8BPE,I,GLU71,I,GLU71,0.0,hydrophobic
source_file/8BPE,I,GLU71,I,GLU71,1.5194287,hydrophobic
source_file/8BPE,I,GLU71,I,GLU71,2.378762,other
source_file/8BPE,I,GLU71,I,GLU71,2.3777838,other
source_file/8BPE,I,GLU71,I,GLU71,2.5816083,hydrophobic
source_file/8BPE,I,GLU71,I,GLU71,1.5194287,hydrophobic
source_file/8BPE,I,GLU71,I,GLU71,0.0,hydrophobic
source_file/8BPE,I,GLU71,I,GLU71,1.2457361,other
source_file/8BPE,I,GLU71,I,GLU71,1.2476106,other
source_file/8BPE,I,GLU71,I,GLU71,2.378762,other
source_file/8BPE,I,GLU71,I,GLU71,1.2457361,other
source_file/8BPE,I,GLU71,I,GLU71,0.0,h_bond
source_file/8BPE,I,GLU71,I,GLU71,2.1963034,h_bond
source_file/8BPE,I,GLU71,I,GLU71,2.3777838,other
source_file/8BPE,I,GLU71,I,GLU71,1.2476106,other
source_file/8BPE,I,GLU71,I,GLU71,2.1963034,h_bond
source_file/8BPE,I,GLU71,I,GLU71,0.0,h_bond
source_file/8BPE,I,TYR72,I,GLU71,2.2807298,h_bond
source_file/8BPE,I,TYR72,I,TYR72,2.4666605,other
source_file/8BPE,I,TYR72,I,TYR72,0.0,h_bond
source_file/8BPE,I,TYR72,I,TYR72,1.4854921,other
source_file/8BPE,I,TYR72,I,TYR72,2.486291,other
source_file/8BPE,I,TYR72,I,GLU71,2.8826423,h_bond
source_file/8BPE,I,TYR72,I,GLU71,2.453865,other
source_file/8BPE,I,TYR72,I,GLU71,1.334522,other
source_file/8BPE,I,TYR72,I,TYR72,2.999079,other
source_file/8BPE,I,TYR72,I,GLU71,2.7978797,other
source_file/8BPE,I,TYR72,I,LYS73,2.4471312,other
source_file/8BPE,I,TYR72,I,TYR72,1.5301479,hydrophobic
source_file/8BPE,I,TYR72,I,TYR72,2.3918035,other
source_file/8BPE,I,TYR72,I,TYR72,1.4854921,other
source_file/8BPE,I,TYR72,I,TYR72,0.0,hydrophobic
source_file/8BPE,I,TYR72,I,TYR72,1.5300308,hydrophobic
source_file/8BPE,I,TYR72,I,TYR72,2.5778172,hydrophobic
source_file/8BPE,I,TYR72,I,GLU71,2.4467034,hydrophobic
source_file/8BPE,I,TYR72,I,LYS73,2.4543953,hydrophobic
source_file/8BPE,I,TYR72,I,LYS73,1.3354518,other
source_file/8BPE,I,TYR72,I,TYR72,0.0,hydrophobic
source_file/8BPE,I,TYR72,I,TYR72,1.2450264,other
source_file/8BPE,I,TYR72,I,TYR72,2.4666605,other
source_file/8BPE,I,TYR72,I,TYR72,1.5301479,hydrophobic
source_file/8BPE,I,TYR72,I,TYR72,2.5090325,hydrophobic
source_file/8BPE,I,TYR72,I,LYS73,2.8073273,other
source_file/8BPE,I,TYR72,I,LYS69,2.7855318,h_bond
source_file/8BPE,I,TYR72,I,LYS73,2.2806861,h_bond
source_file/8BPE,I,TYR72,I,TYR72,1.2450264,other
source_file/8BPE,I,TYR72,I,TYR72,0.0,h_bond
source_file/8BPE,I,TYR72,I,TYR72,2.3918035,other
source_file/8BPE,I,TYR72,I,TYR72,2.7918315,other
source_file/8BPE,I,TYR72,I,TYR72,2.5090325,hydrophobic
source_file/8BPE,I,TYR72,I,TYR72,2.7918315,other
source_file/8BPE,I,TYR72,I,TYR72,2.486291,other
source_file/8BPE,I,TYR72,I,TYR72,1.5300308,hydrophobic
source_file/8BPE,I,TYR72,I,TYR72,0.0,hydrophobic
source_file/8BPE,I,TYR72,I,TYR72,1.5086135,hydrophobic
source_file/8BPE,I,TYR72,I,TYR72,2.5176246,hydrophobic
source_file/8BPE,I,TYR72,I,TYR72,2.5228355,hydrophobic
source_file/8BPE,I,TYR72,I,TYR72,2.5778172,hydrophobic
source_file/8BPE,I,TYR72,I,TYR72,1.5086135,hydrophobic
source_file/8BPE,I,TYR72,I,TYR72,0.0,hydrophobic
source_file/8BPE,I,TYR72,I,TYR72,1.3851893,hydrophobic
source_file/8BPE,I,TYR72,I,TYR72,2.4168959,hydrophobic
source_file/8BPE,I,TYR72,I,TYR72,1.384233,hydrophobic
source_file/8BPE,I,TYR72,I,TYR72,2.4167838,hydrophobic
source_file/8BPE,I,TYR72,I,TYR72,2.7973902,hydrophobic
source_file/8BPE,I,TYR72,I,TYR72,2.5176246,hydrophobic
source_file/8BPE,I,TYR72,I,TYR72,1.3851893,hydrophobic
source_file/8BPE,I,TYR72,I,TYR72,0.0,hydrophobic
source_file/8BPE,I,TYR72,I,TYR72,1.3859943,hydrophobic
source_file/8BPE,I,TYR72,I,TYR72,2.3709157,hydrophobic
source_file/8BPE,I,TYR72,I,TYR72,2.7549639,hydrophobic
source_file/8BPE,I,TYR72,I,TYR72,2.3967266,hydrophobic
source_file/8BPE,I,TYR72,I,TYR72,2.999079,other
source_file/8BPE,I,TYR72,I,TYR72,2.5228355,hydrophobic
source_file/8BPE,I,TYR72,I,TYR72,1.384233,hydrophobic
source_file/8BPE,I,TYR72,I,TYR72,2.3709157,hydrophobic
source_file/8BPE,I,TYR72,I,TYR72,2.752968,hydrophobic
source_file/8BPE,I,TYR72,I,TYR72,0.0,hydrophobic
source_file/8BPE,I,TYR72,I,TYR72,1.3848097,hydrophobic
source_file/8BPE,I,TYR72,I,TYR72,2.3947053,hydrophobic
source_file/8BPE,I,TYR72,I,TYR72,2.4168959,hydrophobic
source_file/8BPE,I,TYR72,I,TYR72,1.3859943,hydrophobic
source_file/8BPE,I,TYR72,I,TYR72,0.0,hydrophobic
source_file/8BPE,I,TYR72,I,TYR72,2.752968,hydrophobic
source_file/8BPE,I,TYR72,I,TYR72,2.3893685,hydrophobic
source_file/8BPE,I,TYR72,I,TYR72,1.3830451,hydrophobic
source_file/8BPE,I,TYR72,I,TYR72,2.3926754,other
source_file/8BPE,I,TYR72,I,TYR72,2.4167838,hydrophobic
source_file/8BPE,I,TYR72,I,TYR72,2.7549639,hydrophobic
source_file/8BPE,I,TYR72,I,TYR72,2.3893685,hydrophobic
source_file/8BPE,I,TYR72,I,TYR72,1.3848097,hydrophobic
source_file/8BPE,I,TYR72,I,TYR72,0.0,hydrophobic
source_file/8BPE,I,TYR72,I,TYR72,1.3827235,hydrophobic
source_file/8BPE,I,TYR72,I,TYR72,2.3865182,other
source_file/8BPE,I,TYR72,I,TYR72,2.7973902,hydrophobic
source_file/8BPE,I,TYR72,I,TYR72,2.3967266,hydrophobic
source_file/8BPE,I,TYR72,I,TYR72,1.3830451,hydrophobic
source_file/8BPE,I,TYR72,I,TYR72,2.3947053,hydrophobic
source_file/8BPE,I,TYR72,I,TYR72,1.3827235,hydrophobic
source_file/8BPE,I,TYR72,I,TYR72,0.0,hydrophobic
source_file/8BPE,I,TYR72,I,TYR72,1.3730348,other
source_file/8BPE,I,TYR72,I,TYR72,2.3926754,other
source_file/8BPE,I,TYR72,I,TYR72,2.3865182,other
source_file/8BPE,I,TYR72,I,TYR72,1.3730348,other
source_file/8BPE,I,TYR72,I,TYR72,0.0,h_bond
source_file/8BPE,I,LYS73,I,LYS73,2.4576833,other
source_file/8BPE,I,LYS73,I,LYS73,2.4807134,other
source_file/8BPE,I,LYS73,I,LYS73,1.4855757,other
source_file/8BPE,I,LYS73,I,LYS73,0.0,h_bond
source_file/8BPE,I,LYS73,I,TYR72,1.3354518,other
source_file/8BPE,I,LYS73,I,TYR72,2.2806861,h_bond
source_file/8BPE,I,LYS73,I,TYR72,2.4471312,other
source_file/8BPE,I,LYS73,I,LYS73,2.8029842,h_bond
source_file/8BPE,I,LYS73,I,LYS73,2.5670226,hydrophobic
source_file/8BPE,I,LYS73,I,GLY74,2.4501002,other
source_file/8BPE,I,LYS73,I,LYS73,1.5303552,hydrophobic
source_file/8BPE,I,LYS73,I,LYS73,1.5317178,hydrophobic
source_file/8BPE,I,LYS73,I,LYS73,0.0,hydrophobic
source_file/8BPE,I,LYS73,I,LYS73,1.4855757,other
source_file/8BPE,I,LYS73,I,TYR72,2.4543953,hydrophobic
source_file/8BPE,I,LYS73,I,TYR72,2.8073273,other
source_file/8BPE,I,LYS73,I,LYS73,2.3854284,other
source_file/8BPE,I,LYS73,I,GLY74,1.3366822,other
source_file/8BPE,I,LYS73,I,GLY74,2.4527633,hydrophobic
source_file/8BPE,I,LYS73,I,LYS73,0.0,hydrophobic
source_file/8BPE,I,LYS73,I,LYS73,2.5237772,hydrophobic
source_file/8BPE,I,LYS73,I,LYS73,1.5303552,hydrophobic
source_file/8BPE,I,LYS73,I,LYS73,2.4576833,other
source_file/8BPE,I,LYS73,I,LYS73,1.2458798,other
source_file/8BPE,I,LYS73,I,GLY74,2.2873054,h_bond
source_file/8BPE,I,LYS73,I,GLY74,2.8214104,other
source_file/8BPE,I,LYS73,I,LYS73,1.2458798,other
source_file/8BPE,I,LYS73,I,LYS73,2.3854284,other
source_file/8BPE,I,LYS73,I,LYS73,2.8029842,h_bond
source_file/8BPE,I,LYS73,I,LYS73,0.0,h_bond
source_file/8BPE,I,LYS73,I,LYS73,1.5209907,hydrophobic
source_file/8BPE,I,LYS73,I,LYS73,2.5167267,hydrophobic
source_file/8BPE,I,LYS73,I,LYS73,2.5237772,hydrophobic
source_file/8BPE,I,LYS73,I,LYS73,0.0,hydrophobic
source_file/8BPE,I,LYS73,I,LYS73,1.5317178,hydrophobic
source_file/8BPE,I,LYS73,I,LYS73,2.4807134,other
source_file/8BPE,I,LYS73,I,LYS73,2.5322685,hydrophobic
source_file/8BPE,I,LYS73,I,LYS73,0.0,hydrophobic
source_file/8BPE,I,LYS73,I,LYS73,1.5130405,hydrophobic
source_file/8BPE,I,LYS73,I,LYS73,1.5209907,hydrophobic
source_file/8BPE,I,LYS73,I,LYS73,2.5670226,hydrophobic
source_file/8BPE,I,LYS73,I,LYS73,1.5126845,hydrophobic
source_file/8BPE,I,LYS73,I,LYS73,2.47443,other
source_file/8BPE,I,LYS73,I,LYS73,1.5130405,hydrophobic
source_file/8BPE,I,LYS73,I,LYS73,0.0,hydrophobic
source_file/8BPE,I,LYS73,I,LYS73,2.5167267,hydrophobic
source_file/8BPE,I,LYS73,I,LYS73,0.0,hydrophobic
source_file/8BPE,I,LYS73,I,LYS73,1.4816774,other
source_file/8BPE,I,LYS73,I,LYS73,2.5322685,hydrophobic
source_file/8BPE,I,LYS73,I,LYS73,1.5126845,hydrophobic
source_file/8BPE,I,LYS73,I,LYS73,1.4816774,other
source_file/8BPE,I,LYS73,I,LYS73,0.0,h_bond
source_file/8BPE,I,LYS73,I,LYS73,2.47443,other
source_file/8BPE,I,GLY74,I,GLY74,0.0,h_bond
source_file/8BPE,I,GLY74,I,GLY74,1.4764146,other
source_file/8BPE,I,GLY74,I,GLY74,2.4761357,other
source_file/8BPE,I,GLY74,I,LYS73,1.3366822,other
source_file/8BPE,I,GLY74,I,ARG75,2.6836584,h_bond
source_file/8BPE,I,GLY74,I,LYS73,2.4501002,other
source_file/8BPE,I,GLY74,I,LYS73,2.2873054,h_bond
source_file/8BPE,I,GLY74,I,GLY74,1.4764146,other
source_file/8BPE,I,GLY74,I,GLY74,0.0,hydrophobic
source_file/8BPE,I,GLY74,I,GLY74,1.5170625,hydrophobic
source_file/8BPE,I,GLY74,I,GLY74,2.3748853,other
source_file/8BPE,I,GLY74,I,LYS73,2.4527633,hydrophobic
source_file/8BPE,I,GLY74,I,ARG75,2.4363046,other
source_file/8BPE,I,GLY74,I,LYS73,2.8214104,other
source_file/8BPE,I,GLY74,I,GLY74,2.4761357,other
source_file/8BPE,I,GLY74,I,GLY74,1.5170625,hydrophobic
source_file/8BPE,I,GLY74,I,GLY74,0.0,hydrophobic
source_file/8BPE,I,GLY74,I,GLY74,1.2452755,other
source_file/8BPE,I,GLY74,I,ARG75,1.3308495,other
source_file/8BPE,I,GLY74,I,ARG75,2.4512296,hydrophobic
source_file/8BPE,I,GLY74,I,GLY74,2.3748853,other
source_file/8BPE,I,GLY74,I,GLY74,1.2452755,other
source_file/8BPE,I,GLY74,I,GLY74,0.0,h_bond
source_file/8BPE,I,GLY74,I,ARG75,2.2757173,h_bond
source_file/8BPE,I,GLY74,I,ARG75,2.804397,other
source_file/8BPE,I,ARG75,I,GLY74,2.6836584,h_bond
source_file/8BPE,I,ARG75,I,GLY74,2.4363046,other
source_file/8BPE,I,ARG75,I,GLY74,1.3308495,other
source_file/8BPE,I,ARG75,I,GLY74,2.2757173,h_bond
source_file/8BPE,I,ARG75,I,VAL76,2.6482642,h_bond
source_file/8BPE,I,ARG75,I,ARG75,0.0,h_bond
source_file/8BPE,I,ARG75,I,ARG75,1.4844531,other
source_file/8BPE,I,ARG75,I,ARG75,2.4808886,other
source_file/8BPE,I,ARG75,I,ARG75,2.4329057,other
source_file/8BPE,I,ARG75,I,ARG75,2.8375442,other
source_file/8BPE,I,ARG75,I,GLY74,2.4512296,hydrophobic
source_file/8BPE,I,ARG75,I,GLY74,2.804397,other
source_file/8BPE,I,ARG75,I,VAL76,2.446352,other
source_file/8BPE,I,ARG75,I,ARG75,1.4844531,other
source_file/8BPE,I,ARG75,I,ARG75,0.0,hydrophobic
source_file/8BPE,I,ARG75,I,ARG75,1.5313777,hydrophobic
source_file/8BPE,I,ARG75,I,ARG75,1.5268027,hydrophobic
source_file/8BPE,I,ARG75,I,ARG75,2.3743796,other
source_file/8BPE,I,ARG75,I,ARG75,2.5639713,hydrophobic
source_file/8BPE,I,ARG75,I,VAL76,2.4532964,hydrophobic
source_file/8BPE,I,ARG75,I,VAL76,1.3348525,other
source_file/8BPE,I,ARG75,I,ARG75,2.4329057,other
source_file/8BPE,I,ARG75,I,ARG75,1.5268027,hydrophobic
source_file/8BPE,I,ARG75,I,ARG75,2.514401,hydrophobic
source_file/8BPE,I,ARG75,I,ARG75,0.0,hydrophobic
source_file/8BPE,I,ARG75,I,ARG75,1.2373608,other
source_file/8BPE,I,ARG75,I,VAL76,2.806709,other
source_file/8BPE,I,ARG75,I,VAL76,2.2782595,h_bond
source_file/8BPE,I,ARG75,I,ARG75,2.3743796,other
source_file/8BPE,I,ARG75,I,ARG75,2.7845843,other
source_file/8BPE,I,ARG75,I,ARG75,1.2373608,other
source_file/8BPE,I,ARG75,I,ARG75,0.0,h_bond
source_file/8BPE,I,ARG75,I,ARG75,2.4808886,other
source_file/8BPE,I,ARG75,I,ARG75,1.5313777,hydrophobic
source_file/8BPE,I,ARG75,I,ARG75,0.0,hydrophobic
source_file/8BPE,I,ARG75,I,ARG75,2.514401,hydrophobic
source_file/8BPE,I,ARG75,I,ARG75,2.7845843,other
source_file/8BPE,I,ARG75,I,ARG75,1.5217539,hydrophobic
source_file/8BPE,I,ARG75,I,ARG75,2.5163038,hydrophobic
source_file/8BPE,I,ARG75,I,ARG75,2.8858433,other
source_file/8BPE,I,ARG75,I,ARG75,2.8375442,other
source_file/8BPE,I,ARG75,I,ARG75,2.5639713,hydrophobic
source_file/8BPE,I,ARG75,I,ARG75,1.5217539,hydrophobic
source_file/8BPE,I,ARG75,I,ARG75,0.0,hydrophobic
source_file/8BPE,I,ARG75,I,ARG75,1.5170884,hydrophobic
source_file/8BPE,I,ARG75,I,ARG75,2.4856253,other
source_file/8BPE,I,ARG75,I,ARG75,2.5163038,hydrophobic
source_file/8BPE,I,ARG75,I,ARG75,2.8496196,other
source_file/8BPE,I,ARG75,I,ARG75,1.5170884,hydrophobic
source_file/8BPE,I,ARG75,I,ARG75,0.0,hydrophobic
source_file/8BPE,I,ARG75,I,ARG75,2.4720092,hydrophobic
source_file/8BPE,I,ARG75,I,ARG75,1.4561957,other
source_file/8BPE,I,ARG75,I,ARG75,2.8858433,other
source_file/8BPE,I,ARG75,I,ARG75,2.2981627,h_bond
source_file/8BPE,I,ARG75,I,ARG75,2.4856253,other
source_file/8BPE,I,ARG75,I,ARG75,1.4561957,other
source_file/8BPE,I,ARG75,I,ARG75,1.3288349,other
source_file/8BPE,I,ARG75,I,ARG75,0.0,h_bond
source_file/8BPE,I,ARG75,I,ARG75,2.2934768,h_bond
source_file/8BPE,I,ARG75,I,ARG75,1.3210014,other
source_file/8BPE,I,ARG75,I,ARG75,2.4720092,hydrophobic
source_file/8BPE,I,ARG75,I,ARG75,0.0,hydrophobic
source_file/8BPE,I,ARG75,I,ARG75,1.3288349,other
source_file/8BPE,I,ARG75,I,ARG75,1.3214811,other
source_file/8BPE,I,ARG75,I,GLU71,2.9752254,h_bond
source_file/8BPE,I,ARG75,I,ARG75,0.0,h_bond
source_file/8BPE,I,ARG75,I,ARG75,2.8496196,other
source_file/8BPE,I,ARG75,I,ARG75,1.3210014,other
source_file/8BPE,I,ARG75,I,ARG75,2.2981627,h_bond
source_file/8BPE,I,ARG75,I,ARG75,2.2868493,h_bond
source_file/8BPE,I,ARG75,I,ARG75,2.2868493,h_bond
source_file/8BPE,I,ARG75,I,ARG75,1.3214811,other
source_file/8BPE,I,ARG75,I,ARG75,2.2934768,h_bond
source_file/8BPE,I,ARG75,I,ARG75,0.0,h_bond
source_file/8BPE,I,VAL76,I,VAL76,2.83178,h_bond
source_file/8BPE,I,VAL76,I,VAL76,2.8049746,other
source_file/8BPE,I,VAL76,I,VAL76,2.4689322,other
source_file/8BPE,I,VAL76,I,VAL76,1.4909445,other
source_file/8BPE,I,VAL76,I,VAL76,2.4778697,other
source_file/8BPE,I,VAL76,I,VAL76,0.0,h_bond
source_file/8BPE,I,VAL76,I,ARG75,2.6482642,h_bond
source_file/8BPE,I,VAL76,I,ARG75,2.446352,other
source_file/8BPE,I,VAL76,I,ARG75,1.3348525,other
source_file/8BPE,I,VAL76,I,ARG75,2.2782595,h_bond
source_file/8BPE,I,VAL76,I,VAL76,2.3885882,other
source_file/8BPE,I,VAL76,I,VAL76,2.534495,hydrophobic
source_file/8BPE,I,VAL76,I,VAL76,1.533392,hydrophobic
source_file/8BPE,I,VAL76,I,VAL76,0.0,hydrophobic
source_file/8BPE,I,VAL76,I,VAL76,1.5388438,hydrophobic
source_file/8BPE,I,VAL76,I,THR77,2.455423,other
source_file/8BPE,I,VAL76,I,VAL76,2.5392637,hydrophobic
source_file/8BPE,I,VAL76,I,VAL76,1.4909445,other
source_file/8BPE,I,VAL76,I,ARG75,2.4532964,hydrophobic
source_file/8BPE,I,VAL76,I,ARG75,2.806709,other
source_file/8BPE,I,VAL76,I,THR77,2.4666011,hydrophobic
source_file/8BPE,I,VAL76,I,VAL76,1.2467915,other
source_file/8BPE,I,VAL76,I,VAL76,0.0,hydrophobic
source_file/8BPE,I,VAL76,I,VAL76,1.533392,hydrophobic
source_file/8BPE,I,VAL76,I,VAL76,2.544797,hydrophobic
source_file/8BPE,I,VAL76,I,THR77,1.3369392,other
source_file/8BPE,I,VAL76,I,VAL76,2.4689322,other
source_file/8BPE,I,VAL76,I,THR77,2.8299634,other
source_file/8BPE,I,VAL76,I,VAL76,0.0,h_bond
source_file/8BPE,I,VAL76,I,VAL76,1.2467915,other
source_file/8BPE,I,VAL76,I,VAL76,2.3885882,other
source_file/8BPE,I,VAL76,I,THR77,2.2866209,h_bond
source_file/8BPE,I,VAL76,I,VAL76,2.83178,h_bond
source_file/8BPE,I,VAL76,I,VAL76,1.5209733,hydrophobic
source_file/8BPE,I,VAL76,I,VAL76,2.544797,hydrophobic
source_file/8BPE,I,VAL76,I,VAL76,1.5388438,hydrophobic
source_file/8BPE,I,VAL76,I,VAL76,0.0,hydrophobic
source_file/8BPE,I,VAL76,I,VAL76,1.5227666,hydrophobic
source_file/8BPE,I,VAL76,I,VAL76,2.4778697,other
source_file/8BPE,I,VAL76,I,VAL76,2.5010734,hydrophobic
source_file/8BPE,I,VAL76,I,VAL76,2.5392637,hydrophobic
source_file/8BPE,I,VAL76,I,VAL76,1.5227666,hydrophobic
source_file/8BPE,I,VAL76,I,VAL76,0.0,hydrophobic
source_file/8BPE,I,VAL76,I,VAL76,0.0,hydrophobic
source_file/8BPE,I,VAL76,I,VAL76,2.534495,hydrophobic
source_file/8BPE,I,VAL76,I,VAL76,1.5209733,hydrophobic
source_file/8BPE,I,VAL76,I,VAL76,2.5010734,hydrophobic
source_file/8BPE,I,VAL76,I,VAL76,2.8049746,other
source_file/8BPE,I,THR77,I,THR77,2.4941063,other
source_file/8BPE,I,THR77,I,THR77,1.4897921,other
source_file/8BPE,I,THR77,I,THR77,2.4694011,other
source_file/8BPE,I,THR77,I,THR77,2.6901033,h_bond
source_file/8BPE,I,THR77,I,VAL76,2.2866209,h_bond
source_file/8BPE,I,THR77,I,VAL76,1.3369392,other
source_file/8BPE,I,THR77,I,VAL76,2.455423,other
source_file/8BPE,I,THR77,I,THR77,0.0,h_bond
source_file/8BPE,I,THR77,I,THR77,2.39352,other
source_file/8BPE,I,THR77,I,THR77,1.5331599,hydrophobic
source_file/8BPE,I,THR77,I,THR77,0.0,hydrophobic
source_file/8BPE,I,THR77,I,LEU78,2.4598188,other
source_file/8BPE,I,THR77,I,THR77,1.5332497,hydrophobic
source_file/8BPE,I,THR77,I,THR77,2.3792813,other
source_file/8BPE,I,THR77,I,VAL76,2.8299634,other
source_file/8BPE,I,THR77,I,VAL76,2.4666011,hydrophobic
source_file/8BPE,I,THR77,I,THR77,1.4897921,other
source_file/8BPE,I,THR77,I,THR77,2.5413642,hydrophobic
source_file/8BPE,I,THR77,I,THR77,2.9085386,other
source_file/8BPE,I,THR77,I,THR77,2.5370321,hydrophobic
source_file/8BPE,I,THR77,I,THR77,1.5332497,hydrophobic
source_file/8BPE,I,THR77,I,LEU78,1.336723,other
source_file/8BPE,I,THR77,I,THR77,0.0,hydrophobic
source_file/8BPE,I,THR77,I,LEU78,2.4668622,hydrophobic
source_file/8BPE,I,THR77,I,THR77,1.2411064,other
source_file/8BPE,I,THR77,I,THR77,2.4694011,other
source_file/8BPE,I,THR77,I,THR77,2.3792813,other
source_file/8BPE,I,THR77,I,LEU78,2.281446,h_bond
source_file/8BPE,I,THR77,I,THR77,1.2411064,other
source_file/8BPE,I,THR77,I,LEU78,2.8276339,other
source_file/8BPE,I,THR77,I,THR77,0.0,h_bond
source_file/8BPE,I,THR77,I,THR77,2.6901033,h_bond
source_file/8BPE,I,THR77,I,THR77,1.4277318,other
source_file/8BPE,I,THR77,I,THR77,0.0,hydrophobic
source_file/8BPE,I,THR77,I,THR77,1.5331599,hydrophobic
source_file/8BPE,I,THR77,I,THR77,2.5370321,hydrophobic
source_file/8BPE,I,THR77,I,THR77,2.4941063,other
source_file/8BPE,I,THR77,I,THR77,1.5132799,hydrophobic
source_file/8BPE,I,THR77,I,THR77,0.0,h_bond
source_file/8BPE,I,THR77,I,THR77,1.4277318,other
source_file/8BPE,I,THR77,I,THR77,2.39352,other
source_file/8BPE,I,THR77,I,LEU78,2.9888008,h_bond
source_file/8BPE,I,THR77,I,THR77,2.9085386,other
source_file/8BPE,I,THR77,I,THR77,2.4085574,other
source_file/8BPE,I,THR77,I,THR77,2.4085574,other
source_file/8BPE,I,THR77,I,THR77,1.5132799,hydrophobic
source_file/8BPE,I,THR77,I,THR77,2.5413642,hydrophobic
source_file/8BPE,I,THR77,I,THR77,0.0,hydrophobic
source_file/8BPE,I,LEU78,I,LEU78,2.4572263,other
source_file/8BPE,I,LEU78,I,THR77,2.9888008,h_bond
source_file/8BPE,I,LEU78,I,THR77,2.4598188,other
source_file/8BPE,I,LEU78,I,LEU78,0.0,h_bond
source_file/8BPE,I,LEU78,I,LEU78,2.7949424,h_bond
source_file/8BPE,I,LEU78,I,THR77,1.336723,other
source_file/8BPE,I,LEU78,I,LEU78,2.4692008,other
source_file/8BPE,I,LEU78,I,LEU78,1.4905367,other
source_file/8BPE,I,LEU78,I,THR77,2.281446,h_bond
source_file/8BPE,I,LEU78,I,LEU78,1.5318341,hydrophobic
source_file/8BPE,I,LEU78,I,LEU78,2.5932689,hydrophobic
source_file/8BPE,I,LEU78,I,LEU78,1.4905367,other
source_file/8BPE,I,LEU78,I,LEU78,2.3861587,other
source_file/8BPE,I,LEU78,I,THR77,2.4668622,hydrophobic
source_file/8BPE,I,LEU78,I,LEU78,1.5321128,hydrophobic
source_file/8BPE,I,LEU78,I,LEU78,0.0,hydrophobic
source_file/8BPE,I,LEU78,I,THR77,2.8276339,other
source_file/8BPE,I,LEU78,I,LYS79,2.4564307,other
source_file/8BPE,I,LEU78,I,LEU78,2.5261447,hydrophobic
source_file/8BPE,I,LEU78,I,LEU78,2.4692008,other
source_file/8BPE,I,LEU78,I,LEU78,1.2465433,other
source_file/8BPE,I,LEU78,I,LEU78,0.0,hydrophobic
source_file/8BPE,I,LEU78,I,LEU78,1.5321128,hydrophobic
source_file/8BPE,I,LEU78,I,LYS79,1.3369591,other
source_file/8BPE,I,LEU78,I,LYS79,2.4733105,hydrophobic
source_file/8BPE,I,LEU78,I,LEU78,2.7949424,h_bond
source_file/8BPE,I,LEU78,I,LEU78,0.0,h_bond
source_file/8BPE,I,LEU78,I,LEU78,1.2465433,other
source_file/8BPE,I,LEU78,I,LEU78,2.3861587,other
source_file/8BPE,I,LEU78,I,LYS79,2.2856236,h_bond
source_file/8BPE,I,LEU78,I,LYS79,2.8423512,other
source_file/8BPE,I,LEU78,I,LEU78,0.0,hydrophobic
source_file/8BPE,I,LEU78,I,LEU78,2.51441,hydrophobic
source_file/8BPE,I,LEU78,I,LEU78,1.5278933,hydrophobic
source_file/8BPE,I,LEU78,I,LEU78,2.5063798,hydrophobic
source_file/8BPE,I,LEU78,I,LEU78,2.4572263,other
source_file/8BPE,I,LEU78,I,LEU78,2.5261447,hydrophobic
source_file/8BPE,I,LEU78,I,LEU78,1.5318341,hydrophobic
source_file/8BPE,I,LEU78,I,LEU78,1.5278933,hydrophobic
source_file/8BPE,I,LEU78,I,LEU78,1.5218835,hydrophobic
source_file/8BPE,I,LEU78,I,LEU78,0.0,hydrophobic
source_file/8BPE,I,LEU78,I,LEU78,1.5193406,hydrophobic
source_file/8BPE,I,LEU78,I,LEU78,2.5932689,hydrophobic
source_file/8BPE,I,LEU78,I,LEU78,2.5063798,hydrophobic
source_file/8BPE,I,LEU78,I,LEU78,2.4941459,hydrophobic
source_file/8BPE,I,LEU78,I,LEU78,1.5193406,hydrophobic
source_file/8BPE,I,LEU78,I,LEU78,0.0,hydrophobic
source_file/8BPE,I,LEU78,I,LEU78,2.51441,hydrophobic
source_file/8BPE,I,LEU78,I,LEU78,0.0,hydrophobic
source_file/8BPE,I,LEU78,I,LEU78,1.5218835,hydrophobic
source_file/8BPE,I,LEU78,I,LEU78,2.4941459,hydrophobic
source_file/8BPE,I,LYS79,I,LYS79,2.4503345,other
source_file/8BPE,I,LYS79,I,LEU78,2.2856236,h_bond
source_file/8BPE,I,LYS79,I,LEU78,1.3369591,other
source_file/8BPE,I,LYS79,I,LEU78,2.4564307,other
source_file/8BPE,I,LYS79,I,LYS79,2.892732,other
source_file/8BPE,I,LYS79,I,LYS79,0.0,h_bond
source_file/8BPE,I,LYS79,I,LYS79,1.4873767,other
source_file/8BPE,I,LYS79,I,LYS79,2.4789891,other
source_file/8BPE,I,LYS79,I,LEU88,2.559259,h_bond
source_file/8BPE,I,LYS79,I,GLN80,2.4607425,other
source_file/8BPE,I,LYS79,I,LYS79,1.530881,hydrophobic
source_file/8BPE,I,LYS79,I,LEU78,2.8423512,other
source_file/8BPE,I,LYS79,I,LEU78,2.4733105,hydrophobic
source_file/8BPE,I,LYS79,I,LYS79,2.5885866,hydrophobic
source_file/8BPE,I,LYS79,I,LYS79,1.4873767,other
source_file/8BPE,I,LYS79,I,LYS79,0.0,hydrophobic
source_file/8BPE,I,LYS79,I,LYS79,1.5306516,hydrophobic
source_file/8BPE,I,LYS79,I,LYS79,2.3810723,other
source_file/8BPE,I,LYS79,I,GLN80,1.3350946,other
source_file/8BPE,I,LYS79,I,LYS79,0.0,hydrophobic
source_file/8BPE,I,LYS79,I,GLN80,2.447442,hydrophobic
source_file/8BPE,I,LYS79,I,LYS79,2.4503345,other
source_file/8BPE,I,LYS79,I,LYS79,1.530881,hydrophobic
source_file/8BPE,I,LYS79,I,LYS79,2.4925532,hydrophobic
source_file/8BPE,I,LYS79,I,LYS79,1.2453386,other
source_file/8BPE,I,LYS79,I,GLN80,2.2797673,h_bond
source_file/8BPE,I,LYS79,I,LYS79,1.2453386,other
source_file/8BPE,I,LYS79,I,GLN80,2.7921944,other
source_file/8BPE,I,LYS79,I,LYS79,2.3810723,other
source_file/8BPE,I,LYS79,I,LYS79,2.799669,other
source_file/8BPE,I,LYS79,I,LYS79,0.0,h_bond
source_file/8BPE,I,LYS79,I,LEU88,2.7940397,h_bond
source_file/8BPE,I,LYS79,I,LYS79,2.4925532,hydrophobic
source_file/8BPE,I,LYS79,I,LYS79,2.536893,hydrophobic
source_file/8BPE,I,LYS79,I,LYS79,1.521663,hydrophobic
source_file/8BPE,I,LYS79,I,LYS79,2.4789891,other
source_file/8BPE,I,LYS79,I,LYS79,1.5306516,hydrophobic
source_file/8BPE,I,LYS79,I,LYS79,0.0,hydrophobic
source_file/8BPE,I,LYS79,I,LYS79,2.799669,other
source_file/8BPE,I,LYS79,I,LYS79,2.521472,hydrophobic
source_file/8BPE,I,LYS79,I,LYS79,1.5109967,hydrophobic
source_file/8BPE,I,LYS79,I,LYS79,0.0,hydrophobic
source_file/8BPE,I,LYS79,I,LYS79,2.892732,other
source_file/8BPE,I,LYS79,I,LYS79,2.5885866,hydrophobic
source_file/8BPE,I,LYS79,I,LYS79,1.521663,hydrophobic
source_file/8BPE,I,LYS79,I,LYS79,2.4788868,other
source_file/8BPE,I,LYS79,I,LYS79,1.5145547,hydrophobic
source_file/8BPE,I,LYS79,I,LYS79,0.0,hydrophobic
source_file/8BPE,I,LYS79,I,LYS79,1.5109967,hydrophobic
source_file/8BPE,I,LYS79,I,LYS79,2.536893,hydrophobic
source_file/8BPE,I,LYS79,I,LYS79,1.4806837,other
source_file/8BPE,I,LYS79,I,LYS79,0.0,hydrophobic
source_file/8BPE,I,LYS79,I,LYS79,1.5145547,hydrophobic
source_file/8BPE,I,LYS79,I,LYS79,2.521472,hydrophobic
source_file/8BPE,I,LYS79,I,LYS79,0.0,h_bond
source_file/8BPE,I,LYS79,I,LYS79,1.4806837,other
source_file/8BPE,I,LYS79,I,LYS79,2.4788868,other
source_file/8BPE,I,GLN80,I,GLN80,2.837635,other
source_file/8BPE,I,GLN80,I,GLN80,0.0,h_bond
source_file/8BPE,I,GLN80,I,LYS79,1.3350946,other
source_file/8BPE,I,GLN80,I,GLN80,2.474605,other
source_file/8BPE,I,GLN80,I,GLN80,2.8218248,h_bond
source_file/8BPE,I,GLN80,I,GLN80,1.4890201,other
source_file/8BPE,I,GLN80,I,GLN80,2.4765031,other
source_file/8BPE,I,GLN80,I,LYS79,2.4607425,other
source_file/8BPE,I,GLN80,I,LYS79,2.2797673,h_bond
source_file/8BPE,I,GLN80,I,GLN80,2.5560815,hydrophobic
source_file/8BPE,I,GLN80,I,GLN80,1.4890201,other
source_file/8BPE,I,GLN80,I,LYS79,2.447442,hydrophobic
source_file/8BPE,I,GLN80,I,GLN80,1.5300825,hydrophobic
source_file/8BPE,I,GLN80,I,GLN80,2.3878253,other
source_file/8BPE,I,GLN80,I,GLN80,0.0,hydrophobic
source_file/8BPE,I,GLN80,I,GLN80,1.5337795,hydrophobic
source_file/8BPE,I,GLN80,I,TYR81,2.4585533,other
source_file/8BPE,I,GLN80,I,LYS79,2.7921944,other
source_file/8BPE,I,GLN80,I,GLN80,2.4765031,other
source_file/8BPE,I,GLN80,I,GLN80,2.53887,hydrophobic
source_file/8BPE,I,GLN80,I,GLN80,1.2456346,other
source_file/8BPE,I,GLN80,I,GLN80,1.5337795,hydrophobic
source_file/8BPE,I,GLN80,I,GLN80,0.0,hydrophobic
source_file/8BPE,I,GLN80,I,TYR81,1.3377292,other
source_file/8BPE,I,GLN80,I,TYR81,2.4491289,hydrophobic
source_file/8BPE,I,GLN80,I,GLN80,2.8218248,h_bond
source_file/8BPE,I,GLN80,I,GLN80,0.0,h_bond
source_file/8BPE,I,GLN80,I,GLN80,2.3878253,other
source_file/8BPE,I,GLN80,I,GLN80,1.2456346,other
source_file/8BPE,I,GLN80,I,TYR81,2.2847102,h_bond
source_file/8BPE,I,GLN80,I,TYR81,2.8226886,other
source_file/8BPE,I,GLN80,I,GLN80,2.505935,hydrophobic
source_file/8BPE,I,GLN80,I,GLN80,1.5216765,hydrophobic
source_file/8BPE,I,GLN80,I,GLN80,2.7331514,other
source_file/8BPE,I,GLN80,I,GLN80,2.474605,other
source_file/8BPE,I,GLN80,I,GLN80,0.0,hydrophobic
source_file/8BPE,I,GLN80,I,GLN80,1.5300825,hydrophobic
source_file/8BPE,I,GLN80,I,GLN80,2.53887,hydrophobic
source_file/8BPE,I,GLN80,I,GLN80,2.4045246,other
source_file/8BPE,I,GLN80,I,GLN80,1.5086743,hydrophobic
source_file/8BPE,I,GLN80,I,GLN80,0.0,hydrophobic
source_file/8BPE,I,GLN80,I,GLN80,2.390911,other
source_file/8BPE,I,GLN80,I,GLN80,2.837635,other
source_file/8BPE,I,GLN80,I,GLN80,1.5216765,hydrophobic
source_file/8BPE,I,GLN80,I,GLN80,2.5560815,hydrophobic
source_file/8BPE,I,GLN80,I,GLN80,1.3225229,other
source_file/8BPE,I,GLN80,I,GLN80,0.0,hydrophobic
source_file/8BPE,I,GLN80,I,GLN80,1.5086743,hydrophobic
source_file/8BPE,I,GLN80,I,GLN80,1.2283254,other
source_file/8BPE,I,GLN80,I,GLN80,2.505935,hydrophobic
source_file/8BPE,I,GLN80,I,GLN80,2.2365758,h_bond
source_file/8BPE,I,GLN80,I,GLN80,1.2283254,other
source_file/8BPE,I,GLN80,I,GLN80,2.390911,other
source_file/8BPE,I,GLN80,I,GLN80,0.0,h_bond
source_file/8BPE,I,GLN80,I,GLN80,2.7331514,other
source_file/8BPE,I,GLN80,I,GLN80,0.0,h_bond
source_file/8BPE,I,GLN80,I,GLN80,1.3225229,other
source_file/8BPE,I,GLN80,I,GLN80,2.4045246,other
source_file/8BPE,I,GLN80,I,GLN80,2.2365758,h_bond
source_file/8BPE,I,TYR81,I,GLN80,2.2847102,h_bond
source_file/8BPE,I,TYR81,I,GLN80,2.4585533,other
source_file/8BPE,I,TYR81,I,GLN80,1.3377292,other
source_file/8BPE,I,TYR81,I,TYR81,0.0,h_bond
source_file/8BPE,I,TYR81,I,TYR81,2.4394426,other
source_file/8BPE,I,TYR81,I,TYR81,1.4613359,other
source_file/8BPE,I,TYR81,I,TYR81,2.4598951,other
source_file/8BPE,I,TYR81,I,LEU86,2.8081734,h_bond
source_file/8BPE,I,TYR81,I,GLN80,2.8226886,other
source_file/8BPE,I,TYR81,I,GLN80,2.4491289,hydrophobic
source_file/8BPE,I,TYR81,I,PRO82,2.9727123,hydrophobic
source_file/8BPE,I,TYR81,I,TYR81,1.4613359,other
source_file/8BPE,I,TYR81,I,TYR81,2.5395293,hydrophobic
source_file/8BPE,I,TYR81,I,PRO82,2.4575372,other
source_file/8BPE,I,TYR81,I,TYR81,1.5231664,hydrophobic
source_file/8BPE,I,TYR81,I,TYR81,2.4008403,other
source_file/8BPE,I,TYR81,I,TYR81,0.0,hydrophobic
source_file/8BPE,I,TYR81,I,TYR81,1.5235697,hydrophobic
source_file/8BPE,I,TYR81,I,PRO82,2.5232778,hydrophobic
source_file/8BPE,I,TYR81,I,TYR81,2.4394426,other
source_file/8BPE,I,TYR81,I,PRO82,1.3350533,other
source_file/8BPE,I,TYR81,I,TYR81,0.0,hydrophobic
source_file/8BPE,I,TYR81,I,PRO82,2.4286053,hydrophobic
source_file/8BPE,I,TYR81,I,TYR81,1.244027,other
source_file/8BPE,I,TYR81,I,TYR81,1.5231664,hydrophobic
source_file/8BPE,I,TYR81,I,TYR81,2.5065315,hydrophobic
source_file/8BPE,I,TYR81,I,PRO82,2.2509837,h_bond
source_file/8BPE,I,TYR81,I,TYR81,1.244027,other
source_file/8BPE,I,TYR81,I,PRO82,2.7237875,other
source_file/8BPE,I,TYR81,I,TYR81,0.0,h_bond
source_file/8BPE,I,TYR81,I,PRO82,2.9707868,other
source_file/8BPE,I,TYR81,I,TYR81,2.4008403,other
source_file/8BPE,I,TYR81,I,TYR81,2.83376,other
source_file/8BPE,I,TYR81,I,LEU86,2.8635943,h_bond
source_file/8BPE,I,TYR81,I,TYR81,2.4598951,other
source_file/8BPE,I,TYR81,I,TYR81,2.5212438,hydrophobic
source_file/8BPE,I,TYR81,I,TYR81,1.5093515,hydrophobic
source_file/8BPE,I,TYR81,I,TYR81,2.5065315,hydrophobic
source_file/8BPE,I,TYR81,I,TYR81,2.83376,other
source_file/8BPE,I,TYR81,I,TYR81,2.5201273,hydrophobic
source_file/8BPE,I,TYR81,I,TYR81,1.5235697,hydrophobic
source_file/8BPE,I,TYR81,I,TYR81,0.0,hydrophobic
source_file/8BPE,I,TYR81,I,TYR81,2.4118183,hydrophobic
source_file/8BPE,I,TYR81,I,TYR81,2.77847,hydrophobic
source_file/8BPE,I,TYR81,I,TYR81,1.3880035,hydrophobic
source_file/8BPE,I,TYR81,I,TYR81,2.411201,hydrophobic
source_file/8BPE,I,TYR81,I,TYR81,0.0,hydrophobic
source_file/8BPE,I,TYR81,I,TYR81,1.3873593,hydrophobic
source_file/8BPE,I,TYR81,I,TYR81,2.5395293,hydrophobic
source_file/8BPE,I,TYR81,I,TYR81,1.5093515,hydrophobic
source_file/8BPE,I,TYR81,I,TYR81,1.381804,hydrophobic
source_file/8BPE,I,TYR81,I,TYR81,2.3849888,hydrophobic
source_file/8BPE,I,TYR81,I,TYR81,0.0,hydrophobic
source_file/8BPE,I,TYR81,I,TYR81,2.7579305,hydrophobic
source_file/8BPE,I,TYR81,I,TYR81,1.3880035,hydrophobic
source_file/8BPE,I,TYR81,I,TYR81,2.3819015,hydrophobic
source_file/8BPE,I,TYR81,I,TYR81,2.5212438,hydrophobic
source_file/8BPE,I,TYR81,I,TYR81,2.758257,hydrophobic
source_file/8BPE,I,TYR81,I,TYR81,2.384768,hydrophobic
source_file/8BPE,I,TYR81,I,TYR81,2.3819015,hydrophobic
source_file/8BPE,I,TYR81,I,TYR81,1.3817035,hydrophobic
source_file/8BPE,I,TYR81,I,TYR81,1.3873593,hydrophobic
source_file/8BPE,I,TYR81,I,TYR81,0.0,hydrophobic
source_file/8BPE,I,TYR81,I,TYR81,2.5201273,hydrophobic
source_file/8BPE,I,TYR81,I,TYR81,2.383309,other
source_file/8BPE,I,TYR81,I,TYR81,0.0,hydrophobic
source_file/8BPE,I,TYR81,I,TYR81,1.3783846,hydrophobic
source_file/8BPE,I,TYR81,I,TYR81,1.381804,hydrophobic
source_file/8BPE,I,TYR81,I,TYR81,2.3921392,hydrophobic
source_file/8BPE,I,TYR81,I,TYR81,2.4118183,hydrophobic
source_file/8BPE,I,TYR81,I,TYR81,2.758257,hydrophobic
source_file/8BPE,I,TYR81,I,TYR81,2.3819323,other
source_file/8BPE,I,TYR81,I,TYR81,2.3921392,hydrophobic
source_file/8BPE,I,TYR81,I,TYR81,1.3777701,hydrophobic
source_file/8BPE,I,TYR81,I,TYR81,2.7579305,hydrophobic
source_file/8BPE,I,TYR81,I,TYR81,0.0,hydrophobic
source_file/8BPE,I,TYR81,I,TYR81,2.411201,hydrophobic
source_file/8BPE,I,TYR81,I,TYR81,1.3817035,hydrophobic
source_file/8BPE,I,TYR81,I,TYR81,1.3761746,other
source_file/8BPE,I,TYR81,I,TYR81,1.3783846,hydrophobic
source_file/8BPE,I,TYR81,I,TYR81,0.0,hydrophobic
source_file/8BPE,I,TYR81,I,TYR81,2.3849888,hydrophobic
source_file/8BPE,I,TYR81,I,TYR81,1.3777701,hydrophobic
source_file/8BPE,I,TYR81,I,TYR81,2.77847,hydrophobic
source_file/8BPE,I,TYR81,I,TYR81,2.384768,hydrophobic
source_file/8BPE,I,TYR81,I,TYR81,0.0,h_bond
source_file/8BPE,I,TYR81,I,TYR81,2.383309,other
source_file/8BPE,I,TYR81,I,TYR81,1.3761746,other
source_file/8BPE,I,TYR81,I,TYR81,2.3819323,other
source_file/8BPE,I,PRO82,I,PRO82,1.4711468,other
source_file/8BPE,I,PRO82,I,PRO82,2.3260376,other
source_file/8BPE,I,PRO82,I,PRO82,0.0,h_bond
source_file/8BPE,I,PRO82,I,PRO82,2.3545246,other
source_file/8BPE,I,PRO82,I,TYR81,1.3350533,other
source_file/8BPE,I,PRO82,I,PRO82,1.4726012,other
source_file/8BPE,I,PRO82,I,TYR81,2.2509837,h_bond
source_file/8BPE,I,PRO82,I,ARG83,2.812482,h_bond
source_file/8BPE,I,PRO82,I,PRO82,2.5045774,other
source_file/8BPE,I,PRO82,I,TYR81,2.4575372,other
source_file/8BPE,I,PRO82,I,PRO82,2.4438431,hydrophobic
source_file/8BPE,I,PRO82,I,PRO82,2.3953595,hydrophobic
source_file/8BPE,I,PRO82,I,PRO82,1.4726012,other
source_file/8BPE,I,PRO82,I,PRO82,1.5344672,hydrophobic
source_file/8BPE,I,PRO82,I,TYR81,2.4286053,hydrophobic
source_file/8BPE,I,PRO82,I,PRO82,0.0,hydrophobic
source_file/8BPE,I,PRO82,I,TYR81,2.7237875,other
source_file/8BPE,I,PRO82,I,ARG83,2.4533744,other
source_file/8BPE,I,PRO82,I,PRO82,1.5188271,hydrophobic
source_file/8BPE,I,PRO82,I,PRO82,2.3843162,other
source_file/8BPE,I,PRO82,I,PRO82,2.5045774,other
source_file/8BPE,I,PRO82,I,PRO82,2.5244763,hydrophobic
source_file/8BPE,I,PRO82,I,PRO82,1.5188271,hydrophobic
source_file/8BPE,I,PRO82,I,TYR81,2.9707868,other
source_file/8BPE,I,PRO82,I,ARG83,1.3359236,other
source_file/8BPE,I,PRO82,I,PRO82,0.0,hydrophobic
source_file/8BPE,I,PRO82,I,ARG83,2.4299777,hydrophobic
source_file/8BPE,I,PRO82,I,PRO82,1.2383505,other
source_file/8BPE,I,PRO82,I,PRO82,2.3843162,other
source_file/8BPE,I,PRO82,I,ARG83,2.2549922,h_bond
source_file/8BPE,I,PRO82,I,PRO82,1.2383505,other
source_file/8BPE,I,PRO82,I,ARG83,2.750034,other
source_file/8BPE,I,PRO82,I,PRO82,0.0,h_bond
source_file/8BPE,I,PRO82,I,ARG83,2.9668143,other
source_file/8BPE,I,PRO82,I,PRO82,2.3845735,hydrophobic
source_file/8BPE,I,PRO82,I,PRO82,1.4924514,hydrophobic
source_file/8BPE,I,PRO82,I,PRO82,2.3545246,other
source_file/8BPE,I,PRO82,I,PRO82,0.0,hydrophobic
source_file/8BPE,I,PRO82,I,PRO82,1.5344672,hydrophobic
source_file/8BPE,I,PRO82,I,PRO82,2.5244763,hydrophobic
source_file/8BPE,I,PRO82,I,PRO82,1.5000287,hydrophobic
source_file/8BPE,I,PRO82,I,PRO82,0.0,hydrophobic
source_file/8BPE,I,PRO82,I,PRO82,2.3260376,other
source_file/8BPE,I,PRO82,I,PRO82,1.4924514,hydrophobic
source_file/8BPE,I,PRO82,I,PRO82,2.3953595,hydrophobic
source_file/8BPE,I,PRO82,I,PRO82,0.0,hydrophobic
source_file/8BPE,I,PRO82,I,PRO82,1.5000287,hydrophobic
source_file/8BPE,I,PRO82,I,PRO82,1.4711468,other
source_file/8BPE,I,PRO82,I,PRO82,2.3845735,hydrophobic
source_file/8BPE,I,PRO82,I,TYR81,2.5232778,hydrophobic
source_file/8BPE,I,PRO82,I,PRO82,2.4438431,hydrophobic
source_file/8BPE,I,PRO82,I,TYR81,2.9727123,hydrophobic
source_file/8BPE,I,ARG83,I,PRO82,2.812482,h_bond
source_file/8BPE,I,ARG83,I,PRO82,2.4533744,other
source_file/8BPE,I,ARG83,I,ARG83,0.0,h_bond
source_file/8BPE,I,ARG83,I,PRO82,1.3359236,other
source_file/8BPE,I,ARG83,I,ARG83,1.4600198,other
source_file/8BPE,I,ARG83,I,PRO82,2.2549922,h_bond
source_file/8BPE,I,ARG83,I,ARG83,2.4481242,other
source_file/8BPE,I,ARG83,I,LYS84,2.835365,h_bond
source_file/8BPE,I,ARG83,I,ARG83,2.467888,other
source_file/8BPE,I,ARG83,I,ARG83,1.4600198,other
source_file/8BPE,I,ARG83,I,PRO82,2.4299777,hydrophobic
source_file/8BPE,I,ARG83,I,ARG83,0.0,hydrophobic
source_file/8BPE,I,ARG83,I,PRO82,2.750034,other
source_file/8BPE,I,ARG83,I,ARG83,2.4013932,other
source_file/8BPE,I,ARG83,I,ARG83,2.561701,hydrophobic
source_file/8BPE,I,ARG83,I,ARG83,1.5280076,hydrophobic
source_file/8BPE,I,ARG83,I,LYS84,2.4413345,other
source_file/8BPE,I,ARG83,I,ARG83,1.5246971,hydrophobic
source_file/8BPE,I,ARG83,I,ARG83,2.467888,other
source_file/8BPE,I,ARG83,I,ARG83,1.5246971,hydrophobic
source_file/8BPE,I,ARG83,I,PRO82,2.9668143,other
source_file/8BPE,I,ARG83,I,ARG83,1.2363985,other
source_file/8BPE,I,ARG83,I,ARG83,2.508028,hydrophobic
source_file/8BPE,I,ARG83,I,LYS84,1.3296213,other
source_file/8BPE,I,ARG83,I,ARG83,0.0,hydrophobic
source_file/8BPE,I,ARG83,I,LYS84,2.4384096,hydrophobic
source_file/8BPE,I,ARG83,I,ARG83,2.4013932,other
source_file/8BPE,I,ARG83,I,ARG83,0.0,h_bond
source_file/8BPE,I,ARG83,I,LYS84,2.2455974,h_bond
source_file/8BPE,I,ARG83,I,ARG83,1.2363985,other
source_file/8BPE,I,ARG83,I,LYS84,2.7666636,other
source_file/8BPE,I,ARG83,I,ARG83,2.4481242,other
source_file/8BPE,I,ARG83,I,ARG83,2.5199773,hydrophobic
source_file/8BPE,I,ARG83,I,ARG83,1.5280076,hydrophobic
source_file/8BPE,I,ARG83,I,ARG83,1.522248,hydrophobic
source_file/8BPE,I,ARG83,I,ARG83,0.0,hydrophobic
source_file/8BPE,I,ARG83,I,ARG83,2.508028,hydrophobic
source_file/8BPE,I,ARG83,I,ARG83,1.5226789,hydrophobic
source_file/8BPE,I,ARG83,I,ARG83,2.4779177,other
source_file/8BPE,I,ARG83,I,ARG83,2.561701,hydrophobic
source_file/8BPE,I,ARG83,I,ARG83,0.0,hydrophobic
source_file/8BPE,I,ARG83,I,ARG83,1.522248,hydrophobic
source_file/8BPE,I,ARG83,I,ARG83,2.846074,other
source_file/8BPE,I,ARG83,I,ARG83,2.465954,hydrophobic
source_file/8BPE,I,ARG83,I,ARG83,0.0,hydrophobic
source_file/8BPE,I,ARG83,I,ARG83,1.458316,other
source_file/8BPE,I,ARG83,I,ARG83,1.5226789,hydrophobic
source_file/8BPE,I,ARG83,I,ARG83,2.5199773,hydrophobic
source_file/8BPE,I,ARG83,I,ARG83,2.3115566,h_bond
source_file/8BPE,I,ARG83,I,ARG83,1.3261448,other
source_file/8BPE,I,ARG83,I,ARG83,2.291314,h_bond
source_file/8BPE,I,ARG83,I,ARG83,1.458316,other
source_file/8BPE,I,ARG83,I,ARG83,0.0,h_bond
source_file/8BPE,I,ARG83,I,ARG83,2.4779177,other
source_file/8BPE,I,ARG83,I,ARG83,1.3233862,other
source_file/8BPE,I,ARG83,I,ARG83,0.0,hydrophobic
source_file/8BPE,I,ARG83,I,ARG83,1.3297191,other
source_file/8BPE,I,ARG83,I,ARG83,2.465954,hydrophobic
source_file/8BPE,I,ARG83,I,ARG83,1.3261448,other
source_file/8BPE,I,ARG83,I,ARG83,0.0,h_bond
source_file/8BPE,I,ARG83,I,ARG83,1.3233862,other
source_file/8BPE,I,ARG83,I,ARG83,2.289074,h_bond
source_file/8BPE,I,ARG83,I,ARG83,2.846074,other
source_file/8BPE,I,ARG83,I,ARG83,2.3115566,h_bond
source_file/8BPE,I,ARG83,I,ARG83,2.289074,h_bond
source_file/8BPE,I,ARG83,I,ARG83,1.3297191,other
source_file/8BPE,I,ARG83,I,ARG83,0.0,h_bond
source_file/8BPE,I,ARG83,I,ARG83,2.291314,h_bond
source_file/8BPE,I,LYS84,I,ARG83,2.835365,h_bond
source_file/8BPE,I,LYS84,I,ARG83,2.4413345,other
source_file/8BPE,I,LYS84,I,ASN85,2.722489,h_bond
source_file/8BPE,I,LYS84,I,ARG83,2.2455974,h_bond
source_file/8BPE,I,LYS84,I,LYS84,0.0,h_bond
source_file/8BPE,I,LYS84,I,ARG83,1.3296213,other
source_file/8BPE,I,LYS84,I,LYS84,2.4531927,other
source_file/8BPE,I,LYS84,I,LYS84,1.455724,other
source_file/8BPE,I,LYS84,I,LYS84,2.4824364,other
source_file/8BPE,I,LYS84,I,ASN85,2.4513447,other
source_file/8BPE,I,LYS84,I,ARG83,2.7666636,other
source_file/8BPE,I,LYS84,I,LYS84,1.455724,other
source_file/8BPE,I,LYS84,I,ARG83,2.4384096,hydrophobic
source_file/8BPE,I,LYS84,I,LYS84,1.5338994,hydrophobic
source_file/8BPE,I,LYS84,I,LYS84,0.0,hydrophobic
source_file/8BPE,I,LYS84,I,LYS84,1.5217948,hydrophobic
source_file/8BPE,I,LYS84,I,LYS84,2.3816133,other
source_file/8BPE,I,LYS84,I,LYS84,2.5666378,hydrophobic
source_file/8BPE,I,LYS84,I,ASN85,2.9774764,hydrophobic
source_file/8BPE,I,LYS84,I,ASN85,1.3346101,other
source_file/8BPE,I,LYS84,I,ASN85,2.4586544,hydrophobic
source_file/8BPE,I,LYS84,I,LYS84,2.4824364,other
source_file/8BPE,I,LYS84,I,LYS84,2.4925413,hydrophobic
source_file/8BPE,I,LYS84,I,LYS84,1.5217948,hydrophobic
source_file/8BPE,I,LYS84,I,LYS84,0.0,hydrophobic
source_file/8BPE,I,LYS84,I,LYS84,1.235,other
source_file/8BPE,I,LYS84,I,ASN85,2.9232273,other
source_file/8BPE,I,LYS84,I,ASN85,2.2562287,h_bond
source_file/8BPE,I,LYS84,I,ASN85,2.8082445,other
source_file/8BPE,I,LYS84,I,LYS84,2.911167,other
source_file/8BPE,I,LYS84,I,LYS84,2.3816133,other
source_file/8BPE,I,LYS84,I,LYS84,1.235,other
source_file/8BPE,I,LYS84,I,LYS84,0.0,h_bond
source_file/8BPE,I,LYS84,I,LYS84,2.4531927,other
source_file/8BPE,I,LYS84,I,LYS84,2.5093617,hydrophobic
source_file/8BPE,I,LYS84,I,LYS84,0.0,hydrophobic
source_file/8BPE,I,LYS84,I,LYS84,1.5338994,hydrophobic
source_file/8BPE,I,LYS84,I,LYS84,2.4925413,hydrophobic
source_file/8BPE,I,LYS84,I,LYS84,2.911167,other
source_file/8BPE,I,LYS84,I,LYS84,1.5199885,hydrophobic
source_file/8BPE,I,LYS84,I,LYS84,2.5050366,hydrophobic
source_file/8BPE,I,LYS84,I,LYS84,1.517631,hydrophobic
source_file/8BPE,I,LYS84,I,LYS84,1.5199885,hydrophobic
source_file/8BPE,I,LYS84,I,LYS84,2.5666378,hydrophobic
source_file/8BPE,I,LYS84,I,LYS84,0.0,hydrophobic
source_file/8BPE,I,LYS84,I,LYS84,1.51923,hydrophobic
source_file/8BPE,I,LYS84,I,LYS84,0.0,hydrophobic
source_file/8BPE,I,LYS84,I,LYS84,2.4916043,other
source_file/8BPE,I,LYS84,I,LYS84,2.5093617,hydrophobic
source_file/8BPE,I,LYS84,I,LYS84,1.517631,hydrophobic
source_file/8BPE,I,LYS84,I,LYS84,0.0,hydrophobic
source_file/8BPE,I,LYS84,I,LYS84,1.51923,hydrophobic
source_file/8BPE,I,LYS84,I,LYS84,1.4878439,other
source_file/8BPE,I,LYS84,I,LYS84,2.5050366,hydrophobic
source_file/8BPE,I,LYS84,I,LYS84,1.4878439,other
source_file/8BPE,I,LYS84,I,LYS84,2.4916043,other
source_file/8BPE,I,LYS84,I,LYS84,0.0,h_bond
source_file/8BPE,I,ASN85,I,LEU86,2.7924778,h_bond
source_file/8BPE,I,ASN85,I,ASN85,2.4613671,other
source_file/8BPE,I,ASN85,I,ASN85,0.0,h_bond
source_file/8BPE,I,ASN85,I,ASN85,1.4626203,other
source_file/8BPE,I,ASN85,I,ASN85,2.469785,other
source_file/8BPE,I,ASN85,I,LYS84,2.722489,h_bond
source_file/8BPE,I,ASN85,I,LYS84,2.4513447,other
source_file/8BPE,I,ASN85,I,LYS84,1.3346101,other
source_file/8BPE,I,ASN85,I,LYS84,2.2562287,h_bond
source_file/8BPE,I,ASN85,I,ASN85,2.8950455,other
source_file/8BPE,I,ASN85,I,LEU86,2.4168084,other
source_file/8BPE,I,ASN85,I,ASN85,1.528041,hydrophobic
source_file/8BPE,I,ASN85,I,ASN85,1.4626203,other
source_file/8BPE,I,ASN85,I,ASN85,0.0,hydrophobic
source_file/8BPE,I,ASN85,I,ASN85,2.4183245,other
source_file/8BPE,I,ASN85,I,ASN85,2.5343926,hydrophobic
source_file/8BPE,I,ASN85,I,ASN85,1.5290251,hydrophobic
source_file/8BPE,I,ASN85,I,LYS84,2.4586544,hydrophobic
source_file/8BPE,I,ASN85,I,LYS84,2.8082445,other
source_file/8BPE,I,ASN85,I,LEU86,1.3313372,other
source_file/8BPE,I,ASN85,I,ASN85,0.0,hydrophobic
source_file/8BPE,I,ASN85,I,ASN85,2.4613671,other
source_file/8BPE,I,ASN85,I,ASN85,1.528041,hydrophobic
source_file/8BPE,I,ASN85,I,ASN85,1.231756,other
source_file/8BPE,I,ASN85,I,ASN85,2.5226576,hydrophobic
source_file/8BPE,I,ASN85,I,LEU86,2.4445117,hydrophobic
source_file/8BPE,I,ASN85,I,LYS84,2.9774764,hydrophobic
source_file/8BPE,I,ASN85,I,LYS84,2.9232273,other
source_file/8BPE,I,ASN85,I,LEU86,2.2503881,h_bond
source_file/8BPE,I,ASN85,I,ASN85,1.231756,other
source_file/8BPE,I,ASN85,I,ASN85,2.4183245,other
source_file/8BPE,I,ASN85,I,ASN85,0.0,h_bond
source_file/8BPE,I,ASN85,I,ASN85,2.7711775,other
source_file/8BPE,I,ASN85,I,LEU86,2.788142,other
source_file/8BPE,I,ASN85,I,ASN85,2.3943837,other
source_file/8BPE,I,ASN85,I,ASN85,2.5226576,hydrophobic
source_file/8BPE,I,ASN85,I,ASN85,2.469785,other
source_file/8BPE,I,ASN85,I,ASN85,1.5290251,hydrophobic
source_file/8BPE,I,ASN85,I,ASN85,2.7711775,other
source_file/8BPE,I,ASN85,I,ASN85,1.5171691,hydrophobic
source_file/8BPE,I,ASN85,I,ASN85,0.0,hydrophobic
source_file/8BPE,I,ASN85,I,ASN85,2.4210086,other
source_file/8BPE,I,ASN85,I,ASN85,1.2306961,other
source_file/8BPE,I,ASN85,I,ASN85,2.5343926,hydrophobic
source_file/8BPE,I,ASN85,I,ASN85,0.0,hydrophobic
source_file/8BPE,I,ASN85,I,ASN85,1.5171691,hydrophobic
source_file/8BPE,I,ASN85,I,ASN85,1.3280429,other
source_file/8BPE,I,ASN85,I,ASN85,0.0,h_bond
source_file/8BPE,I,ASN85,I,ASN85,2.8950455,other
source_file/8BPE,I,ASN85,I,ASN85,1.2306961,other
source_file/8BPE,I,ASN85,I,ASN85,2.3943837,other
source_file/8BPE,I,ASN85,I,ASN85,2.2454686,h_bond
source_file/8BPE,I,ASN85,I,ASN85,2.2454686,h_bond
source_file/8BPE,I,ASN85,I,ASN85,1.3280429,other
source_file/8BPE,I,ASN85,I,ASN85,2.4210086,other
source_file/8BPE,I,ASN85,I,ASN85,0.0,h_bond
source_file/8BPE,I,LEU86,I,LEU86,0.0,h_bond
source_file/8BPE,I,LEU86,I,ASN85,1.3313372,other
source_file/8BPE,I,LEU86,I,ASN85,2.7924778,h_bond
source_file/8BPE,I,LEU86,I,ASN85,2.4168084,other
source_file/8BPE,I,LEU86,I,ASN85,2.2503881,h_bond
source_file/8BPE,I,LEU86,I,LEU86,2.6893585,h_bond
source_file/8BPE,I,LEU86,I,LEU86,2.419929,other
source_file/8BPE,I,LEU86,I,LEU86,1.4546322,other
source_file/8BPE,I,LEU86,I,LEU86,2.4760897,other
source_file/8BPE,I,LEU86,I,LEU86,1.4546322,other
source_file/8BPE,I,LEU86,I,ASN85,2.4445117,hydrophobic
source_file/8BPE,I,LEU86,I,ASN85,2.788142,other
source_file/8BPE,I,LEU86,I,LEU86,2.3992486,other
source_file/8BPE,I,LEU86,I,PHE87,2.4180808,other
source_file/8BPE,I,LEU86,I,LEU86,1.5210531,hydrophobic
source_file/8BPE,I,LEU86,I,LEU86,0.0,hydrophobic
source_file/8BPE,I,LEU86,I,LEU86,1.5351248,hydrophobic
source_file/8BPE,I,LEU86,I,LEU86,2.6420767,hydrophobic
source_file/8BPE,I,LEU86,I,LEU86,2.419929,other
source_file/8BPE,I,LEU86,I,LEU86,1.2323337,other
source_file/8BPE,I,LEU86,I,PHE87,1.3303998,other
source_file/8BPE,I,LEU86,I,LEU86,0.0,hydrophobic
source_file/8BPE,I,LEU86,I,LEU86,1.5210531,hydrophobic
source_file/8BPE,I,LEU86,I,LEU86,2.4969993,hydrophobic
source_file/8BPE,I,LEU86,I,PHE87,2.4331367,hydrophobic
source_file/8BPE,I,LEU86,I,TYR81,2.8081734,h_bond
source_file/8BPE,I,LEU86,I,TYR81,2.8635943,h_bond
source_file/8BPE,I,LEU86,I,LEU86,2.6893585,h_bond
source_file/8BPE,I,LEU86,I,LEU86,0.0,h_bond
source_file/8BPE,I,LEU86,I,PHE87,2.2556992,h_bond
source_file/8BPE,I,LEU86,I,LEU86,1.2323337,other
source_file/8BPE,I,LEU86,I,LEU86,2.3992486,other
source_file/8BPE,I,LEU86,I,PHE87,2.7893648,other
source_file/8BPE,I,LEU86,I,LEU86,2.4760897,other
source_file/8BPE,I,LEU86,I,LEU86,2.4969993,hydrophobic
source_file/8BPE,I,LEU86,I,LEU86,1.5351248,hydrophobic
source_file/8BPE,I,LEU86,I,LEU86,0.0,hydrophobic
source_file/8BPE,I,LEU86,I,LEU86,1.528305,hydrophobic
source_file/8BPE,I,LEU86,I,LEU86,2.5000386,hydrophobic
source_file/8BPE,I,LEU86,I,LEU86,2.506952,hydrophobic
source_file/8BPE,I,LEU86,I,LEU86,2.6420767,hydrophobic
source_file/8BPE,I,LEU86,I,LEU86,1.528305,hydrophobic
source_file/8BPE,I,LEU86,I,LEU86,0.0,hydrophobic
source_file/8BPE,I,LEU86,I,LEU86,1.5207498,hydrophobic
source_file/8BPE,I,LEU86,I,LEU86,1.5193263,hydrophobic
source_file/8BPE,I,LEU86,I,LEU86,2.5000386,hydrophobic
source_file/8BPE,I,LEU86,I,LEU86,1.5207498,hydrophobic
source_file/8BPE,I,LEU86,I,LEU86,0.0,hydrophobic
source_file/8BPE,I,LEU86,I,LEU86,2.4997106,hydrophobic
source_file/8BPE,I,LEU86,I,LEU86,2.506952,hydrophobic
source_file/8BPE,I,LEU86,I,LEU86,1.5193263,hydrophobic
source_file/8BPE,I,LEU86,I,LEU86,2.4997106,hydrophobic
source_file/8BPE,I,LEU86,I,LEU86,0.0,hydrophobic
source_file/8BPE,I,PHE87,I,LEU86,2.2556992,h_bond
source_file/8BPE,I,PHE87,I,PHE87,0.0,h_bond
source_file/8BPE,I,PHE87,I,LEU86,1.3303998,other
source_file/8BPE,I,PHE87,I,LEU86,2.4180808,other
source_file/8BPE,I,PHE87,I,PHE87,2.49144,other
source_file/8BPE,I,PHE87,I,PHE87,2.4206479,other
source_file/8BPE,I,PHE87,I,PHE87,1.4536089,other
source_file/8BPE,I,PHE87,I,PHE87,2.7307272,h_bond
source_file/8BPE,I,PHE87,I,LEU88,2.4141138,other
source_file/8BPE,I,PHE87,I,PHE87,2.556788,hydrophobic
source_file/8BPE,I,PHE87,I,LEU86,2.7893648,other
source_file/8BPE,I,PHE87,I,PHE87,1.4536089,other
source_file/8BPE,I,PHE87,I,LEU86,2.4331367,hydrophobic
source_file/8BPE,I,PHE87,I,PHE87,1.5400829,hydrophobic
source_file/8BPE,I,PHE87,I,PHE87,1.5201501,hydrophobic
source_file/8BPE,I,PHE87,I,PHE87,0.0,hydrophobic
source_file/8BPE,I,PHE87,I,PHE87,2.4034421,other
source_file/8BPE,I,PHE87,I,LEU88,1.3293304,other
source_file/8BPE,I,PHE87,I,LEU88,2.445614,hydrophobic
source_file/8BPE,I,PHE87,I,PHE87,2.4206479,other
source_file/8BPE,I,PHE87,I,PHE87,2.5139515,hydrophobic
source_file/8BPE,I,PHE87,I,PHE87,0.0,hydrophobic
source_file/8BPE,I,PHE87,I,PHE87,1.5201501,hydrophobic
source_file/8BPE,I,PHE87,I,PHE87,1.2341168,other
source_file/8BPE,I,PHE87,I,LEU88,2.254973,h_bond
source_file/8BPE,I,PHE87,I,LEU88,2.8042212,other
source_file/8BPE,I,PHE87,I,PHE87,2.7307272,h_bond
source_file/8BPE,I,PHE87,I,PHE87,1.2341168,other
source_file/8BPE,I,PHE87,I,PHE87,2.4034421,other
source_file/8BPE,I,PHE87,I,PHE87,0.0,h_bond
source_file/8BPE,I,PHE87,I,PHE87,1.5023177,hydrophobic
source_file/8BPE,I,PHE87,I,PHE87,2.5084016,hydrophobic
source_file/8BPE,I,PHE87,I,PHE87,2.49144,other
source_file/8BPE,I,PHE87,I,PHE87,2.5084124,hydrophobic
source_file/8BPE,I,PHE87,I,PHE87,0.0,hydrophobic
source_file/8BPE,I,PHE87,I,PHE87,2.5139515,hydrophobic
source_file/8BPE,I,PHE87,I,PHE87,1.5400829,hydrophobic
source_file/8BPE,I,PHE87,I,PHE87,2.404266,hydrophobic
source_file/8BPE,I,PHE87,I,PHE87,0.0,hydrophobic
source_file/8BPE,I,PHE87,I,PHE87,2.775153,hydrophobic
source_file/8BPE,I,PHE87,I,PHE87,1.3824351,hydrophobic
source_file/8BPE,I,PHE87,I,PHE87,2.4014635,hydrophobic
source_file/8BPE,I,PHE87,I,PHE87,1.3857017,hydrophobic
source_file/8BPE,I,PHE87,I,PHE87,1.5023177,hydrophobic
source_file/8BPE,I,PHE87,I,PHE87,2.556788,hydrophobic
source_file/8BPE,I,PHE87,I,PHE87,2.7569504,hydrophobic
source_file/8BPE,I,PHE87,I,PHE87,1.3824351,hydrophobic
source_file/8BPE,I,PHE87,I,PHE87,2.3907018,hydrophobic
source_file/8BPE,I,PHE87,I,PHE87,0.0,hydrophobic
source_file/8BPE,I,PHE87,I,PHE87,1.380529,hydrophobic
source_file/8BPE,I,PHE87,I,PHE87,2.3815193,hydrophobic
source_file/8BPE,I,PHE87,I,PHE87,2.5084016,hydrophobic
source_file/8BPE,I,PHE87,I,PHE87,1.378746,hydrophobic
source_file/8BPE,I,PHE87,I,PHE87,1.3857017,hydrophobic
source_file/8BPE,I,PHE87,I,PHE87,2.3848183,hydrophobic
source_file/8BPE,I,PHE87,I,PHE87,2.3815193,hydrophobic
source_file/8BPE,I,PHE87,I,PHE87,2.753512,hydrophobic
source_file/8BPE,I,PHE87,I,PHE87,0.0,hydrophobic
source_file/8BPE,I,PHE87,I,PHE87,2.5084124,hydrophobic
source_file/8BPE,I,PHE87,I,PHE87,2.3883572,hydrophobic
source_file/8BPE,I,PHE87,I,PHE87,2.4014635,hydrophobic
source_file/8BPE,I,PHE87,I,PHE87,1.3816881,hydrophobic
source_file/8BPE,I,PHE87,I,PHE87,1.380529,hydrophobic
source_file/8BPE,I,PHE87,I,PHE87,0.0,hydrophobic
source_file/8BPE,I,PHE87,I,PHE87,2.753512,hydrophobic
source_file/8BPE,I,PHE87,I,PHE87,0.0,hydrophobic
source_file/8BPE,I,PHE87,I,PHE87,2.404266,hydrophobic
source_file/8BPE,I,PHE87,I,PHE87,1.3767306,hydrophobic
source_file/8BPE,I,PHE87,I,PHE87,2.7569504,hydrophobic
source_file/8BPE,I,PHE87,I,PHE87,2.3883572,hydrophobic
source_file/8BPE,I,PHE87,I,PHE87,1.378746,hydrophobic
source_file/8BPE,I,PHE87,I,PHE87,1.3767306,hydrophobic
source_file/8BPE,I,PHE87,I,PHE87,2.775153,hydrophobic
source_file/8BPE,I,PHE87,I,PHE87,0.0,hydrophobic
source_file/8BPE,I,PHE87,I,PHE87,2.3907018,hydrophobic
source_file/8BPE,I,PHE87,I,PHE87,1.3816881,hydrophobic
source_file/8BPE,I,PHE87,I,PHE87,2.3848183,hydrophobic
source_file/8BPE,I,LEU88,I,LYS79,2.7940397,h_bond
source_file/8BPE,I,LEU88,I,LEU88,2.4585316,other
source_file/8BPE,I,LEU88,I,LEU88,0.0,h_bond
source_file/8BPE,I,LEU88,I,LEU88,2.8211613,h_bond
source_file/8BPE,I,LEU88,I,LEU88,2.4430652,other
source_file/8BPE,I,LEU88,I,LEU88,1.454417,other
source_file/8BPE,I,LEU88,I,PHE87,1.3293304,other
source_file/8BPE,I,LEU88,I,PHE87,2.4141138,other
source_file/8BPE,I,LEU88,I,PHE87,2.254973,h_bond
source_file/8BPE,I,LEU88,I,LEU88,2.6063886,hydrophobic
source_file/8BPE,I,LEU88,I,LEU88,1.5323143,hydrophobic
source_file/8BPE,I,LEU88,I,LEU88,1.454417,other
source_file/8BPE,I,LEU88,I,LEU88,2.3995564,other
source_file/8BPE,I,LEU88,I,LEU88,1.5213445,hydrophobic
source_file/8BPE,I,LEU88,I,VAL89,2.4197257,other
source_file/8BPE,I,LEU88,I,LEU88,0.0,hydrophobic
source_file/8BPE,I,LEU88,I,PHE87,2.445614,hydrophobic
source_file/8BPE,I,LEU88,I,PHE87,2.8042212,other
source_file/8BPE,I,LEU88,I,LEU88,2.499462,hydrophobic
source_file/8BPE,I,LEU88,I,LEU88,2.4430652,other
source_file/8BPE,I,LEU88,I,LEU88,1.2338642,other
source_file/8BPE,I,LEU88,I,VAL89,2.4509974,hydrophobic
source_file/8BPE,I,LEU88,I,LEU88,0.0,hydrophobic
source_file/8BPE,I,LEU88,I,VAL89,1.3306067,other
source_file/8BPE,I,LEU88,I,LEU88,1.5213445,hydrophobic
source_file/8BPE,I,LEU88,I,LYS79,2.559259,h_bond
source_file/8BPE,I,LEU88,I,LEU88,2.8211613,h_bond
source_file/8BPE,I,LEU88,I,LEU88,0.0,h_bond
source_file/8BPE,I,LEU88,I,VAL89,2.8094096,other
source_file/8BPE,I,LEU88,I,LEU88,1.2338642,other
source_file/8BPE,I,LEU88,I,VAL89,2.2573528,h_bond
source_file/8BPE,I,LEU88,I,LEU88,2.3995564,other
source_file/8BPE,I,LEU88,I,LEU88,1.5272896,hydrophobic
source_file/8BPE,I,LEU88,I,LEU88,0.0,hydrophobic
source_file/8BPE,I,LEU88,I,LEU88,2.4585316,other
source_file/8BPE,I,LEU88,I,LEU88,2.499462,hydrophobic
source_file/8BPE,I,LEU88,I,LEU88,1.5323143,hydrophobic
source_file/8BPE,I,LEU88,I,LEU88,2.5057514,hydrophobic
source_file/8BPE,I,LEU88,I,LEU88,2.5003924,hydrophobic
source_file/8BPE,I,LEU88,I,LEU88,0.0,hydrophobic
source_file/8BPE,I,LEU88,I,LEU88,1.5272896,hydrophobic
source_file/8BPE,I,LEU88,I,LEU88,2.6063886,hydrophobic
source_file/8BPE,I,LEU88,I,LEU88,1.5203795,hydrophobic
source_file/8BPE,I,LEU88,I,LEU88,1.5176208,hydrophobic
source_file/8BPE,I,LEU88,I,LEU88,1.5176208,hydrophobic
source_file/8BPE,I,LEU88,I,LEU88,2.5003924,hydrophobic
source_file/8BPE,I,LEU88,I,LEU88,2.499017,hydrophobic
source_file/8BPE,I,LEU88,I,LEU88,0.0,hydrophobic
source_file/8BPE,I,LEU88,I,LEU88,1.5203795,hydrophobic
source_file/8BPE,I,LEU88,I,LEU88,2.5057514,hydrophobic
source_file/8BPE,I,LEU88,I,LEU88,0.0,hydrophobic
source_file/8BPE,I,LEU88,I,LEU88,2.499017,hydrophobic
source_file/8BPE,I,VAL89,I,LEU88,2.2573528,h_bond
source_file/8BPE,I,VAL89,I,VAL89,2.4139717,other
source_file/8BPE,I,VAL89,I,VAL89,1.4574609,other
source_file/8BPE,I,VAL89,I,VAL89,2.4849894,other
source_file/8BPE,I,VAL89,I,LEU88,1.3306067,other
source_file/8BPE,I,VAL89,I,VAL89,2.832366,h_bond
source_file/8BPE,I,VAL89,I,VAL89,0.0,h_bond
source_file/8BPE,I,VAL89,I,LEU88,2.4197257,other
source_file/8BPE,I,VAL89,I,GLU90,2.4272616,other
source_file/8BPE,I,VAL89,I,VAL89,2.5174096,hydrophobic
source_file/8BPE,I,VAL89,I,VAL89,2.5136569,hydrophobic
source_file/8BPE,I,VAL89,I,LEU88,2.8094096,other
source_file/8BPE,I,VAL89,I,VAL89,1.522171,hydrophobic
source_file/8BPE,I,VAL89,I,VAL89,0.0,hydrophobic
source_file/8BPE,I,VAL89,I,VAL89,1.5409272,hydrophobic
source_file/8BPE,I,VAL89,I,LEU88,2.4509974,hydrophobic
source_file/8BPE,I,VAL89,I,VAL89,2.3967957,other
source_file/8BPE,I,VAL89,I,VAL89,1.4574609,other
source_file/8BPE,I,VAL89,I,GLU90,1.3307868,other
source_file/8BPE,I,VAL89,I,VAL89,2.8339972,hydrophobic
source_file/8BPE,I,VAL89,I,VAL89,0.0,hydrophobic
source_file/8BPE,I,VAL89,I,VAL89,1.522171,hydrophobic
source_file/8BPE,I,VAL89,I,VAL89,2.5205002,hydrophobic
source_file/8BPE,I,VAL89,I,VAL89,1.235386,other
source_file/8BPE,I,VAL89,I,VAL89,2.4139717,other
source_file/8BPE,I,VAL89,I,GLU90,2.4494166,hydrophobic
source_file/8BPE,I,VAL89,I,GLU90,2.257734,h_bond
source_file/8BPE,I,VAL89,I,VAL89,1.235386,other
source_file/8BPE,I,VAL89,I,VAL89,2.3967957,other
source_file/8BPE,I,VAL89,I,VAL89,0.0,h_bond
source_file/8BPE,I,VAL89,I,VAL89,2.832366,h_bond
source_file/8BPE,I,VAL89,I,GLU90,2.8056514,other
source_file/8BPE,I,VAL89,I,GLU90,2.9850652,h_bond
source_file/8BPE,I,VAL89,I,VAL89,1.5215627,hydrophobic
source_file/8BPE,I,VAL89,I,VAL89,1.5205863,hydrophobic
source_file/8BPE,I,VAL89,I,VAL89,2.5205002,hydrophobic
source_file/8BPE,I,VAL89,I,VAL89,1.5409272,hydrophobic
source_file/8BPE,I,VAL89,I,VAL89,0.0,hydrophobic
source_file/8BPE,I,VAL89,I,VAL89,2.4849894,other
source_file/8BPE,I,VAL89,I,VAL89,0.0,hydrophobic
source_file/8BPE,I,VAL89,I,VAL89,2.5029478,hydrophobic
source_file/8BPE,I,VAL89,I,VAL89,2.8339972,hydrophobic
source_file/8BPE,I,VAL89,I,VAL89,2.5174096,hydrophobic
source_file/8BPE,I,VAL89,I,VAL89,1.5215627,hydrophobic
source_file/8BPE,I,VAL89,I,VAL89,2.5029478,hydrophobic
source_file/8BPE,I,VAL89,I,VAL89,0.0,hydrophobic
source_file/8BPE,I,VAL89,I,VAL89,2.5136569,hydrophobic
source_file/8BPE,I,VAL89,I,VAL89,1.5205863,hydrophobic
source_file/8BPE,I,GLU90,I,GLU90,2.8610067,h_bond
source_file/8BPE,I,GLU90,I,GLU90,0.0,h_bond
source_file/8BPE,I,GLU90,I,VAL89,1.3307868,other
source_file/8BPE,I,GLU90,I,VAL89,2.4272616,other
source_file/8BPE,I,GLU90,I,VAL89,2.257734,h_bond
source_file/8BPE,I,GLU90,I,GLU90,2.4338868,other
source_file/8BPE,I,GLU90,I,GLU90,2.4609928,other
source_file/8BPE,I,GLU90,I,GLU90,1.4562203,other
source_file/8BPE,I,GLU90,I,GLU90,2.9371269,other
source_file/8BPE,I,GLU90,I,GLU90,2.3977132,other
source_file/8BPE,I,GLU90,I,GLU90,1.4562203,other
source_file/8BPE,I,GLU90,I,VAL89,2.4494166,hydrophobic
source_file/8BPE,I,GLU90,I,VAL89,2.8056514,other
source_file/8BPE,I,GLU90,I,GLU90,1.5221606,hydrophobic
source_file/8BPE,I,GLU90,I,GLU90,1.5300828,hydrophobic
source_file/8BPE,I,GLU90,I,VAL91,2.424285,other
source_file/8BPE,I,GLU90,I,GLU90,0.0,hydrophobic
source_file/8BPE,I,GLU90,I,GLU90,2.5586612,hydrophobic
source_file/8BPE,I,GLU90,I,GLU90,1.236109,other
source_file/8BPE,I,GLU90,I,VAL91,2.45042,hydrophobic
source_file/8BPE,I,GLU90,I,GLU90,2.4338868,other
source_file/8BPE,I,GLU90,I,GLU90,0.0,hydrophobic
source_file/8BPE,I,GLU90,I,GLU90,2.504477,hydrophobic
source_file/8BPE,I,GLU90,I,VAL91,1.3299695,other
source_file/8BPE,I,GLU90,I,GLU90,1.5221606,hydrophobic
source_file/8BPE,I,GLU90,I,GLU90,0.0,h_bond
source_file/8BPE,I,GLU90,I,VAL91,2.8095822,other
source_file/8BPE,I,GLU90,I,GLU90,2.8610067,h_bond
source_file/8BPE,I,GLU90,I,GLU90,1.236109,other
source_file/8BPE,I,GLU90,I,VAL91,2.2592123,h_bond
source_file/8BPE,I,GLU90,I,GLU90,2.3977132,other
source_file/8BPE,I,GLU90,I,GLU90,2.4609928,other
source_file/8BPE,I,GLU90,I,GLU90,2.504477,hydrophobic
source_file/8BPE,I,GLU90,I,GLU90,0.0,hydrophobic
source_file/8BPE,I,GLU90,I,GLU90,1.5300828,hydrophobic
source_file/8BPE,I,GLU90,I,GLU90,1.5193543,hydrophobic
source_file/8BPE,I,GLU90,I,GLU90,2.5223129,hydrophobic
source_file/8BPE,I,GLU90,I,GLU90,2.9371269,other
source_file/8BPE,I,GLU90,I,GLU90,1.5193543,hydrophobic
source_file/8BPE,I,GLU90,I,GLU90,2.5586612,hydrophobic
source_file/8BPE,I,GLU90,I,GLU90,0.0,hydrophobic
source_file/8BPE,I,GLU90,I,GLU90,1.5148362,hydrophobic
source_file/8BPE,I,GLU90,I,GLU90,2.3785052,other
source_file/8BPE,I,GLU90,I,GLU90,2.3800693,other
source_file/8BPE,I,GLU90,I,GLU90,2.5223129,hydrophobic
source_file/8BPE,I,GLU90,I,GLU90,1.5148362,hydrophobic
source_file/8BPE,I,GLU90,I,GLU90,0.0,hydrophobic
source_file/8BPE,I,GLU90,I,GLU90,1.2482265,other
source_file/8BPE,I,GLU90,I,GLU90,1.2492223,other
source_file/8BPE,I,GLU90,I,VAL89,2.9850652,h_bond
source_file/8BPE,I,GLU90,I,GLU90,2.3800693,other
source_file/8BPE,I,GLU90,I,GLU90,1.2492223,other
source_file/8BPE,I,GLU90,I,GLU90,2.1941645,h_bond
source_file/8BPE,I,GLU90,I,GLU90,0.0,h_bond
source_file/8BPE,I,GLU90,I,GLU90,2.3785052,other
source_file/8BPE,I,GLU90,I,GLU90,1.2482265,other
source_file/8BPE,I,GLU90,I,GLU90,0.0,h_bond
source_file/8BPE,I,GLU90,I,GLU90,2.1941645,h_bond
source_file/8BPE,I,VAL91,I,GLU90,2.2592123,h_bond
source_file/8BPE,I,VAL91,I,VAL91,2.4096832,other
source_file/8BPE,I,VAL91,I,VAL91,1.45756,other
source_file/8BPE,I,VAL91,I,GLU90,1.3299695,other
source_file/8BPE,I,VAL91,I,VAL91,0.0,h_bond
source_file/8BPE,I,VAL91,I,GLU90,2.424285,other
source_file/8BPE,I,VAL91,I,VAL91,2.4806857,other
source_file/8BPE,I,VAL91,I,VAL91,2.8623393,h_bond
source_file/8BPE,I,VAL91,I,THR92,2.424326,other
source_file/8BPE,I,VAL91,I,GLU90,2.8095822,other
source_file/8BPE,I,VAL91,I,VAL91,1.5207232,hydrophobic
source_file/8BPE,I,VAL91,I,VAL91,0.0,hydrophobic
source_file/8BPE,I,VAL91,I,VAL91,2.5109224,hydrophobic
source_file/8BPE,I,VAL91,I,GLU90,2.45042,hydrophobic
source_file/8BPE,I,VAL91,I,VAL91,1.45756,other
source_file/8BPE,I,VAL91,I,VAL91,1.537178,hydrophobic
source_file/8BPE,I,VAL91,I,VAL91,2.398186,other
source_file/8BPE,I,VAL91,I,VAL91,2.5113654,hydrophobic
source_file/8BPE,I,VAL91,I,THR92,2.4258766,hydrophobic
source_file/8BPE,I,VAL91,I,THR92,1.3296918,other
source_file/8BPE,I,VAL91,I,VAL91,0.0,hydrophobic
source_file/8BPE,I,VAL91,I,VAL91,1.5207232,hydrophobic
source_file/8BPE,I,VAL91,I,VAL91,2.8924003,hydrophobic
source_file/8BPE,I,VAL91,I,VAL91,2.4096832,other
source_file/8BPE,I,VAL91,I,VAL91,2.5175896,hydrophobic
source_file/8BPE,I,VAL91,I,VAL91,1.2377719,other
source_file/8BPE,I,VAL91,I,THR92,2.7692971,other
source_file/8BPE,I,VAL91,I,THR92,2.2588403,h_bond
source_file/8BPE,I,VAL91,I,VAL91,1.2377719,other
source_file/8BPE,I,VAL91,I,VAL91,2.398186,other
source_file/8BPE,I,VAL91,I,VAL91,2.8623393,h_bond
source_file/8BPE,I,VAL91,I,VAL91,0.0,h_bond
source_file/8BPE,I,VAL91,I,VAL91,2.5175896,hydrophobic
source_file/8BPE,I,VAL91,I,VAL91,1.537178,hydrophobic
source_file/8BPE,I,VAL91,I,VAL91,1.5205375,hydrophobic
source_file/8BPE,I,VAL91,I,VAL91,2.4806857,other
source_file/8BPE,I,VAL91,I,VAL91,0.0,hydrophobic
source_file/8BPE,I,VAL91,I,VAL91,1.5208235,hydrophobic
source_file/8BPE,I,VAL91,I,VAL91,2.8924003,hydrophobic
source_file/8BPE,I,VAL91,I,VAL91,2.5109224,hydrophobic
source_file/8BPE,I,VAL91,I,VAL91,0.0,hydrophobic
source_file/8BPE,I,VAL91,I,VAL91,1.5205375,hydrophobic
source_file/8BPE,I,VAL91,I,VAL91,2.5043263,hydrophobic
source_file/8BPE,I,VAL91,I,VAL91,2.5113654,hydrophobic
source_file/8BPE,I,VAL91,I,VAL91,2.5043263,hydrophobic
source_file/8BPE,I,VAL91,I,VAL91,1.5208235,hydrophobic
source_file/8BPE,I,VAL91,I,VAL91,0.0,hydrophobic
source_file/8BPE,I,THR92,I,THR92,2.8791595,h_bond
source_file/8BPE,I,THR92,I,THR92,2.9196844,other
source_file/8BPE,I,THR92,I,THR92,2.4553294,other
source_file/8BPE,I,THR92,I,THR92,1.4533592,other
source_file/8BPE,I,THR92,I,THR92,0.0,h_bond
source_file/8BPE,I,THR92,I,VAL91,1.3296918,other
source_file/8BPE,I,THR92,I,VAL91,2.424326,other
source_file/8BPE,I,THR92,I,THR92,2.7216482,h_bond
source_file/8BPE,I,THR92,I,THR92,2.4466789,other
source_file/8BPE,I,THR92,I,VAL91,2.2588403,h_bond
source_file/8BPE,I,THR92,I,THR92,2.420748,other
source_file/8BPE,I,THR92,I,THR92,2.5064085,hydrophobic
source_file/8BPE,I,THR92,I,THR92,1.5294733,hydrophobic
source_file/8BPE,I,THR92,I,THR92,0.0,hydrophobic
source_file/8BPE,I,THR92,I,THR92,1.4533592,other
source_file/8BPE,I,THR92,I,VAL91,2.4258766,hydrophobic
source_file/8BPE,I,THR92,I,THR92,2.4119675,other
source_file/8BPE,I,THR92,I,THR92,1.5246533,hydrophobic
source_file/8BPE,I,THR92,I,GLN93,2.4176075,other
source_file/8BPE,I,THR92,I,VAL91,2.7692971,other
source_file/8BPE,I,THR92,I,THR92,2.8990211,other
source_file/8BPE,I,THR92,I,THR92,2.5017204,hydrophobic
source_file/8BPE,I,THR92,I,THR92,1.5246533,hydrophobic
source_file/8BPE,I,THR92,I,THR92,2.4466789,other
source_file/8BPE,I,THR92,I,THR92,1.2350581,other
source_file/8BPE,I,THR92,I,THR92,0.0,hydrophobic
source_file/8BPE,I,THR92,I,GLN93,1.3373108,other
source_file/8BPE,I,THR92,I,GLN93,2.492021,hydrophobic
source_file/8BPE,I,THR92,I,THR92,2.4119675,other
source_file/8BPE,I,THR92,I,THR92,2.7216482,h_bond
source_file/8BPE,I,THR92,I,THR92,0.0,h_bond
source_file/8BPE,I,THR92,I,THR92,1.2350581,other
source_file/8BPE,I,THR92,I,GLN93,2.2649314,h_bond
source_file/8BPE,I,THR92,I,GLN93,2.8742814,other
source_file/8BPE,I,THR92,I,GLN93,2.9464254,other
source_file/8BPE,I,THR92,I,GLN93,2.9458654,h_bond
source_file/8BPE,I,THR92,I,THR92,1.4325627,other
source_file/8BPE,I,THR92,I,THR92,1.5217161,hydrophobic
source_file/8BPE,I,THR92,I,THR92,0.0,hydrophobic
source_file/8BPE,I,THR92,I,THR92,1.5294733,hydrophobic
source_file/8BPE,I,THR92,I,THR92,2.4553294,other
source_file/8BPE,I,THR92,I,THR92,2.5017204,hydrophobic
source_file/8BPE,I,THR92,I,THR92,0.0,h_bond
source_file/8BPE,I,THR92,I,THR92,2.40956,other
source_file/8BPE,I,THR92,I,THR92,1.4325627,other
source_file/8BPE,I,THR92,I,THR92,2.420748,other
source_file/8BPE,I,THR92,I,THR92,2.8791595,h_bond
source_file/8BPE,I,THR92,I,THR92,2.8990211,other
source_file/8BPE,I,THR92,I,THR92,2.40956,other
source_file/8BPE,I,THR92,I,THR92,0.0,hydrophobic
source_file/8BPE,I,THR92,I,THR92,1.5217161,hydrophobic
source_file/8BPE,I,THR92,I,THR92,2.5064085,hydrophobic
source_file/8BPE,I,THR92,I,THR92,2.9196844,other
source_file/8BPE,I,GLN93,I,THR92,2.4176075,other
source_file/8BPE,I,GLN93,I,THR92,2.2649314,h_bond
source_file/8BPE,I,GLN93,I,THR92,1.3373108,other
source_file/8BPE,I,GLN93,I,GLN93,0.0,h_bond
source_file/8BPE,I,GLN93,I,GLN93,2.4793484,other
source_file/8BPE,I,GLN93,I,GLN93,1.4628398,other
source_file/8BPE,I,GLN93,I,GLN93,2.4924679,other
source_file/8BPE,I,GLN93,I,GLN93,2.7902734,h_bond
source_file/8BPE,I,GLN93,I,THR92,2.8742814,other
source_file/8BPE,I,GLN93,I,THR92,2.492021,hydrophobic
source_file/8BPE,I,GLN93,I,GLN93,1.4628398,other
source_file/8BPE,I,GLN93,I,GLN93,2.628935,hydrophobic
source_file/8BPE,I,GLN93,I,GLN93,1.5406017,hydrophobic
source_file/8BPE,I,GLN93,I,GLN93,0.0,hydrophobic
source_file/8BPE,I,GLN93,I,LEU94,2.4388275,other
source_file/8BPE,I,GLN93,I,GLN93,1.5266874,hydrophobic
source_file/8BPE,I,GLN93,I,GLN93,2.401802,other
source_file/8BPE,I,GLN93,I,THR92,2.9464254,other
source_file/8BPE,I,GLN93,I,GLN93,2.4924679,other
source_file/8BPE,I,GLN93,I,GLN93,2.5542576,hydrophobic
source_file/8BPE,I,GLN93,I,GLN93,1.5266874,hydrophobic
source_file/8BPE,I,GLN93,I,LEU94,1.3303878,other
source_file/8BPE,I,GLN93,I,GLN93,0.0,hydrophobic
source_file/8BPE,I,GLN93,I,LEU94,2.4429998,hydrophobic
source_file/8BPE,I,GLN93,I,GLN93,1.2352185,other
source_file/8BPE,I,GLN93,I,THR92,2.9458654,h_bond
source_file/8BPE,I,GLN93,I,GLN93,2.7902734,h_bond
source_file/8BPE,I,GLN93,I,GLN93,2.401802,other
source_file/8BPE,I,GLN93,I,LEU94,2.2496624,h_bond
source_file/8BPE,I,GLN93,I,GLN93,1.2352185,other
source_file/8BPE,I,GLN93,I,LEU94,2.7805893,other
source_file/8BPE,I,GLN93,I,GLN93,0.0,h_bond
source_file/8BPE,I,GLN93,I,LEU94,2.9807267,other
source_file/8BPE,I,GLN93,I,GLN93,2.4793484,other
source_file/8BPE,I,GLN93,I,GLN93,1.5291679,hydrophobic
source_file/8BPE,I,GLN93,I,GLN93,2.5409188,hydrophobic
source_file/8BPE,I,GLN93,I,GLN93,0.0,hydrophobic
source_file/8BPE,I,GLN93,I,GLN93,1.5406017,hydrophobic
source_file/8BPE,I,GLN93,I,LEU94,2.8062317,other
source_file/8BPE,I,GLN93,I,GLN93,2.5542576,hydrophobic
source_file/8BPE,I,GLN93,I,GLN93,2.3948262,other
source_file/8BPE,I,GLN93,I,GLN93,0.0,hydrophobic
source_file/8BPE,I,GLN93,I,GLN93,2.419891,other
source_file/8BPE,I,GLN93,I,GLN93,1.5167862,hydrophobic
source_file/8BPE,I,GLN93,I,GLN93,1.5291679,hydrophobic
source_file/8BPE,I,GLN93,I,GLN93,2.628935,hydrophobic
source_file/8BPE,I,GLN93,I,GLN93,1.2304622,other
source_file/8BPE,I,GLN93,I,GLN93,1.5167862,hydrophobic
source_file/8BPE,I,GLN93,I,GLN93,1.3282841,other
source_file/8BPE,I,GLN93,I,GLN93,0.0,hydrophobic
source_file/8BPE,I,GLN93,I,GLN93,2.5409188,hydrophobic
source_file/8BPE,I,GLN93,I,GLN93,0.0,h_bond
source_file/8BPE,I,GLN93,I,GLN93,2.3948262,other
source_file/8BPE,I,GLN93,I,GLN93,2.2453876,h_bond
source_file/8BPE,I,GLN93,I,GLN93,1.2304622,other
source_file/8BPE,I,GLN93,I,GLN93,2.2453876,h_bond
source_file/8BPE,I,GLN93,I,GLN93,2.419891,other
source_file/8BPE,I,GLN93,I,GLN93,0.0,h_bond
source_file/8BPE,I,GLN93,I,GLN93,1.3282841,other
source_file/8BPE,I,LEU94,I,GLN93,2.8062317,other
source_file/8BPE,I,LEU94,I,GLN93,2.4388275,other
source_file/8BPE,I,LEU94,I,LEU94,0.0,h_bond
source_file/8BPE,I,LEU94,I,GLN93,1.3303878,other
source_file/8BPE,I,LEU94,I,LEU94,2.7141309,h_bond
source_file/8BPE,I,LEU94,I,LEU94,2.4124682,other
source_file/8BPE,I,LEU94,I,LEU94,1.45676,other
source_file/8BPE,I,LEU94,I,GLN93,2.2496624,h_bond
source_file/8BPE,I,LEU94,I,LEU94,2.4973717,other
source_file/8BPE,I,LEU94,I,LEU94,1.45676,other
source_file/8BPE,I,LEU94,I,GLN93,2.4429998,hydrophobic
source_file/8BPE,I,LEU94,I,LEU94,2.398414,other
source_file/8BPE,I,LEU94,I,LEU94,1.5218421,hydrophobic
source_file/8BPE,I,LEU94,I,THR95,2.4185758,other
source_file/8BPE,I,LEU94,I,LEU94,0.0,hydrophobic
source_file/8BPE,I,LEU94,I,GLN93,2.7805893,other
source_file/8BPE,I,LEU94,I,LEU94,1.5364672,hydrophobic
source_file/8BPE,I,LEU94,I,LEU94,2.6581461,hydrophobic
source_file/8BPE,I,LEU94,I,LEU94,2.4124682,other
source_file/8BPE,I,LEU94,I,LEU94,1.2338939,other
source_file/8BPE,I,LEU94,I,THR95,2.441378,hydrophobic
source_file/8BPE,I,LEU94,I,LEU94,0.0,hydrophobic
source_file/8BPE,I,LEU94,I,THR95,1.3310747,other
source_file/8BPE,I,LEU94,I,LEU94,1.5218421,hydrophobic
source_file/8BPE,I,LEU94,I,LEU94,2.5177932,hydrophobic
source_file/8BPE,I,LEU94,I,LEU94,2.7141309,h_bond
source_file/8BPE,I,LEU94,I,LEU94,0.0,h_bond
source_file/8BPE,I,LEU94,I,THR95,2.7995055,other
source_file/8BPE,I,LEU94,I,LEU94,1.2338939,other
source_file/8BPE,I,LEU94,I,THR95,2.2608335,h_bond
source_file/8BPE,I,LEU94,I,LEU94,2.398414,other
source_file/8BPE,I,LEU94,I,LEU94,2.4973717,other
source_file/8BPE,I,LEU94,I,LEU94,2.5177932,hydrophobic
source_file/8BPE,I,LEU94,I,LEU94,1.5364672,hydrophobic
source_file/8BPE,I,LEU94,I,GLN93,2.9807267,other
source_file/8BPE,I,LEU94,I,LEU94,0.0,hydrophobic
source_file/8BPE,I,LEU94,I,LEU94,1.5300624,hydrophobic
source_file/8BPE,I,LEU94,I,LEU94,2.4916143,hydrophobic
source_file/8BPE,I,LEU94,I,LEU94,2.5230234,hydrophobic
source_file/8BPE,I,LEU94,I,LEU94,2.6581461,hydrophobic
source_file/8BPE,I,LEU94,I,LEU94,1.5300624,hydrophobic
source_file/8BPE,I,LEU94,I,LEU94,0.0,hydrophobic
source_file/8BPE,I,LEU94,I,LEU94,1.5186713,hydrophobic
source_file/8BPE,I,LEU94,I,LEU94,1.5235062,hydrophobic
source_file/8BPE,I,LEU94,I,LEU94,2.4916143,hydrophobic
source_file/8BPE,I,LEU94,I,LEU94,1.5186713,hydrophobic
source_file/8BPE,I,LEU94,I,LEU94,0.0,hydrophobic
source_file/8BPE,I,LEU94,I,LEU94,2.49796,hydrophobic
source_file/8BPE,I,LEU94,I,LEU94,2.5230234,hydrophobic
source_file/8BPE,I,LEU94,I,LEU94,1.5235062,hydrophobic
source_file/8BPE,I,LEU94,I,LEU94,2.49796,hydrophobic
source_file/8BPE,I,LEU94,I,LEU94,0.0,hydrophobic
source_file/8BPE,I,THR95,I,THR95,2.4689162,other
source_file/8BPE,I,THR95,I,THR95,2.887936,other
source_file/8BPE,I,THR95,I,LEU94,2.2608335,h_bond
source_file/8BPE,I,THR95,I,THR95,1.4546049,other
source_file/8BPE,I,THR95,I,LEU94,1.3310747,other
source_file/8BPE,I,THR95,I,THR95,0.0,h_bond
source_file/8BPE,I,THR95,I,LEU94,2.4185758,other
source_file/8BPE,I,THR95,I,THR95,2.4233303,other
source_file/8BPE,I,THR95,I,THR95,2.6605592,h_bond
source_file/8BPE,I,THR95,I,THR95,2.4234324,other
source_file/8BPE,I,THR95,I,THR95,1.5334405,hydrophobic
source_file/8BPE,I,THR95,I,THR95,2.5107129,hydrophobic
source_file/8BPE,I,THR95,I,LEU94,2.7995055,other
source_file/8BPE,I,THR95,I,THR95,0.0,hydrophobic
source_file/8BPE,I,THR95,I,LEU94,2.441378,hydrophobic
source_file/8BPE,I,THR95,I,THR95,1.4546049,other
source_file/8BPE,I,THR95,I,GLU96,2.42214,other
source_file/8BPE,I,THR95,I,THR95,1.5241047,hydrophobic
source_file/8BPE,I,THR95,I,THR95,2.4104433,other
source_file/8BPE,I,THR95,I,THR95,2.8419712,other
source_file/8BPE,I,THR95,I,THR95,2.5207658,hydrophobic
source_file/8BPE,I,THR95,I,THR95,1.5241047,hydrophobic
source_file/8BPE,I,THR95,I,THR95,2.4233303,other
source_file/8BPE,I,THR95,I,GLU96,1.333503,other
source_file/8BPE,I,THR95,I,THR95,0.0,hydrophobic
source_file/8BPE,I,THR95,I,GLU96,2.42695,hydrophobic
source_file/8BPE,I,THR95,I,THR95,1.2343844,other
source_file/8BPE,I,THR95,I,THR95,2.4104433,other
source_file/8BPE,I,THR95,I,THR95,2.6605592,h_bond
source_file/8BPE,I,THR95,I,ASP98,2.752097,h_bond
source_file/8BPE,I,THR95,I,GLU96,2.2549856,h_bond
source_file/8BPE,I,THR95,I,THR95,1.2343844,other
source_file/8BPE,I,THR95,I,GLU96,2.7554562,other
source_file/8BPE,I,THR95,I,THR95,0.0,h_bond
source_file/8BPE,I,THR95,I,THR95,1.433396,other
source_file/8BPE,I,THR95,I,THR95,0.0,hydrophobic
source_file/8BPE,I,THR95,I,THR95,1.5206391,hydrophobic
source_file/8BPE,I,THR95,I,THR95,1.5334405,hydrophobic
source_file/8BPE,I,THR95,I,THR95,2.4689162,other
source_file/8BPE,I,THR95,I,GLU96,2.9063678,other
source_file/8BPE,I,THR95,I,THR95,2.5207658,hydrophobic
source_file/8BPE,I,THR95,I,THR95,0.0,h_bond
source_file/8BPE,I,THR95,I,THR95,1.433396,other
source_file/8BPE,I,THR95,I,THR95,2.4102972,other
source_file/8BPE,I,THR95,I,THR95,2.4234324,other
source_file/8BPE,I,THR95,I,GLU96,2.5203066,h_bond
source_file/8BPE,I,THR95,I,THR95,2.8419712,other
source_file/8BPE,I,THR95,I,THR95,2.4102972,other
source_file/8BPE,I,THR95,I,THR95,1.5206391,hydrophobic
source_file/8BPE,I,THR95,I,THR95,0.0,hydrophobic
source_file/8BPE,I,THR95,I,THR95,2.5107129,hydrophobic
source_file/8BPE,I,THR95,I,THR95,2.887936,other
source_file/8BPE,I,GLU96,I,THR95,2.5203066,h_bond
source_file/8BPE,I,GLU96,I,THR95,2.9063678,other
source_file/8BPE,I,GLU96,I,THR95,2.42214,other
source_file/8BPE,I,GLU96,I,SER97,2.7905457,h_bond
source_file/8BPE,I,GLU96,I,GLU96,0.0,h_bond
source_file/8BPE,I,GLU96,I,THR95,1.333503,other
source_file/8BPE,I,GLU96,I,GLU96,2.4475613,other
source_file/8BPE,I,GLU96,I,GLU96,1.4578831,other
source_file/8BPE,I,GLU96,I,GLU96,2.4747615,other
source_file/8BPE,I,GLU96,I,THR95,2.2549856,h_bond
source_file/8BPE,I,GLU96,I,SER97,2.447336,other
source_file/8BPE,I,GLU96,I,GLU96,2.390866,other
source_file/8BPE,I,GLU96,I,GLU96,1.4578831,other
source_file/8BPE,I,GLU96,I,THR95,2.42695,hydrophobic
source_file/8BPE,I,GLU96,I,GLU96,1.5285889,hydrophobic
source_file/8BPE,I,GLU96,I,GLU96,2.5577173,hydrophobic
source_file/8BPE,I,GLU96,I,GLU96,0.0,hydrophobic
source_file/8BPE,I,GLU96,I,GLU96,1.5225357,hydrophobic
source_file/8BPE,I,GLU96,I,THR95,2.7554562,other
source_file/8BPE,I,GLU96,I,SER97,2.4304678,hydrophobic
source_file/8BPE,I,GLU96,I,SER97,1.3343116,other
source_file/8BPE,I,GLU96,I,GLU96,1.2362623,other
source_file/8BPE,I,GLU96,I,GLU96,2.4747615,other
source_file/8BPE,I,GLU96,I,GLU96,2.4988043,hydrophobic
source_file/8BPE,I,GLU96,I,GLU96,1.5225357,hydrophobic
source_file/8BPE,I,GLU96,I,GLU96,0.0,hydrophobic
source_file/8BPE,I,GLU96,I,SER97,2.7552066,other
source_file/8BPE,I,GLU96,I,SER97,2.2539854,h_bond
source_file/8BPE,I,GLU96,I,SER97,2.988578,other
source_file/8BPE,I,GLU96,I,GLU96,0.0,h_bond
source_file/8BPE,I,GLU96,I,GLU96,2.390866,other
source_file/8BPE,I,GLU96,I,GLU96,1.2362623,other
source_file/8BPE,I,GLU96,I,GLU96,2.4475613,other
source_file/8BPE,I,GLU96,I,GLU96,0.0,hydrophobic
source_file/8BPE,I,GLU96,I,GLU96,1.519599,hydrophobic
source_file/8BPE,I,GLU96,I,GLU96,1.5285889,hydrophobic
source_file/8BPE,I,GLU96,I,GLU96,2.4988043,hydrophobic
source_file/8BPE,I,GLU96,I,GLU96,2.524662,hydrophobic
source_file/8BPE,I,GLU96,I,GLU96,2.8232224,other
source_file/8BPE,I,GLU96,I,GLU96,1.519599,hydrophobic
source_file/8BPE,I,GLU96,I,GLU96,0.0,hydrophobic
source_file/8BPE,I,GLU96,I,GLU96,2.5577173,hydrophobic
source_file/8BPE,I,GLU96,I,GLU96,1.516002,hydrophobic
source_file/8BPE,I,GLU96,I,GLU96,2.3797688,other
source_file/8BPE,I,GLU96,I,GLU96,2.3805678,other
source_file/8BPE,I,GLU96,I,GLU96,2.524662,hydrophobic
source_file/8BPE,I,GLU96,I,GLU96,1.516002,hydrophobic
source_file/8BPE,I,GLU96,I,GLU96,0.0,hydrophobic
source_file/8BPE,I,GLU96,I,GLU96,1.248543,other
source_file/8BPE,I,GLU96,I,GLU96,1.248916,other
source_file/8BPE,I,GLU96,I,GLU96,2.8232224,other
source_file/8BPE,I,GLU96,I,GLU96,2.3805678,other
source_file/8BPE,I,GLU96,I,GLU96,1.248916,other
source_file/8BPE,I,GLU96,I,GLU96,2.194445,h_bond
source_file/8BPE,I,GLU96,I,GLU96,0.0,h_bond
source_file/8BPE,I,GLU96,I,GLU96,2.3797688,other
source_file/8BPE,I,GLU96,I,GLU96,1.248543,other
source_file/8BPE,I,GLU96,I,GLU96,0.0,h_bond
source_file/8BPE,I,GLU96,I,GLU96,2.194445,h_bond
source_file/8BPE,I,SER97,I,SER97,2.9967802,h_bond
source_file/8BPE,I,SER97,I,SER97,2.4486976,other
source_file/8BPE,I,SER97,I,SER97,1.4600312,other
source_file/8BPE,I,SER97,I,SER97,0.0,h_bond
source_file/8BPE,I,SER97,I,ASP98,2.854978,h_bond
source_file/8BPE,I,SER97,I,SER97,2.4667542,other
source_file/8BPE,I,SER97,I,GLU96,2.2539854,h_bond
source_file/8BPE,I,SER97,I,GLU96,2.7905457,h_bond
source_file/8BPE,I,SER97,I,GLU96,2.447336,other
source_file/8BPE,I,SER97,I,GLU96,1.3343116,other
source_file/8BPE,I,SER97,I,SER97,2.4302664,other
source_file/8BPE,I,SER97,I,SER97,1.5291497,hydrophobic
source_file/8BPE,I,SER97,I,SER97,0.0,hydrophobic
source_file/8BPE,I,SER97,I,SER97,1.4600312,other
source_file/8BPE,I,SER97,I,ASP98,2.443514,other
source_file/8BPE,I,SER97,I,SER97,1.5242099,hydrophobic
source_file/8BPE,I,SER97,I,SER97,2.402721,other
source_file/8BPE,I,SER97,I,GLU96,2.7552066,other
source_file/8BPE,I,SER97,I,GLU96,2.4304678,hydrophobic
source_file/8BPE,I,SER97,I,SER97,2.8354518,other
source_file/8BPE,I,SER97,I,SER97,2.5098069,hydrophobic
source_file/8BPE,I,SER97,I,SER97,1.5242099,hydrophobic
source_file/8BPE,I,SER97,I,ASP98,2.4482236,hydrophobic
source_file/8BPE,I,SER97,I,SER97,2.4667542,other
source_file/8BPE,I,SER97,I,ASP98,1.333039,other
source_file/8BPE,I,SER97,I,SER97,0.0,hydrophobic
source_file/8BPE,I,SER97,I,SER97,1.2378337,other
source_file/8BPE,I,SER97,I,GLU96,2.988578,other
source_file/8BPE,I,SER97,I,SER97,2.402721,other
source_file/8BPE,I,SER97,I,ASP98,2.7766426,other
source_file/8BPE,I,SER97,I,ASP98,2.2495387,h_bond
source_file/8BPE,I,SER97,I,SER97,1.2378337,other
source_file/8BPE,I,SER97,I,ARG50,2.7989917,h_bond
source_file/8BPE,I,SER97,I,SER97,0.0,h_bond
source_file/8BPE,I,SER97,I,ARG50,2.9929342,other
source_file/8BPE,I,SER97,I,ARG50,2.8271422,h_bond
source_file/8BPE,I,SER97,I,SER99,2.8601003,h_bond
source_file/8BPE,I,SER97,I,SER97,1.4175363,other
source_file/8BPE,I,SER97,I,SER97,0.0,hydrophobic
source_file/8BPE,I,SER97,I,SER97,1.5291497,hydrophobic
source_file/8BPE,I,SER97,I,SER97,2.4486976,other
source_file/8BPE,I,SER97,I,SER97,2.5098069,hydrophobic
source_file/8BPE,I,SER97,I,SER97,0.0,h_bond
source_file/8BPE,I,SER97,I,SER97,1.4175363,other
source_file/8BPE,I,SER97,I,SER97,2.4302664,other
source_file/8BPE,I,SER97,I,SER97,2.9967802,h_bond
source_file/8BPE,I,SER97,I,ASP98,2.8371296,h_bond
source_file/8BPE,I,SER97,I,SER97,2.8354518,other
source_file/8BPE,I,ASP98,I,SER97,2.8371296,h_bond
source_file/8BPE,I,ASP98,I,SER97,2.443514,other
source_file/8BPE,I,ASP98,I,ASP98,2.9995592,other
source_file/8BPE,I,ASP98,I,ASP98,2.451661,other
source_file/8BPE,I,ASP98,I,ASP98,2.826361,h_bond
source_file/8BPE,I,ASP98,I,ASP98,1.4639454,other
source_file/8BPE,I,ASP98,I,ASP98,2.4638288,other
source_file/8BPE,I,ASP98,I,SER97,2.854978,h_bond
source_file/8BPE,I,ASP98,I,ASP98,0.0,h_bond
source_file/8BPE,I,ASP98,I,SER97,1.333039,other
source_file/8BPE,I,ASP98,I,SER97,2.2495387,h_bond
source_file/8BPE,I,ASP98,I,ASP98,2.548205,hydrophobic
source_file/8BPE,I,ASP98,I,ASP98,1.5257185,hydrophobic
source_file/8BPE,I,ASP98,I,ASP98,2.761276,other
source_file/8BPE,I,ASP98,I,ASP98,0.0,hydrophobic
source_file/8BPE,I,ASP98,I,ASP98,1.5328892,hydrophobic
source_file/8BPE,I,ASP98,I,ASP98,2.435647,other
source_file/8BPE,I,ASP98,I,ASP98,1.4639454,other
source_file/8BPE,I,ASP98,I,SER97,2.4482236,hydrophobic
source_file/8BPE,I,ASP98,I,SER97,2.7766426,other
source_file/8BPE,I,ASP98,I,SER99,2.411639,other
source_file/8BPE,I,ASP98,I,ASP98,2.5503304,hydrophobic
source_file/8BPE,I,ASP98,I,ASP98,2.926234,other
source_file/8BPE,I,ASP98,I,ASP98,1.5328892,hydrophobic
source_file/8BPE,I,ASP98,I,ASP98,0.0,hydrophobic
source_file/8BPE,I,ASP98,I,ASP98,1.2331318,other
source_file/8BPE,I,ASP98,I,ASP98,2.4638288,other
source_file/8BPE,I,ASP98,I,SER99,1.3295268,other
source_file/8BPE,I,ASP98,I,SER99,2.4466603,hydrophobic
source_file/8BPE,I,ASP98,I,ASP98,2.8958156,other
source_file/8BPE,I,ASP98,I,ASP98,2.8392496,other
source_file/8BPE,I,ASP98,I,ASP98,2.6674333,h_bond
source_file/8BPE,I,ASP98,I,ASP98,2.435647,other
source_file/8BPE,I,ASP98,I,ASP98,1.2331318,other
source_file/8BPE,I,ASP98,I,ASP98,0.0,h_bond
source_file/8BPE,I,ASP98,I,SER99,2.2450304,h_bond
source_file/8BPE,I,ASP98,I,SER99,2.782764,other
source_file/8BPE,I,ASP98,I,ASP98,2.3800135,other
source_file/8BPE,I,ASP98,I,ASP98,1.5229193,hydrophobic
source_file/8BPE,I,ASP98,I,ASP98,0.0,hydrophobic
source_file/8BPE,I,ASP98,I,ASP98,2.3974187,other
source_file/8BPE,I,ASP98,I,ASP98,1.5257185,hydrophobic
source_file/8BPE,I,ASP98,I,ASP98,2.5503304,hydrophobic
source_file/8BPE,I,ASP98,I,ASP98,2.8392496,other
source_file/8BPE,I,ASP98,I,ASP98,2.451661,other
source_file/8BPE,I,ASP98,I,ASP98,1.2487171,other
source_file/8BPE,I,ASP98,I,ASP98,0.0,hydrophobic
source_file/8BPE,I,ASP98,I,ASP98,1.5229193,hydrophobic
source_file/8BPE,I,ASP98,I,ASP98,1.2483578,other
source_file/8BPE,I,ASP98,I,ASP98,2.548205,hydrophobic
source_file/8BPE,I,ASP98,I,ASP98,2.8958156,other
source_file/8BPE,I,ASP98,I,ASP98,2.9995592,other
source_file/8BPE,I,ASP98,I,ASP98,2.1896274,h_bond
source_file/8BPE,I,ASP98,I,ASP98,1.2483578,other
source_file/8BPE,I,ASP98,I,ASP98,2.3974187,other
source_file/8BPE,I,ASP98,I,ASP98,0.0,h_bond
source_file/8BPE,I,ASP98,I,ASP98,2.761276,other
source_file/8BPE,I,ASP98,I,ASP98,2.926234,other
source_file/8BPE,I,ASP98,I,ASP98,2.6674333,h_bond
source_file/8BPE,I,ASP98,I,ASP98,2.826361,h_bond
source_file/8BPE,I,ASP98,I,THR95,2.752097,h_bond
source_file/8BPE,I,ASP98,I,ASP98,0.0,h_bond
source_file/8BPE,I,ASP98,I,ASP98,1.2487171,other
source_file/8BPE,I,ASP98,I,ASP98,2.3800135,other
source_file/8BPE,I,ASP98,I,ASP98,2.1896274,h_bond
source_file/8BPE,I,SER99,I,ASP98,2.411639,other
source_file/8BPE,I,SER99,I,ASP98,1.3295268,other
source_file/8BPE,I,SER99,I,ASP98,2.2450304,h_bond
source_file/8BPE,I,SER99,I,SER97,2.8601003,h_bond
source_file/8BPE,I,SER99,I,SER99,0.0,h_bond
source_file/8BPE,I,SER99,I,SER99,1.4568193,other
source_file/8BPE,I,SER99,I,SER99,2.64614,h_bond
source_file/8BPE,I,SER99,I,SER99,2.462955,other
source_file/8BPE,I,SER99,I,SER99,2.4146574,other
source_file/8BPE,I,SER99,I,ASP98,2.4466603,hydrophobic
source_file/8BPE,I,SER99,I,ASP98,2.782764,other
source_file/8BPE,I,SER99,I,SER99,1.4568193,other
source_file/8BPE,I,SER99,I,SER99,0.0,hydrophobic
source_file/8BPE,I,SER99,I,SER99,2.4096508,other
source_file/8BPE,I,SER99,I,SER99,1.5337822,hydrophobic
source_file/8BPE,I,SER99,I,SER99,1.524629,hydrophobic
source_file/8BPE,I,SER99,I,GLY100,2.4215713,other
source_file/8BPE,I,SER99,I,SER99,2.4315085,other
source_file/8BPE,I,SER99,I,SER99,2.4146574,other
source_file/8BPE,I,SER99,I,SER99,1.524629,hydrophobic
source_file/8BPE,I,SER99,I,SER99,1.234948,other
source_file/8BPE,I,SER99,I,SER99,2.5381773,hydrophobic
source_file/8BPE,I,SER99,I,SER99,0.0,hydrophobic
source_file/8BPE,I,SER99,I,GLY100,1.3256133,other
source_file/8BPE,I,SER99,I,GLY100,2.422765,hydrophobic
source_file/8BPE,I,SER99,I,SER99,2.87072,other
source_file/8BPE,I,SER99,I,ARG50,2.8890512,h_bond
source_file/8BPE,I,SER99,I,ARG50,2.8609612,h_bond
source_file/8BPE,I,SER99,I,SER99,2.64614,h_bond
source_file/8BPE,I,SER99,I,SER99,2.4096508,other
source_file/8BPE,I,SER99,I,SER99,0.0,h_bond
source_file/8BPE,I,SER99,I,SER99,1.234948,other
source_file/8BPE,I,SER99,I,GLY100,2.245643,h_bond
source_file/8BPE,I,SER99,I,GLY100,2.7509735,other
source_file/8BPE,I,SER99,I,SER99,2.462955,other
source_file/8BPE,I,SER99,I,SER99,1.5337822,hydrophobic
source_file/8BPE,I,SER99,I,SER99,0.0,hydrophobic
source_file/8BPE,I,SER99,I,SER99,2.5381773,hydrophobic
source_file/8BPE,I,SER99,I,GLY100,2.9080946,other
source_file/8BPE,I,SER99,I,SER99,1.417351,other
source_file/8BPE,I,SER99,I,SER99,2.4315085,other
source_file/8BPE,I,SER99,I,SER99,1.417351,other
source_file/8BPE,I,SER99,I,SER99,2.87072,other
source_file/8BPE,I,SER99,I,GLY100,2.5507526,h_bond
source_file/8BPE,I,SER99,I,SER99,0.0,h_bond
source_file/8BPE,I,GLY100,I,SER99,2.4215713,other
source_file/8BPE,I,GLY100,I,SER99,2.245643,h_bond
source_file/8BPE,I,GLY100,I,SER99,2.9080946,other
source_file/8BPE,I,GLY100,I,SER99,1.3256133,other
source_file/8BPE,I,GLY100,I,GLY100,0.0,h_bond
source_file/8BPE,I,GLY100,I,GLY100,1.4540604,other
source_file/8BPE,I,GLY100,I,GLY100,2.4553382,other
source_file/8BPE,I,GLY100,I,SER99,2.5507526,h_bond
source_file/8BPE,I,GLY100,I,GLY100,2.9021442,h_bond
source_file/8BPE,I,GLY100,I,SER99,2.7509735,other
source_file/8BPE,I,GLY100,I,SER99,2.422765,hydrophobic
source_file/8BPE,I,GLY100,I,GLY100,1.4540604,other
source_file/8BPE,I,GLY100,I,GLY100,0.0,hydrophobic
source_file/8BPE,I,GLY100,I,VAL101,2.4207115,other
source_file/8BPE,I,GLY100,I,GLY100,1.5156695,hydrophobic
source_file/8BPE,I,GLY100,I,GLY100,2.3883655,other
source_file/8BPE,I,GLY100,I,GLY100,2.4553382,other
source_file/8BPE,I,GLY100,I,GLY100,1.5156695,hydrophobic
source_file/8BPE,I,GLY100,I,VAL101,1.3327043,other
source_file/8BPE,I,GLY100,I,GLY100,0.0,hydrophobic
source_file/8BPE,I,GLY100,I,VAL101,2.4506917,hydrophobic
source_file/8BPE,I,GLY100,I,GLY100,1.230029,other
source_file/8BPE,I,GLY100,I,GLY100,2.9021442,h_bond
source_file/8BPE,I,GLY100,I,GLY100,2.3883655,other
source_file/8BPE,I,GLY100,I,VAL101,2.2551043,h_bond
source_file/8BPE,I,GLY100,I,GLY100,1.230029,other
source_file/8BPE,I,GLY100,I,LEU120,2.8033295,h_bond
source_file/8BPE,I,GLY100,I,VAL101,2.8050592,other
source_file/8BPE,I,GLY100,I,LEU120,2.71106,h_bond
source_file/8BPE,I,GLY100,I,GLY100,0.0,h_bond
source_file/8BPE,I,VAL101,I,VAL101,2.6854427,h_bond
source_file/8BPE,I,VAL101,I,VAL101,2.4264061,other
source_file/8BPE,I,VAL101,I,GLY100,2.4207115,other
source_file/8BPE,I,VAL101,I,VAL101,0.0,h_bond
source_file/8BPE,I,VAL101,I,GLY100,1.3327043,other
source_file/8BPE,I,VAL101,I,VAL101,1.4566038,other
source_file/8BPE,I,VAL101,I,GLY100,2.2551043,h_bond
source_file/8BPE,I,VAL101,I,VAL101,2.975908,other
source_file/8BPE,I,VAL101,I,VAL101,2.492107,other
source_file/8BPE,I,VAL101,I,VAL101,2.9939663,other
source_file/8BPE,I,VAL101,I,VAL101,2.4103038,other
source_file/8BPE,I,VAL101,I,VAL101,1.5239812,hydrophobic
source_file/8BPE,I,VAL101,I,TYR102,2.4100285,other
source_file/8BPE,I,VAL101,I,VAL101,1.4566038,other
source_file/8BPE,I,VAL101,I,GLY100,2.4506917,hydrophobic
source_file/8BPE,I,VAL101,I,VAL101,0.0,hydrophobic
source_file/8BPE,I,VAL101,I,GLY100,2.8050592,other
source_file/8BPE,I,VAL101,I,VAL101,2.5117774,hydrophobic
source_file/8BPE,I,VAL101,I,VAL101,1.54153,hydrophobic
source_file/8BPE,I,VAL101,I,VAL101,2.5158033,hydrophobic
source_file/8BPE,I,VAL101,I,VAL101,1.2302896,other
source_file/8BPE,I,VAL101,I,TYR102,2.4414787,hydrophobic
source_file/8BPE,I,VAL101,I,VAL101,0.0,hydrophobic
source_file/8BPE,I,VAL101,I,TYR102,1.3303189,other
source_file/8BPE,I,VAL101,I,VAL101,2.4264061,other
source_file/8BPE,I,VAL101,I,VAL101,1.5239812,hydrophobic
source_file/8BPE,I,VAL101,I,VAL101,2.973192,hydrophobic
source_file/8BPE,I,VAL101,I,VAL101,2.5157018,hydrophobic
source_file/8BPE,I,VAL101,I,VAL101,0.0,h_bond
source_file/8BPE,I,VAL101,I,TYR102,2.7909489,other
source_file/8BPE,I,VAL101,I,VAL101,1.2302896,other
source_file/8BPE,I,VAL101,I,TYR102,2.2530386,h_bond
source_file/8BPE,I,VAL101,I,VAL101,2.6854427,h_bond
source_file/8BPE,I,VAL101,I,VAL101,2.4103038,other
source_file/8BPE,I,VAL101,I,VAL101,2.5157018,hydrophobic
source_file/8BPE,I,VAL101,I,VAL101,2.492107,other
source_file/8BPE,I,VAL101,I,VAL101,1.54153,hydrophobic
source_file/8BPE,I,VAL101,I,VAL101,1.5203565,hydrophobic
source_file/8BPE,I,VAL101,I,VAL101,0.0,hydrophobic
source_file/8BPE,I,VAL101,I,VAL101,1.5198984,hydrophobic
source_file/8BPE,I,VAL101,I,VAL101,2.9939663,other
source_file/8BPE,I,VAL101,I,VAL101,2.5158033,hydrophobic
source_file/8BPE,I,VAL101,I,VAL101,2.5043685,hydrophobic
source_file/8BPE,I,VAL101,I,VAL101,1.5198984,hydrophobic
source_file/8BPE,I,VAL101,I,VAL101,0.0,hydrophobic
source_file/8BPE,I,VAL101,I,VAL101,2.973192,hydrophobic
source_file/8BPE,I,VAL101,I,VAL101,2.975908,other
source_file/8BPE,I,VAL101,I,VAL101,2.5117774,hydrophobic
source_file/8BPE,I,VAL101,I,VAL101,0.0,hydrophobic
source_file/8BPE,I,VAL101,I,VAL101,1.5203565,hydrophobic
source_file/8BPE,I,VAL101,I,VAL101,2.5043685,hydrophobic
source_file/8BPE,I,TYR102,I,VAL101,2.2530386,h_bond
source_file/8BPE,I,TYR102,I,TYR102,2.4726336,other
source_file/8BPE,I,TYR102,I,TYR102,1.4548466,other
source_file/8BPE,I,TYR102,I,VAL101,1.3303189,other
source_file/8BPE,I,TYR102,I,TYR102,0.0,h_bond
source_file/8BPE,I,TYR102,I,TYR102,2.4148805,other
source_file/8BPE,I,TYR102,I,VAL101,2.4100285,other
source_file/8BPE,I,TYR102,I,TYR102,2.6679626,h_bond
source_file/8BPE,I,TYR102,I,VAL118,2.5911107,h_bond
source_file/8BPE,I,TYR102,I,ALA103,2.415493,other
source_file/8BPE,I,TYR102,I,TYR102,2.5596232,hydrophobic
source_file/8BPE,I,TYR102,I,VAL101,2.7909489,other
source_file/8BPE,I,TYR102,I,TYR102,1.5321964,hydrophobic
source_file/8BPE,I,TYR102,I,TYR102,0.0,hydrophobic
source_file/8BPE,I,TYR102,I,VAL101,2.4414787,hydrophobic
source_file/8BPE,I,TYR102,I,TYR102,1.4548466,other
source_file/8BPE,I,TYR102,I,TYR102,1.5203946,hydrophobic
source_file/8BPE,I,TYR102,I,TYR102,2.3998718,other
source_file/8BPE,I,TYR102,I,ALA103,1.3265374,other
source_file/8BPE,I,TYR102,I,ALA103,2.4359224,hydrophobic
source_file/8BPE,I,TYR102,I,TYR102,2.5052931,hydrophobic
source_file/8BPE,I,TYR102,I,TYR102,1.5203946,hydrophobic
source_file/8BPE,I,TYR102,I,TYR102,2.4148805,other
source_file/8BPE,I,TYR102,I,TYR102,0.0,hydrophobic
source_file/8BPE,I,TYR102,I,TYR102,1.2328842,other
source_file/8BPE,I,TYR102,I,ALA103,2.251104,h_bond
source_file/8BPE,I,TYR102,I,ALA103,2.7843254,other
source_file/8BPE,I,TYR102,I,VAL118,2.7262795,h_bond
source_file/8BPE,I,TYR102,I,TYR102,2.3998718,other
source_file/8BPE,I,TYR102,I,TYR102,2.6679626,h_bond
source_file/8BPE,I,TYR102,I,TYR102,1.2328842,other
source_file/8BPE,I,TYR102,I,TYR102,0.0,h_bond
source_file/8BPE,I,TYR102,I,VAL118,2.7690191,h_bond
source_file/8BPE,I,TYR102,I,TYR102,2.5242662,hydrophobic
source_file/8BPE,I,TYR102,I,TYR102,1.5112675,hydrophobic
source_file/8BPE,I,TYR102,I,TYR102,2.522588,hydrophobic
source_file/8BPE,I,TYR102,I,TYR102,0.0,hydrophobic
source_file/8BPE,I,TYR102,I,TYR102,1.5321964,hydrophobic
source_file/8BPE,I,TYR102,I,TYR102,2.4726336,other
source_file/8BPE,I,TYR102,I,TYR102,2.5052931,hydrophobic
source_file/8BPE,I,TYR102,I,TYR102,2.411258,hydrophobic
source_file/8BPE,I,TYR102,I,TYR102,2.779883,hydrophobic
source_file/8BPE,I,TYR102,I,TYR102,1.3882982,hydrophobic
source_file/8BPE,I,TYR102,I,TYR102,2.4119236,hydrophobic
source_file/8BPE,I,TYR102,I,TYR102,0.0,hydrophobic
source_file/8BPE,I,TYR102,I,TYR102,1.3886733,hydrophobic
source_file/8BPE,I,TYR102,I,TYR102,1.5112675,hydrophobic
source_file/8BPE,I,TYR102,I,TYR102,2.5596232,hydrophobic
source_file/8BPE,I,TYR102,I,TYR102,1.3807927,hydrophobic
source_file/8BPE,I,TYR102,I,TYR102,2.3858488,hydrophobic
source_file/8BPE,I,TYR102,I,TYR102,0.0,hydrophobic
source_file/8BPE,I,TYR102,I,TYR102,2.7585833,hydrophobic
source_file/8BPE,I,TYR102,I,TYR102,1.3882982,hydrophobic
source_file/8BPE,I,TYR102,I,TYR102,2.3825536,hydrophobic
source_file/8BPE,I,TYR102,I,TYR102,2.5242662,hydrophobic
source_file/8BPE,I,TYR102,I,TYR102,2.7575505,hydrophobic
source_file/8BPE,I,TYR102,I,TYR102,2.3849096,hydrophobic
source_file/8BPE,I,TYR102,I,TYR102,2.3825536,hydrophobic
source_file/8BPE,I,TYR102,I,TYR102,1.3805503,hydrophobic
source_file/8BPE,I,TYR102,I,TYR102,1.3886733,hydrophobic
source_file/8BPE,I,TYR102,I,TYR102,0.0,hydrophobic
source_file/8BPE,I,TYR102,I,TYR102,2.522588,hydrophobic
source_file/8BPE,I,TYR102,I,TYR102,2.3836243,other
source_file/8BPE,I,TYR102,I,TYR102,0.0,hydrophobic
source_file/8BPE,I,TYR102,I,TYR102,1.3792176,hydrophobic
source_file/8BPE,I,TYR102,I,TYR102,1.3807927,hydrophobic
source_file/8BPE,I,TYR102,I,TYR102,2.3926778,hydrophobic
source_file/8BPE,I,TYR102,I,TYR102,2.411258,hydrophobic
source_file/8BPE,I,TYR102,I,TYR102,2.7575505,hydrophobic
source_file/8BPE,I,TYR102,I,TYR102,2.38493,other
source_file/8BPE,I,TYR102,I,TYR102,2.3926778,hydrophobic
source_file/8BPE,I,TYR102,I,TYR102,1.3788669,hydrophobic
source_file/8BPE,I,TYR102,I,TYR102,2.7585833,hydrophobic
source_file/8BPE,I,TYR102,I,TYR102,0.0,hydrophobic
source_file/8BPE,I,TYR102,I,TYR102,2.4119236,hydrophobic
source_file/8BPE,I,TYR102,I,TYR102,1.3805503,hydrophobic
source_file/8BPE,I,TYR102,I,TYR102,1.3764617,other
source_file/8BPE,I,TYR102,I,TYR102,1.3792176,hydrophobic
source_file/8BPE,I,TYR102,I,TYR102,0.0,hydrophobic
source_file/8BPE,I,TYR102,I,TYR102,2.3858488,hydrophobic
source_file/8BPE,I,TYR102,I,TYR102,1.3788669,hydrophobic
source_file/8BPE,I,TYR102,I,TYR102,2.779883,hydrophobic
source_file/8BPE,I,TYR102,I,TYR102,2.3849096,hydrophobic
source_file/8BPE,I,TYR102,I,TYR102,0.0,h_bond
source_file/8BPE,I,TYR102,I,TYR102,2.3836243,other
source_file/8BPE,I,TYR102,I,TYR102,1.3764617,other
source_file/8BPE,I,TYR102,I,TYR102,2.38493,other
source_file/8BPE,I,ALA103,I,ALA103,2.697354,h_bond
source_file/8BPE,I,ALA103,I,ALA103,0.0,h_bond
source_file/8BPE,I,ALA103,I,ALA103,2.4429297,other
source_file/8BPE,I,ALA103,I,ALA103,1.4534403,other
source_file/8BPE,I,ALA103,I,ALA103,2.4512553,other
source_file/8BPE,I,ALA103,I,TYR102,2.415493,other
source_file/8BPE,I,ALA103,I,TYR102,1.3265374,other
source_file/8BPE,I,ALA103,I,TYR102,2.251104,h_bond
source_file/8BPE,I,ALA103,I,ALA103,2.4154658,other
source_file/8BPE,I,ALA103,I,ALA103,1.4534403,other
source_file/8BPE,I,ALA103,I,ALA103,1.5246704,hydrophobic
source_file/8BPE,I,ALA103,I,CYS104,2.4120295,other
source_file/8BPE,I,ALA103,I,ALA103,0.0,hydrophobic
source_file/8BPE,I,ALA103,I,ALA103,1.5302343,hydrophobic
source_file/8BPE,I,ALA103,I,TYR102,2.4359224,hydrophobic
source_file/8BPE,I,ALA103,I,TYR102,2.7843254,other
source_file/8BPE,I,ALA103,I,ALA103,1.2340791,other
source_file/8BPE,I,ALA103,I,ALA103,2.4429297,other
source_file/8BPE,I,ALA103,I,ALA103,0.0,hydrophobic
source_file/8BPE,I,ALA103,I,CYS104,2.4507885,hydrophobic
source_file/8BPE,I,ALA103,I,CYS104,1.3316821,other
source_file/8BPE,I,ALA103,I,ALA103,1.5246704,hydrophobic
source_file/8BPE,I,ALA103,I,ALA103,2.5203145,hydrophobic
source_file/8BPE,I,ALA103,I,ALA103,0.0,h_bond
source_file/8BPE,I,ALA103,I,ALA103,2.697354,h_bond
source_file/8BPE,I,ALA103,I,ALA103,1.2340791,other
source_file/8BPE,I,ALA103,I,CYS104,2.8077495,other
source_file/8BPE,I,ALA103,I,CYS104,2.2560709,h_bond
source_file/8BPE,I,ALA103,I,ALA103,2.4154658,other
source_file/8BPE,I,ALA103,I,ALA103,2.4512553,other
source_file/8BPE,I,ALA103,I,ALA103,2.5203145,hydrophobic
source_file/8BPE,I,ALA103,I,CYS104,2.9582534,other
source_file/8BPE,I,ALA103,I,ALA103,1.5302343,hydrophobic
source_file/8BPE,I,ALA103,I,ALA103,0.0,hydrophobic
source_file/8BPE,I,CYS104,I,CYS104,2.4762263,other
source_file/8BPE,I,CYS104,I,ALA103,2.2560709,h_bond
source_file/8BPE,I,CYS104,I,ALA103,1.3316821,other
source_file/8BPE,I,CYS104,I,CYS104,1.4547707,other
source_file/8BPE,I,CYS104,I,CYS104,2.4034858,other
source_file/8BPE,I,CYS104,I,CYS104,0.0,h_bond
source_file/8BPE,I,CYS104,I,ALA103,2.4120295,other
source_file/8BPE,I,CYS104,I,ALA103,2.9582534,other
source_file/8BPE,I,CYS104,I,CYS104,2.6586087,h_bond
source_file/8BPE,I,CYS104,I,GLY105,2.4188788,other
source_file/8BPE,I,CYS104,I,CYS104,2.8210092,hydrophobic
source_file/8BPE,I,CYS104,I,CYS104,1.5335656,hydrophobic
source_file/8BPE,I,CYS104,I,ALA103,2.8077495,other
source_file/8BPE,I,CYS104,I,ALA103,2.4507885,hydrophobic
source_file/8BPE,I,CYS104,I,CYS104,0.0,hydrophobic
source_file/8BPE,I,CYS104,I,CYS104,1.5200058,hydrophobic
source_file/8BPE,I,CYS104,I,CYS104,1.4547707,other
source_file/8BPE,I,CYS104,I,CYS104,2.3998346,other
source_file/8BPE,I,CYS104,I,GLY105,2.3986833,hydrophobic
source_file/8BPE,I,CYS104,I,GLY105,1.3276272,other
source_file/8BPE,I,CYS104,I,CYS104,2.5119832,hydrophobic
source_file/8BPE,I,CYS104,I,CYS104,1.5200058,hydrophobic
source_file/8BPE,I,CYS104,I,CYS104,0.0,hydrophobic
source_file/8BPE,I,CYS104,I,CYS104,2.4034858,other
source_file/8BPE,I,CYS104,I,CYS104,1.232465,other
source_file/8BPE,I,CYS104,I,GLY105,2.7186182,other
source_file/8BPE,I,CYS104,I,GLY105,2.248823,h_bond
source_file/8BPE,I,CYS104,I,CYS104,2.3998346,other
source_file/8BPE,I,CYS104,I,CYS104,1.232465,other
source_file/8BPE,I,CYS104,I,CYS104,2.6586087,h_bond
source_file/8BPE,I,CYS104,I,THR115,2.641821,h_bond
source_file/8BPE,I,CYS104,I,CYS104,0.0,h_bond
source_file/8BPE,I,CYS104,I,CYS104,1.8106054,hydrophobic
source_file/8BPE,I,CYS104,I,CYS104,0.0,hydrophobic
source_file/8BPE,I,CYS104,I,CYS104,1.5335656,hydrophobic
source_file/8BPE,I,CYS104,I,CYS104,2.5119832,hydrophobic
source_file/8BPE,I,CYS104,I,CYS104,2.4762263,other
source_file/8BPE,I,CYS104,I,CYS104,0.0,hydrophobic
source_file/8BPE,I,CYS104,I,CYS104,1.8106054,hydrophobic
source_file/8BPE,I,CYS104,I,CYS104,2.8210092,hydrophobic
source_file/8BPE,I,CYS104,I,CYS37,2.0316255,hydrophobic
source_file/8BPE,I,GLY105,I,GLY105,2.4519527,other
source_file/8BPE,I,GLY105,I,GLY105,1.4485842,other
source_file/8BPE,I,GLY105,I,GLY105,2.7248518,h_bond
source_file/8BPE,I,GLY105,I,GLY105,0.0,h_bond
source_file/8BPE,I,GLY105,I,CYS104,2.4188788,other
source_file/8BPE,I,GLY105,I,CYS104,1.3276272,other
source_file/8BPE,I,GLY105,I,CYS104,2.248823,h_bond
source_file/8BPE,I,GLY105,I,GLY105,1.511836,hydrophobic
source_file/8BPE,I,GLY105,I,ALA106,2.3925056,other
source_file/8BPE,I,GLY105,I,GLY105,0.0,hydrophobic
source_file/8BPE,I,GLY105,I,GLY105,2.3975065,other
source_file/8BPE,I,GLY105,I,GLY105,1.4485842,other
source_file/8BPE,I,GLY105,I,CYS104,2.3986833,hydrophobic
source_file/8BPE,I,GLY105,I,CYS104,2.7186182,other
source_file/8BPE,I,GLY105,I,ALA106,2.4455142,hydrophobic
source_file/8BPE,I,GLY105,I,GLY105,0.0,hydrophobic
source_file/8BPE,I,GLY105,I,ALA106,1.3278515,other
source_file/8BPE,I,GLY105,I,GLY105,1.511836,hydrophobic
source_file/8BPE,I,GLY105,I,GLY105,1.2317008,other
source_file/8BPE,I,GLY105,I,GLY105,2.4519527,other
source_file/8BPE,I,GLY105,I,ALA106,2.810227,other
source_file/8BPE,I,GLY105,I,GLY105,1.2317008,other
source_file/8BPE,I,GLY105,I,ALA106,2.258824,h_bond
source_file/8BPE,I,GLY105,I,GLY105,2.3975065,other
source_file/8BPE,I,GLY105,I,GLY105,0.0,h_bond
source_file/8BPE,I,GLY105,I,GLY105,2.7248518,h_bond
source_file/8BPE,I,ALA106,I,ALA106,2.4151146,other
source_file/8BPE,I,ALA106,I,ALA106,2.6507802,h_bond
source_file/8BPE,I,ALA106,I,ALA106,1.4567331,other
source_file/8BPE,I,ALA106,I,ALA106,2.4591725,other
source_file/8BPE,I,ALA106,I,GLY105,1.3278515,other
source_file/8BPE,I,ALA106,I,ALA106,0.0,h_bond
source_file/8BPE,I,ALA106,I,GLY105,2.3925056,other
source_file/8BPE,I,ALA106,I,GLY105,2.258824,h_bond
source_file/8BPE,I,ALA106,I,GLY107,2.4298599,other
source_file/8BPE,I,ALA106,I,ALA106,1.5256379,hydrophobic
source_file/8BPE,I,ALA106,I,ALA106,2.4047313,other
source_file/8BPE,I,ALA106,I,ALA106,0.0,hydrophobic
source_file/8BPE,I,ALA106,I,ALA106,1.5374637,hydrophobic
source_file/8BPE,I,ALA106,I,GLY105,2.4455142,hydrophobic
source_file/8BPE,I,ALA106,I,ALA106,1.4567331,other
source_file/8BPE,I,ALA106,I,GLY105,2.810227,other
source_file/8BPE,I,ALA106,I,GLY107,2.427174,hydrophobic
source_file/8BPE,I,ALA106,I,GLY107,1.3291063,other
source_file/8BPE,I,ALA106,I,ALA106,0.0,hydrophobic
source_file/8BPE,I,ALA106,I,ALA106,1.2351801,other
source_file/8BPE,I,ALA106,I,ALA106,1.5256379,hydrophobic
source_file/8BPE,I,ALA106,I,ALA106,2.5536265,hydrophobic
source_file/8BPE,I,ALA106,I,ALA106,2.4151146,other
source_file/8BPE,I,ALA106,I,GLY107,2.762992,other
source_file/8BPE,I,ALA106,I,GLY107,2.2507374,h_bond
source_file/8BPE,I,ALA106,I,ALA106,1.2351801,other
source_file/8BPE,I,ALA106,I,ALA106,0.0,h_bond
source_file/8BPE,I,ALA106,I,ALA106,2.4047313,other
source_file/8BPE,I,ALA106,I,ALA106,2.6507802,h_bond
source_file/8BPE,I,ALA106,I,GLY107,2.885822,other
source_file/8BPE,I,ALA106,I,ALA106,2.5536265,hydrophobic
source_file/8BPE,I,ALA106,I,ALA106,1.5374637,hydrophobic
source_file/8BPE,I,ALA106,I,ALA106,0.0,hydrophobic
source_file/8BPE,I,ALA106,I,ALA106,2.4591725,other
source_file/8BPE,I,GLY107,I,GLY107,2.746142,h_bond
source_file/8BPE,I,GLY107,I,GLY107,2.4660084,other
source_file/8BPE,I,GLY107,I,GLY107,1.4513075,other
source_file/8BPE,I,GLY107,I,GLY107,0.0,h_bond
source_file/8BPE,I,GLY107,I,ALA106,1.3291063,other
source_file/8BPE,I,GLY107,I,ALA106,2.2507374,h_bond
source_file/8BPE,I,GLY107,I,ALA106,2.4298599,other
source_file/8BPE,I,GLY107,I,ALA106,2.885822,other
source_file/8BPE,I,GLY107,I,GLY107,2.412114,other
source_file/8BPE,I,GLY107,I,MET108,2.4144704,other
source_file/8BPE,I,GLY107,I,GLY107,1.5186428,hydrophobic
source_file/8BPE,I,GLY107,I,GLY107,0.0,hydrophobic
source_file/8BPE,I,GLY107,I,GLY107,1.4513075,other
source_file/8BPE,I,GLY107,I,ALA106,2.427174,hydrophobic
source_file/8BPE,I,GLY107,I,ALA106,2.762992,other
source_file/8BPE,I,GLY107,I,MET108,2.4510293,hydrophobic
source_file/8BPE,I,GLY107,I,GLY107,1.2275606,other
source_file/8BPE,I,GLY107,I,MET108,1.3400054,other
source_file/8BPE,I,GLY107,I,GLY107,0.0,hydrophobic
source_file/8BPE,I,GLY107,I,GLY107,1.5186428,hydrophobic
source_file/8BPE,I,GLY107,I,GLY107,2.4660084,other
source_file/8BPE,I,GLY107,I,MET108,2.7547884,other
source_file/8BPE,I,GLY107,I,GLY107,0.0,h_bond
source_file/8BPE,I,GLY107,I,MET108,2.2493093,h_bond
source_file/8BPE,I,GLY107,I,GLY107,1.2275606,other
source_file/8BPE,I,GLY107,I,GLY107,2.412114,other
source_file/8BPE,I,GLY107,I,GLY107,2.746142,h_bond
source_file/8BPE,I,MET108,I,MET108,2.4786444,other
source_file/8BPE,I,MET108,I,MET108,1.4866627,other
source_file/8BPE,I,MET108,I,GLY107,2.2493093,h_bond
source_file/8BPE,I,MET108,I,MET108,0.0,h_bond
source_file/8BPE,I,MET108,I,GLY107,1.3400054,other
source_file/8BPE,I,MET108,I,GLY107,2.4144704,other
source_file/8BPE,I,MET108,I,MET108,2.4687903,other
source_file/8BPE,I,MET108,I,ASN109,2.8989186,h_bond
source_file/8BPE,I,MET108,I,MET108,2.5428555,hydrophobic
source_file/8BPE,I,MET108,I,MET108,1.5291086,hydrophobic
source_file/8BPE,I,MET108,I,MET108,0.0,hydrophobic
source_file/8BPE,I,MET108,I,GLY107,2.7547884,other
source_file/8BPE,I,MET108,I,MET108,1.4866627,other
source_file/8BPE,I,MET108,I,GLY107,2.4510293,hydrophobic
source_file/8BPE,I,MET108,I,MET108,2.3778374,other
source_file/8BPE,I,MET108,I,MET108,1.5306653,hydrophobic
source_file/8BPE,I,MET108,I,ASN109,2.4559183,other
source_file/8BPE,I,MET108,I,MET108,2.5071993,hydrophobic
source_file/8BPE,I,MET108,I,MET108,1.5306653,hydrophobic
source_file/8BPE,I,MET108,I,MET108,2.4687903,other
source_file/8BPE,I,MET108,I,MET108,1.2408633,other
source_file/8BPE,I,MET108,I,MET108,0.0,hydrophobic
source_file/8BPE,I,MET108,I,ASN109,1.3361539,other
source_file/8BPE,I,MET108,I,ASN109,2.4853165,hydrophobic
source_file/8BPE,I,MET108,I,MET108,2.6570327,other
source_file/8BPE,I,MET108,I,MET108,2.3778374,other
source_file/8BPE,I,MET108,I,MET108,0.0,h_bond
source_file/8BPE,I,MET108,I,MET108,1.2408633,other
source_file/8BPE,I,MET108,I,ASN109,2.2806978,h_bond
source_file/8BPE,I,MET108,I,ASN109,2.862592,other
source_file/8BPE,I,MET108,I,MET108,2.7770243,hydrophobic
source_file/8BPE,I,MET108,I,MET108,1.5165415,hydrophobic
source_file/8BPE,I,MET108,I,MET108,0.0,hydrophobic
source_file/8BPE,I,MET108,I,MET108,1.5291086,hydrophobic
source_file/8BPE,I,MET108,I,MET108,2.4786444,other
source_file/8BPE,I,MET108,I,MET108,2.6570327,other
source_file/8BPE,I,MET108,I,MET108,2.5071993,hydrophobic
source_file/8BPE,I,MET108,I,MET108,2.7739422,hydrophobic
source_file/8BPE,I,MET108,I,MET108,1.8104801,hydrophobic
source_file/8BPE,I,MET108,I,MET108,0.0,hydrophobic
source_file/8BPE,I,MET108,I,MET108,1.5165415,hydrophobic
source_file/8BPE,I,MET108,I,MET108,2.5428555,hydrophobic
source_file/8BPE,I,MET108,I,MET108,1.7919174,hydrophobic
source_file/8BPE,I,MET108,I,MET108,0.0,hydrophobic
source_file/8BPE,I,MET108,I,MET108,1.8104801,hydrophobic
source_file/8BPE,I,MET108,I,MET108,2.7770243,hydrophobic
source_file/8BPE,I,MET108,I,MET108,0.0,hydrophobic
source_file/8BPE,I,MET108,I,MET108,1.7919174,hydrophobic
source_file/8BPE,I,MET108,I,MET108,2.7739422,hydrophobic
source_file/8BPE,I,ASN109,I,MET108,2.4559183,other
source_file/8BPE,I,ASN109,I,MET108,2.8989186,h_bond
source_file/8BPE,I,ASN109,I,MET108,2.2806978,h_bond
source_file/8BPE,I,ASN109,I,MET108,1.3361539,other
source_file/8BPE,I,ASN109,I,ASN109,0.0,h_bond
source_file/8BPE,I,ASN109,I,ASN109,1.4891748,other
source_file/8BPE,I,ASN109,I,ASN109,2.4091992,other
source_file/8BPE,I,ASN109,I,ASN109,2.509276,other
source_file/8BPE,I,ASN109,I,MET108,2.862592,other
source_file/8BPE,I,ASN109,I,MET108,2.4853165,hydrophobic
source_file/8BPE,I,ASN109,I,ASN109,1.4891748,other
source_file/8BPE,I,ASN109,I,THR110,2.461298,other
source_file/8BPE,I,ASN109,I,ASN109,0.0,hydrophobic
source_file/8BPE,I,ASN109,I,ASN109,2.7665265,other
source_file/8BPE,I,ASN109,I,ASN109,1.5302527,hydrophobic
source_file/8BPE,I,ASN109,I,ASN109,1.5282757,hydrophobic
source_file/8BPE,I,ASN109,I,ASN109,2.5403845,hydrophobic
source_file/8BPE,I,ASN109,I,ASN109,2.3759353,other
source_file/8BPE,I,ASN109,I,ASN109,2.4091992,other
source_file/8BPE,I,ASN109,I,THR110,1.3366535,other
source_file/8BPE,I,ASN109,I,ASN109,1.5302527,hydrophobic
source_file/8BPE,I,ASN109,I,THR110,2.4666922,hydrophobic
source_file/8BPE,I,ASN109,I,ASN109,0.0,hydrophobic
source_file/8BPE,I,ASN109,I,ASN109,2.5659838,hydrophobic
source_file/8BPE,I,ASN109,I,THR110,2.9461792,hydrophobic
source_file/8BPE,I,ASN109,I,ASN109,1.2398231,other
source_file/8BPE,I,ASN109,I,THR110,2.2763484,h_bond
source_file/8BPE,I,ASN109,I,ASN109,2.3759353,other
source_file/8BPE,I,ASN109,I,THR110,2.820755,other
source_file/8BPE,I,ASN109,I,ASN109,1.2398231,other
source_file/8BPE,I,ASN109,I,ASN109,2.8848822,other
source_file/8BPE,I,ASN109,I,THR110,2.7883554,other
source_file/8BPE,I,ASN109,I,ASN109,0.0,h_bond
source_file/8BPE,I,ASN109,I,ASP111,2.8456025,h_bond
source_file/8BPE,I,ASN109,I,ASN109,2.509276,other
source_file/8BPE,I,ASN109,I,ASN109,1.5282757,hydrophobic
source_file/8BPE,I,ASN109,I,ASN109,2.3860464,other
source_file/8BPE,I,ASN109,I,ASN109,2.5659838,hydrophobic
source_file/8BPE,I,ASN109,I,ASN109,0.0,hydrophobic
source_file/8BPE,I,ASN109,I,ASN109,1.5129242,hydrophobic
source_file/8BPE,I,ASN109,I,ASN109,2.8848822,other
source_file/8BPE,I,ASN109,I,ASN109,2.4168565,other
source_file/8BPE,I,ASN109,I,ASN109,2.5403845,hydrophobic
source_file/8BPE,I,ASN109,I,ASN109,1.2278318,other
source_file/8BPE,I,ASN109,I,ASN109,1.5129242,hydrophobic
source_file/8BPE,I,ASN109,I,ASN109,0.0,hydrophobic
source_file/8BPE,I,ASN109,I,ASN109,1.3234745,other
source_file/8BPE,I,ASN109,I,ASP111,2.9905837,other
source_file/8BPE,I,ASN109,I,ASN109,2.7665265,other
source_file/8BPE,I,ASN109,I,ASN109,0.0,h_bond
source_file/8BPE,I,ASN109,I,ASN109,2.3860464,other
source_file/8BPE,I,ASN109,I,ASN109,1.2278318,other
source_file/8BPE,I,ASN109,I,ASN109,2.238115,h_bond
source_file/8BPE,I,ASN109,I,ASP111,2.9680748,h_bond
source_file/8BPE,I,ASN109,I,ASN109,2.238115,h_bond
source_file/8BPE,I,ASN109,I,ASN109,2.4168565,other
source_file/8BPE,I,ASN109,I,ASN109,1.3234745,other
source_file/8BPE,I,ASN109,I,ASN109,0.0,h_bond
source_file/8BPE,I,THR110,I,THR110,2.9593732,h_bond
source_file/8BPE,I,THR110,I,THR110,2.4844992,other
source_file/8BPE,I,THR110,I,THR110,0.0,h_bond
source_file/8BPE,I,THR110,I,ASN109,2.461298,other
source_file/8BPE,I,THR110,I,THR110,1.4899377,other
source_file/8BPE,I,THR110,I,ASN109,1.3366535,other
source_file/8BPE,I,THR110,I,THR110,2.481057,other
source_file/8BPE,I,THR110,I,ASP111,2.844863,h_bond
source_file/8BPE,I,THR110,I,ASN109,2.2763484,h_bond
source_file/8BPE,I,THR110,I,THR110,2.379235,other
source_file/8BPE,I,THR110,I,THR110,1.5288155,hydrophobic
source_file/8BPE,I,THR110,I,THR110,2.5390036,hydrophobic
source_file/8BPE,I,THR110,I,THR110,1.4899377,other
source_file/8BPE,I,THR110,I,THR110,0.0,hydrophobic
source_file/8BPE,I,THR110,I,ASN109,2.4666922,hydrophobic
source_file/8BPE,I,THR110,I,THR110,1.526944,hydrophobic
source_file/8BPE,I,THR110,I,ASP111,2.4529474,other
source_file/8BPE,I,THR110,I,ASN109,2.820755,other
source_file/8BPE,I,THR110,I,THR110,2.3759367,other
source_file/8BPE,I,THR110,I,THR110,2.5260727,hydrophobic
source_file/8BPE,I,THR110,I,THR110,2.881595,hydrophobic
source_file/8BPE,I,THR110,I,THR110,2.481057,other
source_file/8BPE,I,THR110,I,THR110,1.526944,hydrophobic
source_file/8BPE,I,THR110,I,ASN109,2.9461792,hydrophobic
source_file/8BPE,I,THR110,I,THR110,0.0,hydrophobic
source_file/8BPE,I,THR110,I,ASP111,1.3311814,other
source_file/8BPE,I,THR110,I,ASN109,2.7883554,other
source_file/8BPE,I,THR110,I,THR110,1.2402335,other
source_file/8BPE,I,THR110,I,ASP111,2.441287,hydrophobic
source_file/8BPE,I,THR110,I,THR110,2.3759367,other
source_file/8BPE,I,THR110,I,THR110,1.2402335,other
source_file/8BPE,I,THR110,I,ASP111,2.2703018,h_bond
source_file/8BPE,I,THR110,I,THR110,0.0,h_bond
source_file/8BPE,I,THR110,I,TYR47,2.5470002,h_bond
source_file/8BPE,I,THR110,I,ASP111,2.7833745,other
source_file/8BPE,I,THR110,I,THR110,1.4274727,other
source_file/8BPE,I,THR110,I,THR110,0.0,hydrophobic
source_file/8BPE,I,THR110,I,THR110,1.510101,hydrophobic
source_file/8BPE,I,THR110,I,THR110,2.4844992,other
source_file/8BPE,I,THR110,I,THR110,1.5288155,hydrophobic
source_file/8BPE,I,THR110,I,THR110,2.5260727,hydrophobic
source_file/8BPE,I,THR110,I,ARG45,2.94775,h_bond
source_file/8BPE,I,THR110,I,THR60,2.8502247,h_bond
source_file/8BPE,I,THR110,I,THR110,0.0,h_bond
source_file/8BPE,I,THR110,I,THR110,1.4274727,other
source_file/8BPE,I,THR110,I,THR110,2.3996677,other
source_file/8BPE,I,THR110,I,THR110,2.9593732,h_bond
source_file/8BPE,I,THR110,I,THR110,2.379235,other
source_file/8BPE,I,THR110,I,THR110,2.3996677,other
source_file/8BPE,I,THR110,I,THR110,1.510101,hydrophobic
source_file/8BPE,I,THR110,I,THR110,0.0,hydrophobic
source_file/8BPE,I,THR110,I,THR110,2.5390036,hydrophobic
source_file/8BPE,I,THR110,I,THR110,2.881595,hydrophobic
source_file/8BPE,I,ASP111,I,THR110,2.844863,h_bond
source_file/8BPE,I,ASP111,I,THR110,2.4529474,other
source_file/8BPE,I,ASP111,I,THR110,1.3311814,other
source_file/8BPE,I,ASP111,I,ASP111,0.0,h_bond
source_file/8BPE,I,ASP111,I,THR110,2.2703018,h_bond
source_file/8BPE,I,ASP111,I,ASP111,2.6349106,h_bond
source_file/8BPE,I,ASP111,I,ASP111,2.4224148,other
source_file/8BPE,I,ASP111,I,ASP111,2.4854386,other
source_file/8BPE,I,ASP111,I,ASP111,1.4858618,other
source_file/8BPE,I,ASP111,I,THR110,2.441287,hydrophobic
source_file/8BPE,I,ASP111,I,ASP111,1.4858618,other
source_file/8BPE,I,ASP111,I,THR110,2.7833745,other
source_file/8BPE,I,ASP111,I,ASP111,2.3628824,other
source_file/8BPE,I,ASP111,I,ASP111,1.5293081,hydrophobic
source_file/8BPE,I,ASP111,I,ARG112,2.4608266,other
source_file/8BPE,I,ASP111,I,ASP111,2.5443714,hydrophobic
source_file/8BPE,I,ASP111,I,ASP111,1.527849,hydrophobic
source_file/8BPE,I,ASP111,I,ASP111,0.0,hydrophobic
source_file/8BPE,I,ASP111,I,ASP111,2.4224148,other
source_file/8BPE,I,ASP111,I,ASP111,1.2388911,other
source_file/8BPE,I,ASP111,I,ASP111,0.0,hydrophobic
source_file/8BPE,I,ASP111,I,ARG112,1.3400577,other
source_file/8BPE,I,ASP111,I,ASP111,2.5431466,hydrophobic
source_file/8BPE,I,ASP111,I,ASP111,1.5293081,hydrophobic
source_file/8BPE,I,ASP111,I,ARG112,2.9699667,hydrophobic
source_file/8BPE,I,ASP111,I,ARG112,2.4936447,hydrophobic
source_file/8BPE,I,ASP111,I,ASN109,2.9680748,h_bond
source_file/8BPE,I,ASP111,I,ASN109,2.9905837,other
source_file/8BPE,I,ASP111,I,ASP111,2.6349106,h_bond
source_file/8BPE,I,ASP111,I,ASN109,2.8456025,h_bond
source_file/8BPE,I,ASP111,I,ASP111,0.0,h_bond
source_file/8BPE,I,ASP111,I,ASP111,1.2388911,other
source_file/8BPE,I,ASP111,I,ARG112,2.290372,h_bond
source_file/8BPE,I,ASP111,I,ASP111,2.3628824,other
source_file/8BPE,I,ASP111,I,ARG112,2.808316,other
source_file/8BPE,I,ASP111,I,ARG112,2.8821576,other
source_file/8BPE,I,ASP111,I,ASP111,2.3740888,other
source_file/8BPE,I,ASP111,I,ASP111,2.4854386,other
source_file/8BPE,I,ASP111,I,ASP111,2.5431466,hydrophobic
source_file/8BPE,I,ASP111,I,ASP111,1.5180541,hydrophobic
source_file/8BPE,I,ASP111,I,ASP111,2.3694565,other
source_file/8BPE,I,ASP111,I,ASP111,0.0,hydrophobic
source_file/8BPE,I,ASP111,I,ASP111,1.527849,hydrophobic
source_file/8BPE,I,ASP111,I,ASP111,1.2461338,other
source_file/8BPE,I,ASP111,I,ASP111,0.0,hydrophobic
source_file/8BPE,I,ASP111,I,ASP111,1.2424923,other
source_file/8BPE,I,ASP111,I,ASP111,1.5180541,hydrophobic
source_file/8BPE,I,ASP111,I,ASP111,2.5443714,hydrophobic
source_file/8BPE,I,ASP111,I,ASP111,0.0,h_bond
source_file/8BPE,I,ASP111,I,ASP111,1.2461338,other
source_file/8BPE,I,ASP111,I,ASP111,2.1976929,h_bond
source_file/8BPE,I,ASP111,I,ASP111,2.3740888,other
source_file/8BPE,I,ASP111,I,ASP111,2.1976929,h_bond
source_file/8BPE,I,ASP111,I,ASP111,1.2424923,other
source_file/8BPE,I,ASP111,I,ASP111,0.0,h_bond
source_file/8BPE,I,ASP111,I,ASP111,2.3694565,other
source_file/8BPE,I,ARG112,I,ASP111,2.290372,h_bond
source_file/8BPE,I,ARG112,I,ASP111,1.3400577,other
source_file/8BPE,I,ARG112,I,ARG112,0.0,h_bond
source_file/8BPE,I,ARG112,I,GLY113,2.6816783,h_bond
source_file/8BPE,I,ARG112,I,ASP111,2.4608266,other
source_file/8BPE,I,ARG112,I,ARG112,2.5208673,other
source_file/8BPE,I,ARG112,I,ARG112,2.4804573,other
source_file/8BPE,I,ARG112,I,ARG112,1.4937273,other
source_file/8BPE,I,ARG112,I,ASP111,2.8821576,other
source_file/8BPE,I,ARG112,I,ASP111,2.4936447,hydrophobic
source_file/8BPE,I,ARG112,I,ARG112,1.4937273,other
source_file/8BPE,I,ARG112,I,GLY113,2.4633949,other
source_file/8BPE,I,ARG112,I,ARG112,2.386529,other
source_file/8BPE,I,ARG112,I,ARG112,1.5340742,hydrophobic
source_file/8BPE,I,ARG112,I,ARG112,2.5705128,hydrophobic
source_file/8BPE,I,ARG112,I,ARG112,1.5356996,hydrophobic
source_file/8BPE,I,ARG112,I,ARG112,0.0,hydrophobic
source_file/8BPE,I,ARG112,I,GLY113,2.4487543,hydrophobic
source_file/8BPE,I,ARG112,I,ARG112,2.4804573,other
source_file/8BPE,I,ARG112,I,GLY113,1.3371694,other
source_file/8BPE,I,ARG112,I,ARG112,1.2455468,other
source_file/8BPE,I,ARG112,I,ARG112,2.5257514,hydrophobic
source_file/8BPE,I,ARG112,I,ARG112,0.0,hydrophobic
source_file/8BPE,I,ARG112,I,ARG112,1.5356996,hydrophobic
source_file/8BPE,I,ARG112,I,GLY113,2.8078833,other
source_file/8BPE,I,ARG112,I,GLY113,2.283638,h_bond
source_file/8BPE,I,ARG112,I,ARG112,0.0,h_bond
source_file/8BPE,I,ARG112,I,ARG112,2.9615374,other
source_file/8BPE,I,ARG112,I,ARG112,1.2455468,other
source_file/8BPE,I,ARG112,I,ARG112,2.386529,other
source_file/8BPE,I,ARG112,I,ASP111,2.808316,other
source_file/8BPE,I,ARG112,I,ASP111,2.9699667,hydrophobic
source_file/8BPE,I,ARG112,I,ARG112,2.5208673,other
source_file/8BPE,I,ARG112,I,ARG112,2.9615374,other
source_file/8BPE,I,ARG112,I,ARG112,2.5012784,hydrophobic
source_file/8BPE,I,ARG112,I,ARG112,0.0,hydrophobic
source_file/8BPE,I,ARG112,I,ARG112,1.520577,hydrophobic
source_file/8BPE,I,ARG112,I,ARG112,2.5257514,hydrophobic
source_file/8BPE,I,ARG112,I,ARG112,2.852757,other
source_file/8BPE,I,ARG112,I,ARG112,1.5340742,hydrophobic
source_file/8BPE,I,ARG112,I,ARG112,1.5166866,hydrophobic
source_file/8BPE,I,ARG112,I,ARG112,1.520577,hydrophobic
source_file/8BPE,I,ARG112,I,ARG112,0.0,hydrophobic
source_file/8BPE,I,ARG112,I,ARG112,2.4630728,other
source_file/8BPE,I,ARG112,I,ARG112,2.5705128,hydrophobic
source_file/8BPE,I,ARG112,I,ARG112,2.8233185,other
source_file/8BPE,I,ARG112,I,ARG112,0.0,hydrophobic
source_file/8BPE,I,ARG112,I,ARG112,2.5012784,hydrophobic
source_file/8BPE,I,ARG112,I,ARG112,2.4648335,hydrophobic
source_file/8BPE,I,ARG112,I,ARG112,1.5166866,hydrophobic
source_file/8BPE,I,ARG112,I,ARG112,1.4563792,other
source_file/8BPE,I,ARG112,I,ARG112,2.2935677,h_bond
source_file/8BPE,I,ARG112,I,ARG112,1.4563792,other
source_file/8BPE,I,ARG112,I,ARG112,2.852757,other
source_file/8BPE,I,ARG112,I,ARG112,1.3275276,other
source_file/8BPE,I,ARG112,I,ARG112,2.4630728,other
source_file/8BPE,I,ARG112,I,ARG112,0.0,h_bond
source_file/8BPE,I,ARG112,I,ARG112,2.2951381,h_bond
source_file/8BPE,I,ARG112,I,ARG112,1.3207982,other
source_file/8BPE,I,ARG112,I,ARG112,2.4648335,hydrophobic
source_file/8BPE,I,ARG112,I,ARG112,0.0,hydrophobic
source_file/8BPE,I,ARG112,I,ARG112,1.3275276,other
source_file/8BPE,I,ARG112,I,ARG112,1.3219589,other
source_file/8BPE,I,ARG112,I,ARG112,0.0,h_bond
source_file/8BPE,I,ARG112,I,ARG112,2.8233185,other
source_file/8BPE,I,ARG112,I,ARG112,1.3207982,other
source_file/8BPE,I,ARG112,I,ARG112,2.2935677,h_bond
source_file/8BPE,I,ARG112,I,ARG112,2.2880278,h_bond
source_file/8BPE,I,ARG112,I,ARG112,2.2880278,h_bond
source_file/8BPE,I,ARG112,I,ARG112,1.3219589,other
source_file/8BPE,I,ARG112,I,ARG112,2.2951381,h_bond
source_file/8BPE,I,ARG112,I,ARG112,0.0,h_bond
source_file/8BPE,I,GLY113,I,GLY113,1.4757081,other
source_file/8BPE,I,GLY113,I,ARG112,2.6816783,h_bond
source_file/8BPE,I,GLY113,I,GLY113,0.0,h_bond
source_file/8BPE,I,GLY113,I,GLY113,2.486565,other
source_file/8BPE,I,GLY113,I,LYS114,2.7261424,h_bond
source_file/8BPE,I,GLY113,I,ARG112,2.283638,h_bond
source_file/8BPE,I,GLY113,I,ARG112,1.3371694,other
source_file/8BPE,I,GLY113,I,ARG112,2.4633949,other
source_file/8BPE,I,GLY113,I,GLY113,0.0,hydrophobic
source_file/8BPE,I,GLY113,I,GLY113,2.3740094,other
source_file/8BPE,I,GLY113,I,GLY113,1.4757081,other
source_file/8BPE,I,GLY113,I,GLY113,1.5199232,hydrophobic
source_file/8BPE,I,GLY113,I,LYS114,2.4459157,other
source_file/8BPE,I,GLY113,I,ARG112,2.8078833,other
source_file/8BPE,I,GLY113,I,ARG112,2.4487543,hydrophobic
source_file/8BPE,I,GLY113,I,GLY113,1.5199232,hydrophobic
source_file/8BPE,I,GLY113,I,GLY113,1.244947,other
source_file/8BPE,I,GLY113,I,GLY113,2.486565,other
source_file/8BPE,I,GLY113,I,GLY113,0.0,hydrophobic
source_file/8BPE,I,GLY113,I,LYS114,1.334906,other
source_file/8BPE,I,GLY113,I,LYS114,2.4594712,hydrophobic
source_file/8BPE,I,GLY113,I,GLY113,2.3740094,other
source_file/8BPE,I,GLY113,I,GLY113,0.0,h_bond
source_file/8BPE,I,GLY113,I,GLY113,1.244947,other
source_file/8BPE,I,GLY113,I,LYS114,2.2808666,h_bond
source_file/8BPE,I,GLY113,I,LYS114,2.8173225,other
source_file/8BPE,I,LYS114,I,GLY113,2.4459157,other
source_file/8BPE,I,LYS114,I,GLY113,2.2808666,h_bond
source_file/8BPE,I,LYS114,I,GLY113,2.7261424,h_bond
source_file/8BPE,I,LYS114,I,GLY113,1.334906,other
source_file/8BPE,I,LYS114,I,LYS114,0.0,h_bond
source_file/8BPE,I,LYS114,I,LYS114,1.4871603,other
source_file/8BPE,I,LYS114,I,LYS114,2.4792514,other
source_file/8BPE,I,LYS114,I,LYS114,2.6741846,h_bond
source_file/8BPE,I,LYS114,I,LYS114,2.8860235,other
source_file/8BPE,I,LYS114,I,LYS114,2.4534836,other
source_file/8BPE,I,LYS114,I,GLY113,2.8173225,other
source_file/8BPE,I,LYS114,I,GLY113,2.4594712,hydrophobic
source_file/8BPE,I,LYS114,I,LYS114,1.4871603,other
source_file/8BPE,I,LYS114,I,LYS114,0.0,hydrophobic
source_file/8BPE,I,LYS114,I,LYS114,1.5341858,hydrophobic
source_file/8BPE,I,LYS114,I,THR115,2.4642591,other
source_file/8BPE,I,LYS114,I,LYS114,2.3854654,other
source_file/8BPE,I,LYS114,I,LYS114,2.5686128,hydrophobic
source_file/8BPE,I,LYS114,I,LYS114,1.529661,hydrophobic
source_file/8BPE,I,LYS114,I,THR115,2.4822912,hydrophobic
source_file/8BPE,I,LYS114,I,LYS114,2.4792514,other
source_file/8BPE,I,LYS114,I,LYS114,1.5341858,hydrophobic
source_file/8BPE,I,LYS114,I,LYS114,0.0,hydrophobic
source_file/8BPE,I,LYS114,I,THR115,1.3403834,other
source_file/8BPE,I,LYS114,I,LYS114,1.2444525,other
source_file/8BPE,I,LYS114,I,LYS114,2.5407882,hydrophobic
source_file/8BPE,I,LYS114,I,THR115,2.8481822,other
source_file/8BPE,I,LYS114,I,LYS114,2.6741846,h_bond
source_file/8BPE,I,LYS114,I,LYS114,2.3854654,other
source_file/8BPE,I,LYS114,I,LYS114,1.2444525,other
source_file/8BPE,I,LYS114,I,THR115,2.2849772,h_bond
source_file/8BPE,I,LYS114,I,LYS114,0.0,h_bond
source_file/8BPE,I,LYS114,I,LYS114,2.4534836,other
source_file/8BPE,I,LYS114,I,LYS114,1.529661,hydrophobic
source_file/8BPE,I,LYS114,I,LYS114,2.5407882,hydrophobic
source_file/8BPE,I,LYS114,I,LYS114,1.5223318,hydrophobic
source_file/8BPE,I,LYS114,I,LYS114,2.537824,hydrophobic
source_file/8BPE,I,LYS114,I,LYS114,0.0,hydrophobic
source_file/8BPE,I,LYS114,I,LYS114,2.5187402,hydrophobic
source_file/8BPE,I,LYS114,I,LYS114,2.8860235,other
source_file/8BPE,I,LYS114,I,LYS114,2.5686128,hydrophobic
source_file/8BPE,I,LYS114,I,LYS114,0.0,hydrophobic
source_file/8BPE,I,LYS114,I,LYS114,1.5105988,hydrophobic
source_file/8BPE,I,LYS114,I,LYS114,1.5223318,hydrophobic
source_file/8BPE,I,LYS114,I,LYS114,1.5133373,hydrophobic
source_file/8BPE,I,LYS114,I,LYS114,2.4795935,other
source_file/8BPE,I,LYS114,I,LYS114,1.5105988,hydrophobic
source_file/8BPE,I,LYS114,I,LYS114,0.0,hydrophobic
source_file/8BPE,I,LYS114,I,LYS114,2.537824,hydrophobic
source_file/8BPE,I,LYS114,I,LYS114,0.0,hydrophobic
source_file/8BPE,I,LYS114,I,LYS114,1.4813548,other
source_file/8BPE,I,LYS114,I,LYS114,2.5187402,hydrophobic
source_file/8BPE,I,LYS114,I,LYS114,1.5133373,hydrophobic
source_file/8BPE,I,LYS114,I,LYS114,1.4813548,other
source_file/8BPE,I,LYS114,I,LYS114,0.0,h_bond
source_file/8BPE,I,LYS114,I,LYS114,2.4795935,other
source_file/8BPE,I,THR115,I,THR115,2.8978841,h_bond
source_file/8BPE,I,THR115,I,THR115,2.5127017,other
source_file/8BPE,I,THR115,I,THR115,1.4916508,other
source_file/8BPE,I,THR115,I,THR115,2.481932,other
source_file/8BPE,I,THR115,I,LYS114,2.4642591,other
source_file/8BPE,I,THR115,I,LYS114,1.3403834,other
source_file/8BPE,I,THR115,I,THR115,0.0,h_bond
source_file/8BPE,I,THR115,I,LYS114,2.2849772,h_bond
source_file/8BPE,I,THR115,I,CYS104,2.641821,h_bond
source_file/8BPE,I,THR115,I,GLN116,2.6829917,h_bond
source_file/8BPE,I,THR115,I,THR115,2.3965776,other
source_file/8BPE,I,THR115,I,THR115,2.5473986,hydrophobic
source_file/8BPE,I,THR115,I,THR115,1.53465,hydrophobic
source_file/8BPE,I,THR115,I,THR115,0.0,hydrophobic
source_file/8BPE,I,THR115,I,THR115,1.5307871,hydrophobic
source_file/8BPE,I,THR115,I,THR115,2.3802216,other
source_file/8BPE,I,THR115,I,LYS114,2.4822912,hydrophobic
source_file/8BPE,I,THR115,I,THR115,1.4916508,other
source_file/8BPE,I,THR115,I,LYS114,2.8481822,other
source_file/8BPE,I,THR115,I,GLN116,2.4553695,other
source_file/8BPE,I,THR115,I,THR115,2.8452928,other
source_file/8BPE,I,THR115,I,THR115,2.4882722,hydrophobic
source_file/8BPE,I,THR115,I,THR115,1.5307871,hydrophobic
source_file/8BPE,I,THR115,I,THR115,0.0,hydrophobic
source_file/8BPE,I,THR115,I,THR115,1.2418607,other
source_file/8BPE,I,THR115,I,THR115,2.481932,other
source_file/8BPE,I,THR115,I,GLN116,1.333126,other
source_file/8BPE,I,THR115,I,GLN116,2.4286194,hydrophobic
source_file/8BPE,I,THR115,I,THR115,2.8717418,other
source_file/8BPE,I,THR115,I,THR115,2.3802216,other
source_file/8BPE,I,THR115,I,THR115,1.2418607,other
source_file/8BPE,I,THR115,I,THR115,0.0,h_bond
source_file/8BPE,I,THR115,I,GLN116,2.2760262,h_bond
source_file/8BPE,I,THR115,I,GLN116,2.7919562,other
source_file/8BPE,I,THR115,I,THR115,1.4277849,other
source_file/8BPE,I,THR115,I,THR115,1.5126852,hydrophobic
source_file/8BPE,I,THR115,I,THR115,0.0,hydrophobic
source_file/8BPE,I,THR115,I,THR115,1.53465,hydrophobic
source_file/8BPE,I,THR115,I,THR115,2.4882722,hydrophobic
source_file/8BPE,I,THR115,I,THR115,2.8717418,other
source_file/8BPE,I,THR115,I,THR115,2.5127017,other
source_file/8BPE,I,THR115,I,THR115,0.0,h_bond
source_file/8BPE,I,THR115,I,THR115,2.41037,other
source_file/8BPE,I,THR115,I,THR115,1.4277849,other
source_file/8BPE,I,THR115,I,THR115,2.3965776,other
source_file/8BPE,I,THR115,I,THR115,2.8452928,other
source_file/8BPE,I,THR115,I,THR115,2.8978841,h_bond
source_file/8BPE,I,THR115,I,THR115,2.41037,other
source_file/8BPE,I,THR115,I,THR115,0.0,hydrophobic
source_file/8BPE,I,THR115,I,THR115,1.5126852,hydrophobic
source_file/8BPE,I,THR115,I,THR115,2.5473986,hydrophobic
source_file/8BPE,I,GLN116,I,THR115,2.4553695,other
source_file/8BPE,I,GLN116,I,THR115,1.333126,other
source_file/8BPE,I,GLN116,I,THR115,2.2760262,h_bond
source_file/8BPE,I,GLN116,I,THR115,2.6829917,h_bond
source_file/8BPE,I,GLN116,I,GLN116,0.0,h_bond
source_file/8BPE,I,GLN116,I,GLN116,2.417022,other
source_file/8BPE,I,GLN116,I,GLN116,2.4718437,other
source_file/8BPE,I,GLN116,I,GLN116,1.455498,other
source_file/8BPE,I,GLN116,I,GLN116,2.6701176,h_bond
source_file/8BPE,I,GLN116,I,THR115,2.4286194,hydrophobic
source_file/8BPE,I,GLN116,I,THR115,2.7919562,other
source_file/8BPE,I,GLN116,I,GLN116,1.455498,other
source_file/8BPE,I,GLN116,I,GLN116,1.5213833,hydrophobic
source_file/8BPE,I,GLN116,I,GLN116,1.5328703,hydrophobic
source_file/8BPE,I,GLN116,I,GLN116,0.0,hydrophobic
source_file/8BPE,I,GLN116,I,GLN116,2.5647693,hydrophobic
source_file/8BPE,I,GLN116,I,GLN116,2.4021468,other
source_file/8BPE,I,GLN116,I,LYS117,2.4164984,other
source_file/8BPE,I,GLN116,I,GLN116,2.417022,other
source_file/8BPE,I,GLN116,I,GLN116,0.0,hydrophobic
source_file/8BPE,I,GLN116,I,GLN116,2.5146961,hydrophobic
source_file/8BPE,I,GLN116,I,GLN116,1.5213833,hydrophobic
source_file/8BPE,I,GLN116,I,GLN116,1.2335044,other
source_file/8BPE,I,GLN116,I,LYS117,2.4578912,hydrophobic
source_file/8BPE,I,GLN116,I,LYS117,1.3327775,other
source_file/8BPE,I,GLN116,I,GLN116,2.6701176,h_bond
source_file/8BPE,I,GLN116,I,GLN116,1.2335044,other
source_file/8BPE,I,GLN116,I,GLN116,2.4021468,other
source_file/8BPE,I,GLN116,I,GLN116,0.0,h_bond
source_file/8BPE,I,GLN116,I,LYS117,2.8128448,other
source_file/8BPE,I,GLN116,I,LYS117,2.260449,h_bond
source_file/8BPE,I,GLN116,I,GLN116,2.4718437,other
source_file/8BPE,I,GLN116,I,GLN116,2.5146961,hydrophobic
source_file/8BPE,I,GLN116,I,GLN116,0.0,hydrophobic
source_file/8BPE,I,GLN116,I,GLN116,1.5328703,hydrophobic
source_file/8BPE,I,GLN116,I,GLN116,1.5202296,hydrophobic
source_file/8BPE,I,GLN116,I,GLN116,2.527091,hydrophobic
source_file/8BPE,I,GLN116,I,GLN116,1.5202296,hydrophobic
source_file/8BPE,I,GLN116,I,GLN116,2.5647693,hydrophobic
source_file/8BPE,I,GLN116,I,GLN116,0.0,hydrophobic
source_file/8BPE,I,GLN116,I,GLN116,2.4202278,other
source_file/8BPE,I,GLN116,I,GLN116,2.393195,other
source_file/8BPE,I,GLN116,I,GLN116,1.5160688,hydrophobic
source_file/8BPE,I,GLN116,I,GLN116,2.527091,hydrophobic
source_file/8BPE,I,GLN116,I,GLN116,1.5160688,hydrophobic
source_file/8BPE,I,GLN116,I,GLN116,1.3279171,other
source_file/8BPE,I,GLN116,I,GLN116,1.2307559,other
source_file/8BPE,I,GLN116,I,GLN116,0.0,hydrophobic
source_file/8BPE,I,GLN116,I,GLN116,2.393195,other
source_file/8BPE,I,GLN116,I,GLN116,2.2454073,h_bond
source_file/8BPE,I,GLN116,I,GLN116,0.0,h_bond
source_file/8BPE,I,GLN116,I,GLN116,1.2307559,other
source_file/8BPE,I,GLN116,I,GLN116,2.4202278,other
source_file/8BPE,I,GLN116,I,GLN116,0.0,h_bond
source_file/8BPE,I,GLN116,I,GLN116,2.2454073,h_bond
source_file/8BPE,I,GLN116,I,GLN116,1.3279171,other
source_file/8BPE,I,LYS117,I,GLN116,1.3327775,other
source_file/8BPE,I,LYS117,I,GLN116,2.4164984,other
source_file/8BPE,I,LYS117,I,GLN116,2.260449,h_bond
source_file/8BPE,I,LYS117,I,LYS117,1.4668407,other
source_file/8BPE,I,LYS117,I,LYS117,0.0,h_bond
source_file/8BPE,I,LYS117,I,LYS117,2.4724853,other
source_file/8BPE,I,LYS117,I,LYS117,2.414056,other
source_file/8BPE,I,LYS117,I,GLN116,2.4578912,hydrophobic
source_file/8BPE,I,LYS117,I,GLN116,2.8128448,other
source_file/8BPE,I,LYS117,I,LYS117,0.0,hydrophobic
source_file/8BPE,I,LYS117,I,LYS117,2.5593576,hydrophobic
source_file/8BPE,I,LYS117,I,LYS117,1.4668407,other
source_file/8BPE,I,LYS117,I,LYS117,1.5237619,hydrophobic
source_file/8BPE,I,LYS117,I,VAL118,2.425834,other
source_file/8BPE,I,LYS117,I,LYS117,1.5282991,hydrophobic
source_file/8BPE,I,LYS117,I,LYS117,2.4060433,other
source_file/8BPE,I,LYS117,I,LYS117,1.5282991,hydrophobic
source_file/8BPE,I,LYS117,I,LYS117,2.414056,other
source_file/8BPE,I,LYS117,I,LYS117,2.5277772,hydrophobic
source_file/8BPE,I,LYS117,I,VAL118,2.4348934,hydrophobic
source_file/8BPE,I,LYS117,I,VAL118,1.3278438,other
source_file/8BPE,I,LYS117,I,LYS117,0.0,hydrophobic
source_file/8BPE,I,LYS117,I,LYS117,1.2337676,other
source_file/8BPE,I,LYS117,I,LYS117,2.4060433,other
source_file/8BPE,I,LYS117,I,LYS117,2.852962,other
source_file/8BPE,I,LYS117,I,VAL118,2.7830873,other
source_file/8BPE,I,LYS117,I,VAL118,2.2526226,h_bond
source_file/8BPE,I,LYS117,I,LYS117,1.2337676,other
source_file/8BPE,I,LYS117,I,LYS117,0.0,h_bond
source_file/8BPE,I,LYS117,I,LYS117,1.5237619,hydrophobic
source_file/8BPE,I,LYS117,I,LYS117,1.5206686,hydrophobic
source_file/8BPE,I,LYS117,I,LYS117,2.4724853,other
source_file/8BPE,I,LYS117,I,LYS117,2.5152676,hydrophobic
source_file/8BPE,I,LYS117,I,LYS117,0.0,hydrophobic
source_file/8BPE,I,LYS117,I,LYS117,2.5277772,hydrophobic
source_file/8BPE,I,LYS117,I,LYS117,2.852962,other
source_file/8BPE,I,LYS117,I,LYS117,2.5593576,hydrophobic
source_file/8BPE,I,LYS117,I,LYS117,0.0,hydrophobic
source_file/8BPE,I,LYS117,I,LYS117,1.5201972,hydrophobic
source_file/8BPE,I,LYS117,I,LYS117,1.5206686,hydrophobic
source_file/8BPE,I,LYS117,I,LYS117,2.5119903,hydrophobic
source_file/8BPE,I,LYS117,I,LYS117,1.5201972,hydrophobic
source_file/8BPE,I,LYS117,I,LYS117,0.0,hydrophobic
source_file/8BPE,I,LYS117,I,LYS117,2.5152676,hydrophobic
source_file/8BPE,I,LYS117,I,LYS117,1.5197153,hydrophobic
source_file/8BPE,I,LYS117,I,LYS117,2.4925938,other
source_file/8BPE,I,LYS117,I,LYS117,2.5119903,hydrophobic
source_file/8BPE,I,LYS117,I,LYS117,1.5197153,hydrophobic
source_file/8BPE,I,LYS117,I,LYS117,0.0,hydrophobic
source_file/8BPE,I,LYS117,I,LYS117,1.4896144,other
source_file/8BPE,I,LYS117,I,LYS117,2.4925938,other
source_file/8BPE,I,LYS117,I,LYS117,1.4896144,other
source_file/8BPE,I,LYS117,I,LYS117,0.0,h_bond
source_file/8BPE,I,VAL118,I,LYS117,2.425834,other
source_file/8BPE,I,VAL118,I,VAL118,2.4776523,other
source_file/8BPE,I,VAL118,I,VAL118,1.4524504,other
source_file/8BPE,I,VAL118,I,VAL118,0.0,h_bond
source_file/8BPE,I,VAL118,I,LYS117,1.3278438,other
source_file/8BPE,I,VAL118,I,TYR102,2.7262795,h_bond
source_file/8BPE,I,VAL118,I,VAL118,2.7408612,h_bond
source_file/8BPE,I,VAL118,I,VAL118,2.426158,other
source_file/8BPE,I,VAL118,I,LYS117,2.2526226,h_bond
source_file/8BPE,I,VAL118,I,VAL118,2.5144968,hydrophobic
source_file/8BPE,I,VAL118,I,VAL118,1.5476869,hydrophobic
source_file/8BPE,I,VAL118,I,VAL118,0.0,hydrophobic
source_file/8BPE,I,VAL118,I,VAL118,1.4524504,other
source_file/8BPE,I,VAL118,I,LYS117,2.4348934,hydrophobic
source_file/8BPE,I,VAL118,I,VAL118,2.5335598,hydrophobic
source_file/8BPE,I,VAL118,I,VAL118,2.4152813,other
source_file/8BPE,I,VAL118,I,VAL118,1.5236746,hydrophobic
source_file/8BPE,I,VAL118,I,THR119,2.4186425,other
source_file/8BPE,I,VAL118,I,LYS117,2.7830873,other
source_file/8BPE,I,VAL118,I,VAL118,2.942246,hydrophobic
source_file/8BPE,I,VAL118,I,VAL118,2.5407233,hydrophobic
source_file/8BPE,I,VAL118,I,VAL118,1.5236746,hydrophobic
source_file/8BPE,I,VAL118,I,VAL118,2.426158,other
source_file/8BPE,I,VAL118,I,VAL118,1.2332851,other
source_file/8BPE,I,VAL118,I,VAL118,0.0,hydrophobic
source_file/8BPE,I,VAL118,I,THR119,2.4485545,hydrophobic
source_file/8BPE,I,VAL118,I,THR119,1.3294787,other
source_file/8BPE,I,VAL118,I,VAL118,2.4152813,other
source_file/8BPE,I,VAL118,I,VAL118,2.7408612,h_bond
source_file/8BPE,I,VAL118,I,TYR102,2.5911107,h_bond
source_file/8BPE,I,VAL118,I,TYR102,2.7690191,h_bond
source_file/8BPE,I,VAL118,I,VAL118,0.0,h_bond
source_file/8BPE,I,VAL118,I,VAL118,1.2332851,other
source_file/8BPE,I,VAL118,I,THR119,2.7879224,other
source_file/8BPE,I,VAL118,I,THR119,2.244588,h_bond
source_file/8BPE,I,VAL118,I,VAL118,1.5113081,hydrophobic
source_file/8BPE,I,VAL118,I,VAL118,0.0,hydrophobic
source_file/8BPE,I,VAL118,I,VAL118,1.5476869,hydrophobic
source_file/8BPE,I,VAL118,I,VAL118,2.4776523,other
source_file/8BPE,I,VAL118,I,VAL118,1.5237212,hydrophobic
source_file/8BPE,I,VAL118,I,VAL118,2.5407233,hydrophobic
source_file/8BPE,I,VAL118,I,VAL118,0.0,hydrophobic
source_file/8BPE,I,VAL118,I,VAL118,1.5113081,hydrophobic
source_file/8BPE,I,VAL118,I,VAL118,2.5144968,hydrophobic
source_file/8BPE,I,VAL118,I,VAL118,2.5009415,hydrophobic
source_file/8BPE,I,VAL118,I,VAL118,2.942246,hydrophobic
source_file/8BPE,I,VAL118,I,VAL118,2.5009415,hydrophobic
source_file/8BPE,I,VAL118,I,VAL118,1.5237212,hydrophobic
source_file/8BPE,I,VAL118,I,VAL118,2.5335598,hydrophobic
source_file/8BPE,I,VAL118,I,VAL118,0.0,hydrophobic
source_file/8BPE,I,THR119,I,VAL118,2.4186425,other
source_file/8BPE,I,THR119,I,VAL118,2.244588,h_bond
source_file/8BPE,I,THR119,I,THR119,2.4292831,other
source_file/8BPE,I,THR119,I,THR119,2.7843645,h_bond
source_file/8BPE,I,THR119,I,VAL118,1.3294787,other
source_file/8BPE,I,THR119,I,THR119,1.4540312,other
source_file/8BPE,I,THR119,I,THR119,0.0,h_bond
source_file/8BPE,I,THR119,I,THR119,2.4644594,other
source_file/8BPE,I,THR119,I,THR119,2.8600926,h_bond
source_file/8BPE,I,THR119,I,LEU120,2.4258852,other
source_file/8BPE,I,THR119,I,VAL118,2.7879224,other
source_file/8BPE,I,THR119,I,THR119,1.5224245,hydrophobic
source_file/8BPE,I,THR119,I,THR119,2.3983006,other
source_file/8BPE,I,THR119,I,VAL118,2.4485545,hydrophobic
source_file/8BPE,I,THR119,I,THR119,0.0,hydrophobic
source_file/8BPE,I,THR119,I,THR119,1.4540312,other
source_file/8BPE,I,THR119,I,THR119,2.5174017,hydrophobic
source_file/8BPE,I,THR119,I,THR119,1.5350078,hydrophobic
source_file/8BPE,I,THR119,I,THR119,2.4244258,other
source_file/8BPE,I,THR119,I,LEU120,2.4491467,hydrophobic
source_file/8BPE,I,THR119,I,LEU120,1.3317084,other
source_file/8BPE,I,THR119,I,THR119,0.0,hydrophobic
source_file/8BPE,I,THR119,I,THR119,1.2339453,other
source_file/8BPE,I,THR119,I,THR119,1.5224245,hydrophobic
source_file/8BPE,I,THR119,I,THR119,2.4292831,other
source_file/8BPE,I,THR119,I,THR119,2.9653862,hydrophobic
source_file/8BPE,I,THR119,I,THR119,2.5071778,hydrophobic
source_file/8BPE,I,THR119,I,LEU120,2.802807,other
source_file/8BPE,I,THR119,I,LEU120,2.2569635,h_bond
source_file/8BPE,I,THR119,I,THR119,1.2339453,other
source_file/8BPE,I,THR119,I,THR119,0.0,h_bond
source_file/8BPE,I,THR119,I,THR119,2.3983006,other
source_file/8BPE,I,THR119,I,THR119,2.7843645,h_bond
source_file/8BPE,I,THR119,I,VAL25,2.7934608,h_bond
source_file/8BPE,I,THR119,I,THR119,2.5071778,hydrophobic
source_file/8BPE,I,THR119,I,THR119,1.5350078,hydrophobic
source_file/8BPE,I,THR119,I,THR119,2.4644594,other
source_file/8BPE,I,THR119,I,THR119,1.5215126,hydrophobic
source_file/8BPE,I,THR119,I,THR119,0.0,hydrophobic
source_file/8BPE,I,THR119,I,THR119,1.4324706,other
source_file/8BPE,I,THR119,I,THR119,2.4244258,other
source_file/8BPE,I,THR119,I,THR119,2.8600926,h_bond
source_file/8BPE,I,THR119,I,THR119,2.4056292,other
source_file/8BPE,I,THR119,I,THR119,1.4324706,other
source_file/8BPE,I,THR119,I,THR119,0.0,h_bond
source_file/8BPE,I,THR119,I,THR119,2.9653862,hydrophobic
source_file/8BPE,I,THR119,I,THR119,2.5174017,hydrophobic
source_file/8BPE,I,THR119,I,THR119,0.0,hydrophobic
source_file/8BPE,I,THR119,I,THR119,1.5215126,hydrophobic
source_file/8BPE,I,THR119,I,THR119,2.4056292,other
source_file/8BPE,I,LEU120,I,LEU120,2.4627912,other
source_file/8BPE,I,LEU120,I,LEU120,1.4567113,other
source_file/8BPE,I,LEU120,I,LEU120,2.856503,h_bond
source_file/8BPE,I,LEU120,I,LEU120,0.0,h_bond
source_file/8BPE,I,LEU120,I,THR119,1.3317084,other
source_file/8BPE,I,LEU120,I,THR119,2.2569635,h_bond
source_file/8BPE,I,LEU120,I,THR119,2.4258852,other
source_file/8BPE,I,LEU120,I,LEU120,2.4343832,other
source_file/8BPE,I,LEU120,I,GLY100,2.71106,h_bond
source_file/8BPE,I,LEU120,I,LEU120,2.5882082,hydrophobic
source_file/8BPE,I,LEU120,I,LEU120,1.5302446,hydrophobic
source_file/8BPE,I,LEU120,I,LEU120,0.0,hydrophobic
source_file/8BPE,I,LEU120,I,LEU120,2.3963459,other
source_file/8BPE,I,LEU120,I,LEU120,1.4567113,other
source_file/8BPE,I,LEU120,I,THR119,2.4491467,hydrophobic
source_file/8BPE,I,LEU120,I,THR119,2.802807,other
source_file/8BPE,I,LEU120,I,LEU120,1.5217446,hydrophobic
source_file/8BPE,I,LEU120,I,ASN121,2.4262578,other
source_file/8BPE,I,LEU120,I,LEU120,2.5026603,hydrophobic
source_file/8BPE,I,LEU120,I,LEU120,1.5217446,hydrophobic
source_file/8BPE,I,LEU120,I,LEU120,1.2354609,other
source_file/8BPE,I,LEU120,I,LEU120,2.4343832,other
source_file/8BPE,I,LEU120,I,LEU120,0.0,hydrophobic
source_file/8BPE,I,LEU120,I,ASN121,1.3314817,other
source_file/8BPE,I,LEU120,I,ASN121,2.4367235,hydrophobic
source_file/8BPE,I,LEU120,I,LEU120,2.3963459,other
source_file/8BPE,I,LEU120,I,LEU120,0.0,h_bond
source_file/8BPE,I,LEU120,I,LEU120,2.856503,h_bond
source_file/8BPE,I,LEU120,I,LEU120,1.2354609,other
source_file/8BPE,I,LEU120,I,GLY100,2.8033295,h_bond
source_file/8BPE,I,LEU120,I,ASN121,2.8297274,h_bond
source_file/8BPE,I,LEU120,I,ASN121,2.2595062,h_bond
source_file/8BPE,I,LEU120,I,ASN121,2.786168,other
source_file/8BPE,I,LEU120,I,LEU120,2.5065405,hydrophobic
source_file/8BPE,I,LEU120,I,LEU120,1.5292892,hydrophobic
source_file/8BPE,I,LEU120,I,LEU120,0.0,hydrophobic
source_file/8BPE,I,LEU120,I,LEU120,1.5302446,hydrophobic
source_file/8BPE,I,LEU120,I,LEU120,2.5006897,hydrophobic
source_file/8BPE,I,LEU120,I,LEU120,2.4627912,other
source_file/8BPE,I,LEU120,I,LEU120,2.5026603,hydrophobic
source_file/8BPE,I,LEU120,I,LEU120,1.5185983,hydrophobic
source_file/8BPE,I,LEU120,I,LEU120,0.0,hydrophobic
source_file/8BPE,I,LEU120,I,LEU120,1.5292892,hydrophobic
source_file/8BPE,I,LEU120,I,LEU120,2.5882082,hydrophobic
source_file/8BPE,I,LEU120,I,LEU120,1.5177242,hydrophobic
source_file/8BPE,I,LEU120,I,LEU120,2.4988377,hydrophobic
source_file/8BPE,I,LEU120,I,LEU120,1.5177242,hydrophobic
source_file/8BPE,I,LEU120,I,LEU120,2.5006897,hydrophobic
source_file/8BPE,I,LEU120,I,LEU120,0.0,hydrophobic
source_file/8BPE,I,LEU120,I,LEU120,0.0,hydrophobic
source_file/8BPE,I,LEU120,I,LEU120,1.5185983,hydrophobic
source_file/8BPE,I,LEU120,I,LEU120,2.5065405,hydrophobic
source_file/8BPE,I,LEU120,I,LEU120,2.4988377,hydrophobic
source_file/8BPE,I,ASN121,I,LEU120,2.4262578,other
source_file/8BPE,I,ASN121,I,LEU120,2.2595062,h_bond
source_file/8BPE,I,ASN121,I,ASN121,2.4235537,other
source_file/8BPE,I,ASN121,I,ASN121,2.7013521,h_bond
source_file/8BPE,I,ASN121,I,LEU120,1.3314817,other
source_file/8BPE,I,ASN121,I,ASN121,0.0,h_bond
source_file/8BPE,I,ASN121,I,ASN121,1.4549476,other
source_file/8BPE,I,ASN121,I,ASN121,2.4745657,other
source_file/8BPE,I,ASN121,I,ASN121,2.9988844,other
source_file/8BPE,I,ASN121,I,LEU120,2.786168,other
source_file/8BPE,I,ASN121,I,ASN121,1.5213954,hydrophobic
source_file/8BPE,I,ASN121,I,ASN121,2.405195,other
source_file/8BPE,I,ASN121,I,VAL122,2.4141772,other
source_file/8BPE,I,ASN121,I,LEU120,2.4367235,hydrophobic
source_file/8BPE,I,ASN121,I,ASN121,2.9926157,other
source_file/8BPE,I,ASN121,I,ASN121,1.4549476,other
source_file/8BPE,I,ASN121,I,ASN121,0.0,hydrophobic
source_file/8BPE,I,ASN121,I,ASN121,1.533472,hydrophobic
source_file/8BPE,I,ASN121,I,ASN121,2.537874,hydrophobic
source_file/8BPE,I,ASN121,I,VAL122,2.4463546,hydrophobic
source_file/8BPE,I,ASN121,I,ASN121,0.0,hydrophobic
source_file/8BPE,I,ASN121,I,ASN121,1.2335775,other
source_file/8BPE,I,ASN121,I,VAL122,1.3309044,other
source_file/8BPE,I,ASN121,I,ASN121,2.4235537,other
source_file/8BPE,I,ASN121,I,ASN121,1.5213954,hydrophobic
source_file/8BPE,I,ASN121,I,ASN121,2.5069406,hydrophobic
source_file/8BPE,I,ASN121,I,VAL122,2.7985833,other
source_file/8BPE,I,ASN121,I,ASN121,1.2335775,other
source_file/8BPE,I,ASN121,I,ASN121,0.0,h_bond
source_file/8BPE,I,ASN121,I,VAL122,2.256773,h_bond
source_file/8BPE,I,ASN121,I,GLY27,2.8177686,h_bond
source_file/8BPE,I,ASN121,I,ASN121,2.7013521,h_bond
source_file/8BPE,I,ASN121,I,ASN121,2.405195,other
source_file/8BPE,I,ASN121,I,ASN121,2.5069406,hydrophobic
source_file/8BPE,I,ASN121,I,ASN121,2.41933,other
source_file/8BPE,I,ASN121,I,ASN121,2.3926828,other
source_file/8BPE,I,ASN121,I,ASN121,2.4745657,other
source_file/8BPE,I,ASN121,I,ASN121,1.533472,hydrophobic
source_file/8BPE,I,ASN121,I,ASN121,0.0,hydrophobic
source_file/8BPE,I,ASN121,I,ASN121,1.51523,hydrophobic
source_file/8BPE,I,ASN121,I,ASN121,1.327668,other
source_file/8BPE,I,ASN121,I,ASN121,1.2306397,other
source_file/8BPE,I,ASN121,I,ASN121,2.9988844,other
source_file/8BPE,I,ASN121,I,ASN121,2.537874,hydrophobic
source_file/8BPE,I,ASN121,I,ASN121,1.51523,hydrophobic
source_file/8BPE,I,ASN121,I,ASN121,0.0,hydrophobic
source_file/8BPE,I,ASN121,I,ASN121,2.2447438,h_bond
source_file/8BPE,I,ASN121,I,ASN121,0.0,h_bond
source_file/8BPE,I,ASN121,I,ASN121,2.3926828,other
source_file/8BPE,I,ASN121,I,ASN121,1.2306397,other
source_file/8BPE,I,ASN121,I,LEU120,2.8297274,h_bond
source_file/8BPE,I,ASN121,I,ASN121,0.0,h_bond
source_file/8BPE,I,ASN121,I,ASN121,2.2447438,h_bond
source_file/8BPE,I,ASN121,I,ASN121,2.9926157,other
source_file/8BPE,I,ASN121,I,ASN121,2.41933,other
source_file/8BPE,I,ASN121,I,ASN121,1.327668,other
source_file/8BPE,I,VAL122,I,VAL122,2.4843218,other
source_file/8BPE,I,VAL122,I,VAL122,1.457807,other
source_file/8BPE,I,VAL122,I,ASN121,1.3309044,other
source_file/8BPE,I,VAL122,I,ASN121,2.256773,h_bond
source_file/8BPE,I,VAL122,I,VAL122,2.9106498,other
source_file/8BPE,I,VAL122,I,VAL122,0.0,h_bond
source_file/8BPE,I,VAL122,I,VAL122,2.4253004,other
source_file/8BPE,I,VAL122,I,VAL122,2.8025956,h_bond
source_file/8BPE,I,VAL122,I,ASN121,2.4141772,other
source_file/8BPE,I,VAL122,I,VAL122,2.518667,hydrophobic
source_file/8BPE,I,VAL122,I,VAL122,1.5434506,hydrophobic
source_file/8BPE,I,VAL122,I,VAL122,0.0,hydrophobic
source_file/8BPE,I,VAL122,I,ASN121,2.4463546,hydrophobic
source_file/8BPE,I,VAL122,I,ASN121,2.7985833,other
source_file/8BPE,I,VAL122,I,VAL122,2.5256793,hydrophobic
source_file/8BPE,I,VAL122,I,VAL122,1.457807,other
source_file/8BPE,I,VAL122,I,VAL122,1.5227151,hydrophobic
source_file/8BPE,I,VAL122,I,VAL122,2.4030538,other
source_file/8BPE,I,VAL122,I,HIS123,2.4269807,other
source_file/8BPE,I,VAL122,I,VAL122,2.9403212,hydrophobic
source_file/8BPE,I,VAL122,I,VAL122,2.5296075,hydrophobic
source_file/8BPE,I,VAL122,I,VAL122,1.5227151,hydrophobic
source_file/8BPE,I,VAL122,I,VAL122,2.4253004,other
source_file/8BPE,I,VAL122,I,VAL122,0.0,hydrophobic
source_file/8BPE,I,VAL122,I,VAL122,1.2348838,other
source_file/8BPE,I,VAL122,I,HIS123,1.3348634,other
source_file/8BPE,I,VAL122,I,HIS123,2.4523516,hydrophobic
source_file/8BPE,I,VAL122,I,VAL122,2.4030538,other
source_file/8BPE,I,VAL122,I,VAL122,2.8025956,h_bond
source_file/8BPE,I,VAL122,I,VAL122,1.2348838,other
source_file/8BPE,I,VAL122,I,VAL122,0.0,h_bond
source_file/8BPE,I,VAL122,I,HIS123,2.2585998,h_bond
source_file/8BPE,I,VAL122,I,HIS123,2.8003182,other
source_file/8BPE,I,VAL122,I,VAL122,1.5204358,hydrophobic
source_file/8BPE,I,VAL122,I,VAL122,0.0,hydrophobic
source_file/8BPE,I,VAL122,I,VAL122,1.5434506,hydrophobic
source_file/8BPE,I,VAL122,I,VAL122,1.5226853,hydrophobic
source_file/8BPE,I,VAL122,I,VAL122,2.4843218,other
source_file/8BPE,I,VAL122,I,VAL122,2.5296075,hydrophobic
source_file/8BPE,I,VAL122,I,VAL122,2.5066886,hydrophobic
source_file/8BPE,I,VAL122,I,VAL122,1.5226853,hydrophobic
source_file/8BPE,I,VAL122,I,VAL122,2.5256793,hydrophobic
source_file/8BPE,I,VAL122,I,VAL122,0.0,hydrophobic
source_file/8BPE,I,VAL122,I,VAL122,2.9106498,other
source_file/8BPE,I,VAL122,I,VAL122,0.0,hydrophobic
source_file/8BPE,I,VAL122,I,VAL122,1.5204358,hydrophobic
source_file/8BPE,I,VAL122,I,VAL122,2.518667,hydrophobic
source_file/8BPE,I,VAL122,I,VAL122,2.5066886,hydrophobic
source_file/8BPE,I,VAL122,I,VAL122,2.9403212,hydrophobic
source_file/8BPE,I,HIS123,I,VAL122,2.4269807,other
source_file/8BPE,I,HIS123,I,HIS123,2.420729,other
source_file/8BPE,I,HIS123,I,VAL122,1.3348634,other
source_file/8BPE,I,HIS123,I,VAL122,2.2585998,h_bond
source_file/8BPE,I,HIS123,I,HIS123,0.0,h_bond
source_file/8BPE,I,HIS123,I,HIS123,1.4613795,other
source_file/8BPE,I,HIS123,I,HIS123,2.455581,other
source_file/8BPE,I,HIS123,I,HIS123,2.8256516,other
source_file/8BPE,I,HIS123,I,SER124,2.4245677,other
source_file/8BPE,I,HIS123,I,HIS123,1.5253067,hydrophobic
source_file/8BPE,I,HIS123,I,HIS123,2.4166224,other
source_file/8BPE,I,HIS123,I,VAL122,2.4523516,hydrophobic
source_file/8BPE,I,HIS123,I,VAL122,2.8003182,other
source_file/8BPE,I,HIS123,I,HIS123,1.4613795,other
source_file/8BPE,I,HIS123,I,HIS123,0.0,hydrophobic
source_file/8BPE,I,HIS123,I,HIS123,1.524766,hydrophobic
source_file/8BPE,I,HIS123,I,HIS123,2.5302835,hydrophobic
source_file/8BPE,I,HIS123,I,SER124,2.4528856,hydrophobic
source_file/8BPE,I,HIS123,I,SER124,1.3361809,other
source_file/8BPE,I,HIS123,I,HIS123,0.0,hydrophobic
source_file/8BPE,I,HIS123,I,HIS123,1.2312745,other
source_file/8BPE,I,HIS123,I,HIS123,2.420729,other
source_file/8BPE,I,HIS123,I,HIS123,1.5253067,hydrophobic
source_file/8BPE,I,HIS123,I,HIS123,2.5296812,hydrophobic
source_file/8BPE,I,HIS123,I,SER124,2.7575047,other
source_file/8BPE,I,HIS123,I,SER124,2.248072,h_bond
source_file/8BPE,I,HIS123,I,HIS123,1.2312745,other
source_file/8BPE,I,HIS123,I,HIS123,0.0,h_bond
source_file/8BPE,I,HIS123,I,HIS123,2.4166224,other
source_file/8BPE,I,HIS123,I,HIS123,2.806467,other
source_file/8BPE,I,HIS123,I,HIS123,2.5296812,hydrophobic
source_file/8BPE,I,HIS123,I,HIS123,2.806467,other
source_file/8BPE,I,HIS123,I,HIS123,2.455581,other
source_file/8BPE,I,HIS123,I,HIS123,1.524766,hydrophobic
source_file/8BPE,I,HIS123,I,HIS123,0.0,hydrophobic
source_file/8BPE,I,HIS123,I,HIS123,1.4963118,hydrophobic
source_file/8BPE,I,HIS123,I,HIS123,2.597311,hydrophobic
source_file/8BPE,I,HIS123,I,HIS123,2.5235791,other
source_file/8BPE,I,HIS123,I,HIS123,2.8256516,other
source_file/8BPE,I,HIS123,I,HIS123,2.5302835,hydrophobic
source_file/8BPE,I,HIS123,I,HIS123,1.4963118,hydrophobic
source_file/8BPE,I,HIS123,I,HIS123,0.0,hydrophobic
source_file/8BPE,I,HIS123,I,HIS123,1.3545405,hydrophobic
source_file/8BPE,I,HIS123,I,HIS123,1.3789487,other
source_file/8BPE,I,HIS123,I,HIS123,2.19558,other
source_file/8BPE,I,HIS123,I,HIS123,2.2037768,hydrophobic
source_file/8BPE,I,HIS123,I,HIS123,2.5235791,other
source_file/8BPE,I,HIS123,I,HIS123,1.3789487,other
source_file/8BPE,I,HIS123,I,HIS123,2.1842773,other
source_file/8BPE,I,HIS123,I,HIS123,0.0,h_bond
source_file/8BPE,I,HIS123,I,HIS123,2.142191,h_bond
source_file/8BPE,I,HIS123,I,HIS123,1.3212886,other
source_file/8BPE,I,HIS123,I,HIS123,2.597311,hydrophobic
source_file/8BPE,I,HIS123,I,HIS123,1.3545405,hydrophobic
source_file/8BPE,I,HIS123,I,HIS123,0.0,hydrophobic
source_file/8BPE,I,HIS123,I,HIS123,2.1842773,other
source_file/8BPE,I,HIS123,I,HIS123,1.3736346,other
source_file/8BPE,I,HIS123,I,HIS123,2.1933486,hydrophobic
source_file/8BPE,I,HIS123,I,HIS123,2.2037768,hydrophobic
source_file/8BPE,I,HIS123,I,HIS123,2.1933486,hydrophobic
source_file/8BPE,I,HIS123,I,HIS123,1.3212886,other
source_file/8BPE,I,HIS123,I,HIS123,1.3204159,other
source_file/8BPE,I,HIS123,I,HIS123,0.0,hydrophobic
source_file/8BPE,I,HIS123,I,GLU26,2.681807,h_bond
source_file/8BPE,I,HIS123,I,HIS123,2.19558,other
source_file/8BPE,I,HIS123,I,HIS123,1.3736346,other
source_file/8BPE,I,HIS123,I,HIS123,2.142191,h_bond
source_file/8BPE,I,HIS123,I,HIS123,0.0,h_bond
source_file/8BPE,I,HIS123,I,HIS123,1.3204159,other
source_file/8BPE,I,SER124,I,SER124,2.9368591,h_bond
source_file/8BPE,I,SER124,I,SER124,2.4680622,other
source_file/8BPE,I,SER124,I,SER124,2.4694965,other
source_file/8BPE,I,SER124,I,SER124,2.7167656,h_bond
source_file/8BPE,I,SER124,I,SER124,1.4877768,other
source_file/8BPE,I,SER124,I,SER124,0.0,h_bond
source_file/8BPE,I,SER124,I,HIS123,1.3361809,other
source_file/8BPE,I,SER124,I,HIS123,2.248072,h_bond
source_file/8BPE,I,SER124,I,HIS123,2.4245677,other
source_file/8BPE,I,SER124,I,SER124,2.407634,other
source_file/8BPE,I,SER124,I,SER124,1.5057961,hydrophobic
source_file/8BPE,I,SER124,I,SER124,1.5320568,hydrophobic
source_file/8BPE,I,SER124,I,SER124,2.383047,other
source_file/8BPE,I,SER124,I,SER124,0.0,hydrophobic
source_file/8BPE,I,SER124,I,SER124,1.4877768,other
source_file/8BPE,I,SER124,I,HIS123,2.4528856,hydrophobic
source_file/8BPE,I,SER124,I,HIS123,2.7575047,other
source_file/8BPE,I,SER124,I,SER124,2.8822699,other
source_file/8BPE,I,SER124,I,SER124,2.5065334,hydrophobic
source_file/8BPE,I,SER124,I,SER124,0.0,hydrophobic
source_file/8BPE,I,SER124,I,SER124,1.2305659,other
source_file/8BPE,I,SER124,I,SER124,1.5320568,hydrophobic
source_file/8BPE,I,SER124,I,SER124,2.4694965,other
source_file/8BPE,I,SER124,I,SER124,1.2305659,other
source_file/8BPE,I,SER124,I,SER124,0.0,h_bond
source_file/8BPE,I,SER124,I,SER124,2.383047,other
source_file/8BPE,I,SER124,I,SER124,2.7167656,h_bond
source_file/8BPE,I,SER124,I,SER124,1.4194247,other
source_file/8BPE,I,SER124,I,SER124,0.0,hydrophobic
source_file/8BPE,I,SER124,I,SER124,2.5065334,hydrophobic
source_file/8BPE,I,SER124,I,SER124,1.5057961,hydrophobic
source_file/8BPE,I,SER124,I,SER124,2.4680622,other
source_file/8BPE,I,SER124,I,SER124,0.0,h_bond
source_file/8BPE,I,SER124,I,SER124,1.4194247,other
source_file/8BPE,I,SER124,I,SER124,2.8822699,other
source_file/8BPE,I,SER124,I,SER124,2.407634,other
source_file/8BPE,I,SER124,I,SER124,2.9368591,h_bond
source_file/8BPE,L,THR571,I,ARG112,2.7803383,h_bond
source_file/8BPE,L,TYR576,I,MET108,2.9875238,h_bond
source_file/8BPE,D,GLN493,M,MET42,2.9042444,h_bond
source_file/8BPE,D,THR530,M,ARG112,2.5972815,h_bond
source_file/8BPE,E,GLN510,M,ASN66,2.6560242,h_bond
source_file/8BPE,F,LEU466,M,THR110,2.7784383,h_bond
source_file/8BPE,F,LEU466,M,THR60,2.9917955,h_bond
source_file/8BPE,F,GLU468,M,ARG45,2.620981,salt_bridge
source_file/8BPE,F,ARG491,N,HIS43,2.8667374,h_bond
source_file/8BPE,H,LEU466,N,THR110,2.7880082,h_bond
source_file/8BPE,H,LEU466,N,ARG45,2.6946802,h_bond
source_file/8BPE,H,GLU468,N,THR65,2.8537185,h_bond
source_file/8BPE,H,GLU468,N,THR65,2.5947664,h_bond
source_file/8BPE,H,GLU468,N,SER63,2.4941287,h_bond
source_file/8BPE,C,LEU466,O,THR110,2.8620405,h_bond
source_file/8BPE,C,ARG467,O,ASP111,2.884925,salt_bridge
source_file/8BPE,C,GLU468,O,ARG45,2.9218597,salt_bridge
source_file/8BPE,E,ARG491,O,HIS43,2.7052429,h_bond
source_file/8BPE,E,LEU466,P,THR110,2.8154569,h_bond
source_file/8BPE,E,GLU468,P,ARG45,2.7655423,salt_bridge
source_file/8BPE,F,GLN510,P,ASN66,2.9839058,h_bond
source_file/8BPE,G,GLN493,P,MET42,2.9285412,h_bond
source_file/8BPE,G,THR530,P,ARG112,2.7787368,h_bond
source_file/8BPE,G,LEU466,Q,THR110,2.6552346,h_bond
source_file/8BPE,H,ARG514,Q,THR65,2.6382277,h_bond
source_file/8BPE,H,ARG514,Q,ASN66,2.734113,salt_bridge
source_file/8BPE,K,ARG491,Q,MET42,2.849746,h_bond
source_file/8BPE,K,ARG491,Q,MET42,2.8677087,h_bond
source_file/8BPE,K,GLN493,Q,MET42,2.6188438,h_bond
source_file/8BPE,K,GLY531,Q,ARG112,2.964713,other
source_file/8BPE,D,LEU466,R,THR110,2.8551283,h_bond
source_file/8BPE,D,ARG467,R,ASP111,2.8037813,salt_bridge
source_file/8BPE,J,ASP66,S,ARG112,2.6693645,salt_bridge
source_file/8BPE,K,LEU466,S,THR110,2.7152157,h_bond
source_file/8BPG,D,LEU466,A,THR60,2.7999902,h_bond
source_file/8BPG,D,LEU466,A,THR110,2.8196993,h_bond
source_file/8BPG,D,GLU468,A,ARG45,2.7975504,salt_bridge
source_file/8BPG,C,GLN493,B,MET42,2.9539618,h_bond
source_file/8BPG,E,LEU466,B,ARG45,2.9480999,h_bond
source_file/8BPG,E,LEU466,B,THR60,2.791804,h_bond
source_file/8BPG,E,LEU466,B,THR110,2.7980678,h_bond
source_file/8BPG,E,GLU468,B,ARG45,2.816504,salt_bridge
